"company","name","email","website","subject","message","status","niche","phone"
"Annapolis MD","","sam@benchmarkpmgmt.com","https://www.allpropertymanagement.com/property-management/companies/37034/benchmark-property-management-annapolis-md/","had a question about Annapolis MD","Hey, Came across Annapolis MD and wanted to reach out directly. I'm curious: when a homeowner submits a violation or complaint, how does your team keep track of it from that first report all the way to resolution? Still email threads, or do you have something built out? Reason I'm asking is we work with a few HOA firms and that handoff tends to be where things fall through. We put together something pretty simple that keeps it all in one place, and I wanted to see if it's even a problem you're running into. Either way, happy to chat if it's relevant. Gray Horizons Enterprise
grayhorizonsenterprise.com","sent","",""
"Management Trust","","natalie.waldo@managementtrust.com","https://managementtrust.com/contact/ca/folsom-ca/","had a question about Management Trust","Hi, Quick one: how does Management Trust handle it when a community board flags a violation? Is there a system in place or is it mostly managed through email and manual follow-up? I work with HOA management firms to tighten up that process, specifically around tracking and documentation so things don't fall through the cracks between the board and the management team. If that's something you're still piecing together, I'd love to show you what we've built. Takes about 10 minutes to see if it's even relevant to how you operate. Gray Horizons Enterprise
grayhorizonsenterprise.com","sent","","0102301085"
"Personalized","","info@ppminternet.com","https://www.hoappm.com/","had a question about Personalized","Hey, Came across Personalized and wanted to reach out directly. I'm curious: when a homeowner submits a violation or complaint, how does your team keep track of it from that first report all the way to resolution? Still email threads, or do you have something built out? Reason I'm asking is we work with a few HOA firms and that handoff tends to be where things fall through. We put together something pretty simple that keeps it all in one place, and I wanted to see if it's even a problem you're running into. Either way, happy to chat if it's relevant. Gray Horizons Enterprise
grayhorizonsenterprise.com","sent","","1773168650"
"San Diego","","abrumbalow@associa.us","https://www.nnj.com/","how does your team handle this?","Hey, Came across San Diego and wanted to reach out directly. I'm curious: when a homeowner submits a violation or complaint, how does your team keep track of it from that first report all the way to resolution? Still email threads, or do you have something built out? Reason I'm asking is we work with a few HOA firms and that handoff tends to be where things fall through. We put together something pretty simple that keeps it all in one place, and I wanted to see if it's even a problem you're running into. Either way, happy to chat if it's relevant. Gray Horizons Enterprise
grayhorizonsenterprise.com","sent","","2200453873"
"California Association","","info@cacm.org","https://cacm.org/","how do you handle violation tracking?","Hi there, I noticed California Association while doing some research on HOA management firms and wanted to shoot you a quick note. How are you guys currently handling violation notices and compliance documentation across your communities? I ask because it's one of those things that sounds simple but gets messy fast once you're managing more than a handful of associations. We've been helping firms like yours get that process a lot tighter, nothing complicated, just a cleaner way to track things end to end. Worth a 15-minute call if that's something you're actively dealing with. No pressure either way. Gray Horizons Enterprise
grayhorizonsenterprise.com","sent","","1780682309"
"Progressive Inc.","","info@progressive-am.com","https://progressive-am.com/","quick question about your workflow","Hi, Quick one: how does Progressive Inc. handle it when a community board flags a violation? Is there a system in place or is it mostly managed through email and manual follow-up? I work with HOA management firms to tighten up that process, specifically around tracking and documentation so things don't fall through the cracks between the board and the management team. If that's something you're still piecing together, I'd love to show you what we've built. Takes about 10 minutes to see if it's even relevant to how you operate. Gray Horizons Enterprise
grayhorizonsenterprise.com","sent","","1076778852"
"Management Services","","owner@4rentbend.com","https://www.bendpropertymanagement.net/propertymanagement","quick question about your workflow","Hi, Quick one: how does Management Services handle it when a community board flags a violation? Is there a system in place or is it mostly managed through email and manual follow-up? I work with HOA management firms to tighten up that process, specifically around tracking and documentation so things don't fall through the cracks between the board and the management team. If that's something you're still piecing together, I'd love to show you what we've built. Takes about 10 minutes to see if it's even relevant to how you operate. Gray Horizons Enterprise
grayhorizonsenterprise.com","sent","","5416405551"
"Alabama HOA","","bstewart@mckaymanagement.com","https://www.mckaymanagement.com/","how do you handle violation tracking?","Hey, Reached out because I came across Alabama HOA and it looked like you guys are running a real operation, wanted to ask a direct question. When your team gets a violation report or a compliance issue from one of your HOAs, where does it live? Email inbox, shared doc, some software? Or is it still kind of scattered depending on who's handling it? We work with management firms that were dealing with exactly that and helped them get it centralized. Not trying to sell you anything today, just genuinely wanted to know if it's on your radar. Happy to show you what it looks like if you're curious. Gray Horizons Enterprise
grayhorizonsenterprise.com","sent","","8284529929"
"Community","","askus@cmc-management.com","https://www.cmc-management.com/","had a question about Community","Hey, Reached out because I came across Community and it looked like you guys are running a real operation, wanted to ask a direct question. When your team gets a violation report or a compliance issue from one of your HOAs, where does it live? Email inbox, shared doc, some software? Or is it still kind of scattered depending on who's handling it? We work with management firms that were dealing with exactly that and helped them get it centralized. Not trying to sell you anything today, just genuinely wanted to know if it's on your radar. Happy to show you what it looks like if you're curious. Gray Horizons Enterprise
grayhorizonsenterprise.com","sent","","4409290999"
"EJF Real Estate Services","","clientservices@ejfrealestate.com","https://www.ejfrealestate.com/articles/how-technology-can-improve-your-hoa-management-in-washington-dc","how do you handle violation tracking?","Hi, Quick one: how does EJF Real Estate Services handle it when a community board flags a violation? Is there a system in place or is it mostly managed through email and manual follow-up? I work with HOA management firms to tighten up that process, specifically around tracking and documentation so things don't fall through the cracks between the board and the management team. If that's something you're still piecing together, I'd love to show you what we've built. Takes about 10 minutes to see if it's even relevant to how you operate. Gray Horizons Enterprise
grayhorizonsenterprise.com","sent","","1670555093"
"Lighthouse Community Partners, LLC","","filler@godaddy.com","https://lhcommunitypartners.com/","had a question about Lighthouse Community Partners, LLC","Hi, Quick one: how does Lighthouse Community Partners, LLC handle it when a community board flags a violation? Is there a system in place or is it mostly managed through email and manual follow-up? I work with HOA management firms to tighten up that process, specifically around tracking and documentation so things don't fall through the cracks between the board and the management team. If that's something you're still piecing together, I'd love to show you what we've built. Takes about 10 minutes to see if it's even relevant to how you operate. Gray Horizons Enterprise
grayhorizonsenterprise.com","sent","","1973466003"
"Community","","emaciel@associasn.com","https://www.associasn.com/","how does your team handle this?","Hi, Quick one: how does Community handle it when a community board flags a violation? Is there a system in place or is it mostly managed through email and manual follow-up? I work with HOA management firms to tighten up that process, specifically around tracking and documentation so things don't fall through the cracks between the board and the management team. If that's something you're still piecing together, I'd love to show you what we've built. Takes about 10 minutes to see if it's even relevant to how you operate. Gray Horizons Enterprise
grayhorizonsenterprise.com","sent","","1197568436"
"Capstone Realty Consultants, Inc.","","info@capstonetriad.com","https://capstonetriad.com/prospective-hoa-property-management-companies/","Quick question for your team","Hi there, I noticed Capstone Realty Consultants, Inc. while doing some research on HOA management firms and wanted to shoot you a quick note. How are you guys currently handling violation notices and compliance documentation across your communities? I ask because it's one of those things that sounds simple but gets messy fast once you're managing more than a handful of associations. We've been helping firms like yours get that process a lot tighter, nothing complicated, just a cleaner way to track things end to end. Worth a 15-minute call if that's something you're actively dealing with. No pressure either way. Gray Horizons Enterprise
grayhorizonsenterprise.com","sent","","1099833786"
"Community","","claudia.oberthier@associa.us","https://www.associaarizona.com/","how does your team handle this?","Hey, Found Community while looking into firms managing communities on the West Coast, reached out because I had a genuine question. How does your team currently deal with violation management across multiple HOAs? Specifically the documentation side, keeping records, following up, making sure nothing gets dropped. We built something that a few management firms have been using to clean that up. Some were doing it in spreadsheets, some in email, some in a mix of both. Not here to pitch hard, just wanted to see if it's a headache you're familiar with. Let me know if it's worth talking. Gray Horizons Enterprise
grayhorizonsenterprise.com","sent","","1109761109"
"Amcor","","jnelson@amcorprop.com","https://amcorprop.com/","had a question about Amcor","Hey, Found Amcor while looking into firms managing communities on the West Coast, reached out because I had a genuine question. How does your team currently deal with violation management across multiple HOAs? Specifically the documentation side, keeping records, following up, making sure nothing gets dropped. We built something that a few management firms have been using to clean that up. Some were doing it in spreadsheets, some in email, some in a mix of both. Not here to pitch hard, just wanted to see if it's a headache you're familiar with. Let me know if it's worth talking. Gray Horizons Enterprise
grayhorizonsenterprise.com","sent","","6354993667"
"Arizona Association","","events@aacm.com","https://www.aacm.com/","Quick question for your team","Hi there, I noticed Arizona Association while doing some research on HOA management firms and wanted to shoot you a quick note. How are you guys currently handling violation notices and compliance documentation across your communities? I ask because it's one of those things that sounds simple but gets messy fast once you're managing more than a handful of associations. We've been helping firms like yours get that process a lot tighter, nothing complicated, just a cleaner way to track things end to end. Worth a 15-minute call if that's something you're actively dealing with. No pressure either way. Gray Horizons Enterprise
grayhorizonsenterprise.com","sent","","1768231305"
"Consulting","","services@communitymanagementaz.com","https://communitymanagementaz.com/","had a question about Consulting","Hey, Reached out because I came across Consulting and it looked like you guys are running a real operation, wanted to ask a direct question. When your team gets a violation report or a compliance issue from one of your HOAs, where does it live? Email inbox, shared doc, some software? Or is it still kind of scattered depending on who's handling it? We work with management firms that were dealing with exactly that and helped them get it centralized. Not trying to sell you anything today, just genuinely wanted to know if it's on your radar. Happy to show you what it looks like if you're curious. Gray Horizons Enterprise
grayhorizonsenterprise.com","sent","","6029432384"
"Align Community Mgmt","","reception@alignaz.com","https://www.alignaz.com/","how does your team handle this?","Hey, Came across Align Community Mgmt and wanted to reach out directly. I'm curious: when a homeowner submits a violation or complaint, how does your team keep track of it from that first report all the way to resolution? Still email threads, or do you have something built out? Reason I'm asking is we work with a few HOA firms and that handoff tends to be where things fall through. We put together something pretty simple that keeps it all in one place, and I wanted to see if it's even a problem you're running into. Either way, happy to chat if it's relevant. Gray Horizons Enterprise
grayhorizonsenterprise.com","sent","","2545352419"
"Utah Chapter","","info@uccai.com","https://uccai.com/blog/5-community-association-management-trends-watch-2024","how does your team handle this?","Hey, Reached out because I came across Utah Chapter and it looked like you guys are running a real operation, wanted to ask a direct question. When your team gets a violation report or a compliance issue from one of your HOAs, where does it live? Email inbox, shared doc, some software? Or is it still kind of scattered depending on who's handling it? We work with management firms that were dealing with exactly that and helped them get it centralized. Not trying to sell you anything today, just genuinely wanted to know if it's on your radar. Happy to show you what it looks like if you're curious. Gray Horizons Enterprise
grayhorizonsenterprise.com","sent","","1176824466"
"Community","","bc@associamexico.com","https://www.associamexico.com/","how do you handle violation tracking?","Hey, Came across Community and wanted to reach out directly. I'm curious: when a homeowner submits a violation or complaint, how does your team keep track of it from that first report all the way to resolution? Still email threads, or do you have something built out? Reason I'm asking is we work with a few HOA firms and that handoff tends to be where things fall through. We put together something pretty simple that keeps it all in one place, and I wanted to see if it's even a problem you're running into. Either way, happy to chat if it's relevant. Gray Horizons Enterprise
grayhorizonsenterprise.com","sent","","1097310238"
"Elevate Your Community Experience","","management@mgm.replypro.homes","https://www.gomgm.com/","had a question about Elevate Your Community Experience","Hey, Reached out because I came across Elevate Your Community Experience and it looked like you guys are running a real operation, wanted to ask a direct question. When your team gets a violation report or a compliance issue from one of your HOAs, where does it live? Email inbox, shared doc, some software? Or is it still kind of scattered depending on who's handling it? We work with management firms that were dealing with exactly that and helped them get it centralized. Not trying to sell you anything today, just genuinely wanted to know if it's on your radar. Happy to show you what it looks like if you're curious. Gray Horizons Enterprise
grayhorizonsenterprise.com","sent","","8641846212"
"Iron Eagle","","officestaff@ironeaglepm.com","https://ironeaglepm.com/hoa-management","Quick question for your team","Hi there, I noticed Iron Eagle while doing some research on HOA management firms and wanted to shoot you a quick note. How are you guys currently handling violation notices and compliance documentation across your communities? I ask because it's one of those things that sounds simple but gets messy fast once you're managing more than a handful of associations. We've been helping firms like yours get that process a lot tighter, nothing complicated, just a cleaner way to track things end to end. Worth a 15-minute call if that's something you're actively dealing with. No pressure either way. Gray Horizons Enterprise
grayhorizonsenterprise.com","sent","","3333333333"
"HOALiving","","manager@hoaliving.com","https://www.hoaliving.com/idaho/","how does your team handle this?","Hey, Found HOALiving while looking into firms managing communities on the West Coast, reached out because I had a genuine question. How does your team currently deal with violation management across multiple HOAs? Specifically the documentation side, keeping records, following up, making sure nothing gets dropped. We built something that a few management firms have been using to clean that up. Some were doing it in spreadsheets, some in email, some in a mix of both. Not here to pitch hard, just wanted to see if it's a headache you're familiar with. Let me know if it's worth talking. Gray Horizons Enterprise
grayhorizonsenterprise.com","sent","","2087010465"
"Management One","","info@managementoneidaho.com","https://www.managementoneidaho.com/hoa-management","had a question about Management One","Hey, Reached out because I came across Management One and it looked like you guys are running a real operation, wanted to ask a direct question. When your team gets a violation report or a compliance issue from one of your HOAs, where does it live? Email inbox, shared doc, some software? Or is it still kind of scattered depending on who's handling it? We work with management firms that were dealing with exactly that and helped them get it centralized. Not trying to sell you anything today, just genuinely wanted to know if it's on your radar. Happy to show you what it looks like if you're curious. Gray Horizons Enterprise
grayhorizonsenterprise.com","sent","","2545352419"
"Neighborhood Management Inc","","nmi@neighborhoodmanagement.com","https://neighborhoodmanagement.com/","how do you handle violation tracking?","Hi, Quick one: how does Neighborhood Management Inc handle it when a community board flags a violation? Is there a system in place or is it mostly managed through email and manual follow-up? I work with HOA management firms to tighten up that process, specifically around tracking and documentation so things don't fall through the cracks between the board and the management team. If that's something you're still piecing together, I'd love to show you what we've built. Takes about 10 minutes to see if it's even relevant to how you operate. Gray Horizons Enterprise
grayhorizonsenterprise.com","sent","","6970373835"
"NMSAE","","jespinoza.kw@gmail.com","https://www.nmsae.org/","how does your team handle this?","Hey, Reached out because I came across NMSAE and it looked like you guys are running a real operation, wanted to ask a direct question. When your team gets a violation report or a compliance issue from one of your HOAs, where does it live? Email inbox, shared doc, some software? Or is it still kind of scattered depending on who's handling it? We work with management firms that were dealing with exactly that and helped them get it centralized. Not trying to sell you anything today, just genuinely wanted to know if it's on your radar. Happy to show you what it looks like if you're curious. Gray Horizons Enterprise
grayhorizonsenterprise.com","sent","","3450468367"
"PARTNERS","","info@partnerscm.com","https://partnerscm.com/","how does your team handle this?","Hi there, I noticed PARTNERS while doing some research on HOA management firms and wanted to shoot you a quick note. How are you guys currently handling violation notices and compliance documentation across your communities? I ask because it's one of those things that sounds simple but gets messy fast once you're managing more than a handful of associations. We've been helping firms like yours get that process a lot tighter, nothing complicated, just a cleaner way to track things end to end. Worth a 15-minute call if that's something you're actively dealing with. No pressure either way. Gray Horizons Enterprise
grayhorizonsenterprise.com","sent","","6265293918"
"HOA UNLIMITED","","info@hoaunlimited.com","https://www.hoaunlimited.com/","how does your team handle this?","Hi there, I noticed HOA UNLIMITED while doing some research on HOA management firms and wanted to shoot you a quick note. How are you guys currently handling violation notices and compliance documentation across your communities? I ask because it's one of those things that sounds simple but gets messy fast once you're managing more than a handful of associations. We've been helping firms like yours get that process a lot tighter, nothing complicated, just a cleaner way to track things end to end. Worth a 15-minute call if that's something you're actively dealing with. No pressure either way. Gray Horizons Enterprise
grayhorizonsenterprise.com","sent","","2545352419"
"Citadel Properties","","geoff@citadelproperties.com","https://citadelproperties.com/","quick question about your workflow","Hey, Found Citadel Properties while looking into firms managing communities on the West Coast, reached out because I had a genuine question. How does your team currently deal with violation management across multiple HOAs? Specifically the documentation side, keeping records, following up, making sure nothing gets dropped. We built something that a few management firms have been using to clean that up. Some were doing it in spreadsheets, some in email, some in a mix of both. Not here to pitch hard, just wanted to see if it's a headache you're familiar with. Let me know if it's worth talking. Gray Horizons Enterprise
grayhorizonsenterprise.com","sent","","1778704119"
"Sacramento","","w.constructify@gmail.com","https://sacramentohoamanagement.com/","how do you handle violation tracking?","Hi there, I noticed Sacramento while doing some research on HOA management firms and wanted to shoot you a quick note. How are you guys currently handling violation notices and compliance documentation across your communities? I ask because it's one of those things that sounds simple but gets messy fast once you're managing more than a handful of associations. We've been helping firms like yours get that process a lot tighter, nothing complicated, just a cleaner way to track things end to end. Worth a 15-minute call if that's something you're actively dealing with. No pressure either way. Gray Horizons Enterprise
grayhorizonsenterprise.com","sent","","9166560272"
"Avey","","contact@avey-group.com","https://www.avey-mgmt.com/hoa-management","had a question about Avey","Hi there, I noticed Avey while doing some research on HOA management firms and wanted to shoot you a quick note. How are you guys currently handling violation notices and compliance documentation across your communities? I ask because it's one of those things that sounds simple but gets messy fast once you're managing more than a handful of associations. We've been helping firms like yours get that process a lot tighter, nothing complicated, just a cleaner way to track things end to end. Worth a 15-minute call if that's something you're actively dealing with. No pressure either way. Gray Horizons Enterprise
grayhorizonsenterprise.com","sent","","3141925352"
"MKJ Company","","mike@mkjco.com","https://mkjco.com/","had a question about MKJ Company","Hi, Quick one: how does MKJ Company handle it when a community board flags a violation? Is there a system in place or is it mostly managed through email and manual follow-up? I work with HOA management firms to tighten up that process, specifically around tracking and documentation so things don't fall through the cracks between the board and the management team. If that's something you're still piecing together, I'd love to show you what we've built. Takes about 10 minutes to see if it's even relevant to how you operate. Gray Horizons Enterprise
grayhorizonsenterprise.com","sent","","7758539056"
"We efficiently manage your community","","HOA@adamllc.com","https://adamllc.com/","had a question about We efficiently manage your community","Hi, Quick one: how does We efficiently manage your community handle it when a community board flags a violation? Is there a system in place or is it mostly managed through email and manual follow-up? I work with HOA management firms to tighten up that process, specifically around tracking and documentation so things don't fall through the cracks between the board and the management team. If that's something you're still piecing together, I'd love to show you what we've built. Takes about 10 minutes to see if it's even relevant to how you operate. Gray Horizons Enterprise
grayhorizonsenterprise.com","sent","","1780694306"
"Focus","","chris@appsoftdev.com","https://focushoa.com/city-of-scottsdale/","quick question about your workflow","Hi there, I noticed Focus while doing some research on HOA management firms and wanted to shoot you a quick note. How are you guys currently handling violation notices and compliance documentation across your communities? I ask because it's one of those things that sounds simple but gets messy fast once you're managing more than a handful of associations. We've been helping firms like yours get that process a lot tighter, nothing complicated, just a cleaner way to track things end to end. Worth a 15-minute call if that's something you're actively dealing with. No pressure either way. Gray Horizons Enterprise
grayhorizonsenterprise.com","sent","","3333333333"
"Salt City Co.","","info@saltcitypmc.com","https://saltcitypmc.com/hoa-property-management-services/","how does your team handle this?","Hey, Found Salt City Co. while looking into firms managing communities on the West Coast, reached out because I had a genuine question. How does your team currently deal with violation management across multiple HOAs? Specifically the documentation side, keeping records, following up, making sure nothing gets dropped. We built something that a few management firms have been using to clean that up. Some were doing it in spreadsheets, some in email, some in a mix of both. Not here to pitch hard, just wanted to see if it's a headache you're familiar with. Let me know if it's worth talking. Gray Horizons Enterprise
grayhorizonsenterprise.com","sent","","5433916269"
"Alliance Management Partners","","patrick@ampmyhoa.com","https://www.ampmyhoa.com/","how do you handle violation tracking?","Hey, Found Alliance Management Partners while looking into firms managing communities on the West Coast, reached out because I had a genuine question. How does your team currently deal with violation management across multiple HOAs? Specifically the documentation side, keeping records, following up, making sure nothing gets dropped. We built something that a few management firms have been using to clean that up. Some were doing it in spreadsheets, some in email, some in a mix of both. Not here to pitch hard, just wanted to see if it's a headache you're familiar with. Let me know if it's worth talking. Gray Horizons Enterprise
grayhorizonsenterprise.com","sent","",""
"HOA Administration","","info.boise@homeriver.com","https://www.boise-propertymanagement.com/hoa-administration","quick question about your workflow","Hey, Came across HOA Administration and wanted to reach out directly. I'm curious: when a homeowner submits a violation or complaint, how does your team keep track of it from that first report all the way to resolution? Still email threads, or do you have something built out? Reason I'm asking is we work with a few HOA firms and that handoff tends to be where things fall through. We put together something pretty simple that keeps it all in one place, and I wanted to see if it's even a problem you're running into. Either way, happy to chat if it's relevant. Gray Horizons Enterprise
grayhorizonsenterprise.com","sent","","2086000708"
"Boise You Can Trust","","paul@pmitreasurevalley.com","https://www.boiseassociationmanagementinc.com/","how do you handle violation tracking?","Hey, Found Boise You Can Trust while looking into firms managing communities on the West Coast, reached out because I had a genuine question. How does your team currently deal with violation management across multiple HOAs? Specifically the documentation side, keeping records, following up, making sure nothing gets dropped. We built something that a few management firms have been using to clean that up. Some were doing it in spreadsheets, some in email, some in a mix of both. Not here to pitch hard, just wanted to see if it's a headache you're familiar with. Let me know if it's worth talking. Gray Horizons Enterprise
grayhorizonsenterprise.com","sent","","2089925100"
"Professionals Inc","","info@hoamanagepro.com","https://hoamanagepro.com/","had a question about Professionals Inc","Hi, Quick one: how does Professionals Inc handle it when a community board flags a violation? Is there a system in place or is it mostly managed through email and manual follow-up? I work with HOA management firms to tighten up that process, specifically around tracking and documentation so things don't fall through the cracks between the board and the management team. If that's something you're still piecing together, I'd love to show you what we've built. Takes about 10 minutes to see if it's even relevant to how you operate. Gray Horizons Enterprise
grayhorizonsenterprise.com","sent","","8182406515"
"Advance Denver","","clientservices@advancehoa.com","https://www.advancehoa.com/hoa-management-services/","had a question about Advance Denver","Hey, Reached out because I came across Advance Denver and it looked like you guys are running a real operation, wanted to ask a direct question. When your team gets a violation report or a compliance issue from one of your HOAs, where does it live? Email inbox, shared doc, some software? Or is it still kind of scattered depending on who's handling it? We work with management firms that were dealing with exactly that and helped them get it centralized. Not trying to sell you anything today, just genuinely wanted to know if it's on your radar. Happy to show you what it looks like if you're curious. Gray Horizons Enterprise
grayhorizonsenterprise.com","sent","","4237425819"
"Solutions","","info@hoasolutions.info","https://www.hoasolutions.com/","quick question about your workflow","Hi there, I noticed Solutions while doing some research on HOA management firms and wanted to shoot you a quick note. How are you guys currently handling violation notices and compliance documentation across your communities? I ask because it's one of those things that sounds simple but gets messy fast once you're managing more than a handful of associations. We've been helping firms like yours get that process a lot tighter, nothing complicated, just a cleaner way to track things end to end. Worth a 15-minute call if that's something you're actively dealing with. No pressure either way. Gray Horizons Enterprise
grayhorizonsenterprise.com","sent","","8013412999"
"Management Services","","bob.johnson@integratedmtn.com","https://www.integratedmountain.com/community-association","how does your team handle this?","Hey, Came across Management Services and wanted to reach out directly. I'm curious: when a homeowner submits a violation or complaint, how does your team keep track of it from that first report all the way to resolution? Still email threads, or do you have something built out? Reason I'm asking is we work with a few HOA firms and that handoff tends to be where things fall through. We put together something pretty simple that keeps it all in one place, and I wanted to see if it's even a problem you're running into. Either way, happy to chat if it's relevant. Gray Horizons Enterprise
grayhorizonsenterprise.com","sent","","1192362551"
"HVAC contractor license requirements","","pr@insureon.com","https://www.insureon.com/blog/hvac-contractor-licensing-requirements","Quick question","Hi,

The average HVAC company loses $45,000-$120,000 per year to missed and unreturned calls. Most owners don't realize it because there's no system tracking what's being lost.

We fix that. I can show you exactly what it looks like for a shop your size in 20 minutes.

https://grayhorizonsenterprise.com

Gray Horizons Enterprise","skipped","hvac","2473951522"
"Midwest","","bestmarkinsurers@ambest.com","https://www.midins.com/ContactUs.php","Quick question","Hi,

Quick question for you - when a new patient submits a form on your website at 8pm on a Tuesday, what happens to that inquiry?

If it sits until the next morning, research shows 78% of those patients have already booked somewhere else by the time you call back.

We fix that with an automated follow-up system. Three practices we've set this up for saw immediate increases in new patient bookings in the first 30 days.

Worth 20 minutes to see the setup? https://grayhorizonsenterprise.com.

Gray Horizons Enterprise","skipped","dental","8666422567"
"HOA Accounting Services","","info@hoa-accounting.com","https://hoa-accounting.com/contact-us/","Something we built for HOA teams","Gray Horizons Enterprise here.

The gap between a homeowner filing a report and that violation being fully resolved is where HOA teams take on the most risk.

We built a system that locks that gap down - every step tracked, documented, and followed up automatically.

I can get you set up in about a week. Let me know and I'll show you exactly how it works.

Gray Horizons Enterprise
https://grayhorizonsenterprise.com","skipped","hoa","9253322200"
"Financial Services in New York","","info@financialadvisoryfirms.com","http://www.financialadvisoryfirms.com/financial-advisors-in-New+York/Financial+Services","Process question","Hey,

When a board member asks for a status update on an open violation, how long does it take your team to pull that together?

We've been working on cutting that time down. Happy to show you what we built if it's relevant.

Gray Horizons Enterprise
https://grayhorizonsenterprise.com","skipped","hoa",""
"Slaton Financial Services","","info@slatonfs.com","https://slatonfs.com/hoa-fraud-assessment/","Process question","Gray Horizons Enterprise here.

The biggest issue we keep seeing with HOA teams is violations getting lost between report, board review, and resolution.

We built a system that locks that entire process down so nothing slips through.

If you want, I can walk you through it and get something similar set up for you quickly.

Gray Horizons Enterprise
https://grayhorizonsenterprise.com","skipped","hoa","1549360383"
"HVAC License Requirements for California","","info@suncoastinsurance.com","https://www.suncoastinsurance.com/blog/hvac-license-requirements-for-california","Question for you","Hey,

Most HVAC owners I talk to say the same thing - the jobs they lose aren't from bad work, they're from slow follow-up. Estimate sent, no response, job goes to whoever follows up first.

We built an automated system that follows up on every open estimate and every missed inquiry without anyone on your team having to do it manually.

If that sounds like something worth looking at, grab a time here: https://grayhorizonsenterprise.com.

Gray Horizons Enterprise","skipped","hvac","8772404678"
"-kppm.com","","domain.operations@web.com","http://kppm.com.ayouweb.com/","Quick question","
We offer a 7-day free trial. No cost, no contract. You see it running before committing to anything.
Gray Horizons Enterprise here.

Violation follow-up is where most HOA teams lose time - the documentation exists but pulling it together for a board review or audit takes way longer than it should.

We fixed that for a handful of firms and now it runs on its own.

I can walk you through the setup this week and show you what it looks like in practice.

Gray Horizons Enterprise

To opt out of future emails, reply with REMOVE.
https://calendly.com/grayhorizonsenterprise/30min","sent","hoa",""
"FINANCIAL & ADMINISTRATIVE SERVICES","","rich@calassoc-hoa.com","https://www.calassoc-hoa.com/homeowners-association/hoa-samm-management/","How do you handle this?","Hey,

Quick question - when a violation gets reported, what does your process look like from that initial report to final resolution? Is there a system tracking each step or is it mostly email threads?

That gap is where most HOA teams run into problems.


We offer a 7-day free trial. No cost, no contract. You see it running before committing to anything.
Gray Horizons Enterprise

To opt out of future emails, reply with REMOVE.
https://calendly.com/grayhorizonsenterprise/30min","sent","hoa",""
"Empire Community Management","","manager@ecmhoa.net","https://empirecommunitymgmt.com/","Quick question","
We offer a 7-day free trial. No cost, no contract. You see it running before committing to anything.
Gray Horizons Enterprise here.

Straight to it - we help HOA management teams stop losing violations in the handoff between report, tracking, and resolution.

Most teams we work with had it happening constantly and didn't realize how much time it was costing.

I can show you exactly how we fixed it this week if you want to see it.

Gray Horizons Enterprise

To opt out of future emails, reply with REMOVE.
https://calendly.com/grayhorizonsenterprise/30min","sent","hoa",""
"ERA Brokers","","bmurray@erabrokers.com","https://erabrokers.com/real-estate/login","Something we built for HOA teams","Hey,

Quick question - when a violation gets reported, what does your process look like from that initial report to final resolution? Is there a system tracking each step or is it mostly email threads?

That gap is where most HOA teams run into problems.


We offer a 7-day free trial. No cost, no contract. You see it running before committing to anything.
Gray Horizons Enterprise

To opt out of future emails, reply with REMOVE.
https://calendly.com/grayhorizonsenterprise/30min","sent","hoa",""
"Colorado HOA Management","","eric@hoa-finance.com","https://www.colorado-hoa-management.com/contact-us","Quick question","Hey,

When a board member asks for a status update on an open violation, how long does it take your team to pull that together?

We've been working on cutting that time down. Happy to show you what we built if it's relevant.


We offer a 7-day free trial. No cost, no contract. You see it running before committing to anything.
Gray Horizons Enterprise

To opt out of future emails, reply with REMOVE.
https://calendly.com/grayhorizonsenterprise/30min","sent","hoa",""
"Warren Management","","contactus@warrenmgmt.com","https://warrenmgmt.com/","Something we built for HOA teams","
We offer a 7-day free trial. No cost, no contract. You see it running before committing to anything.
Gray Horizons Enterprise here.

The gap between a homeowner filing a report and that violation being fully resolved is where HOA teams take on the most risk.

We built a system that locks that gap down - every step tracked, documented, and followed up automatically.

I can get you set up in about a week. Let me know and I'll show you exactly how it works.

Gray Horizons Enterprise

To opt out of future emails, reply with REMOVE.
https://calendly.com/grayhorizonsenterprise/30min","sent","hoa",""
"Community & HOA Management Services","","HelpMeChicagoland@associa.us","https://www.associachicagoland.com/","Something we built for HOA teams","
We offer a 7-day free trial. No cost, no contract. You see it running before committing to anything.
Gray Horizons Enterprise here.

The biggest issue we keep seeing with HOA teams is violations getting lost between report, board review, and resolution.

We built a system that locks that entire process down so nothing slips through.

If you want, I can walk you through it and get something similar set up for you quickly.

Gray Horizons Enterprise

To opt out of future emails, reply with REMOVE.
https://calendly.com/grayhorizonsenterprise/30min","sent","hoa",""
"Association Property Management, INC.","","receptionist@assnpropmgmt.com","https://assnpropmgmt.com/","Process question","
We offer a 7-day free trial. No cost, no contract. You see it running before committing to anything.
Gray Horizons Enterprise here.

Straight to it - we help HOA management teams stop losing violations in the handoff between report, tracking, and resolution.

Most teams we work with had it happening constantly and didn't realize how much time it was costing.

I can show you exactly how we fixed it this week if you want to see it.

Gray Horizons Enterprise

To opt out of future emails, reply with REMOVE.
https://calendly.com/grayhorizonsenterprise/30min","sent","hoa",""
"Midwest Compliance Associates","","solutions@mwcompliance.com","https://midwestcomplianceassociates.com/what-will-the-new-administration-bring/","Quick question","
We offer a 7-day free trial. No cost, no contract. You see it running before committing to anything.
Gray Horizons Enterprise here.

The biggest issue we keep seeing with HOA teams is violations getting lost between report, board review, and resolution.

We built a system that locks that entire process down so nothing slips through.

If you want, I can walk you through it and get something similar set up for you quickly.

Gray Horizons Enterprise

To opt out of future emails, reply with REMOVE.
https://calendly.com/grayhorizonsenterprise/30min","sent","hoa",""
"Addendum to Lease","","tlove@tjlovejr.com","https://www.contractscounsel.com/t/us/addendum-to-lease","Something we built for HOA teams","Hey,

When a board member asks for a status update on an open violation, how long does it take your team to pull that together?

We've been working on cutting that time down. Happy to show you what we built if it's relevant.


We offer a 7-day free trial. No cost, no contract. You see it running before committing to anything.
Gray Horizons Enterprise

To opt out of future emails, reply with REMOVE.
https://calendly.com/grayhorizonsenterprise/30min","sent","hoa",""
"Commitment to Community-CAMCO Cares!","","contactus@camconevada.com","https://camconevada.com/","Process question","
We offer a 7-day free trial. No cost, no contract. You see it running before committing to anything.
Gray Horizons Enterprise here.

HOA teams we've worked with had the same problem - violations documented at the start, then lost somewhere between board review and resolution.

We built a system that tracks the full lifecycle automatically so nothing slips.

I can show you exactly how it works and get it running for your team this week.

Gray Horizons Enterprise

To opt out of future emails, reply with REMOVE.
https://calendly.com/grayhorizonsenterprise/30min","sent","hoa",""
"Welcome to Southeastern HOA Management, LLC","","HOAAdmins@BlockRealty.com","https://www.southeasternhoa.com/","How do you handle this?","
We offer a 7-day free trial. No cost, no contract. You see it running before committing to anything.
Gray Horizons Enterprise here.

Violation follow-up is where most HOA teams lose time - the documentation exists but pulling it together for a board review or audit takes way longer than it should.

We fixed that for a handful of firms and now it runs on its own.

I can walk you through the setup this week and show you what it looks like in practice.

Gray Horizons Enterprise

To opt out of future emails, reply with REMOVE.
https://calendly.com/grayhorizonsenterprise/30min","sent","hoa",""
"Community & HOA Management Services","","jackie.thermidor@associa.us","https://www.communityservices.com/","Process question","Hey,

When a board member asks for a status update on an open violation, how long does it take your team to pull that together?

We've been working on cutting that time down. Happy to show you what we built if it's relevant.


We offer a 7-day free trial. No cost, no contract. You see it running before committing to anything.
Gray Horizons Enterprise

To opt out of future emails, reply with REMOVE.
https://calendly.com/grayhorizonsenterprise/30min","sent","hoa",""
"Denali Property Management","","denalipropertymanagementinc@denalipm.com","https://www.denalipm.com/","How do you handle this?","Hey,

When a board member asks for a status update on an open violation, how long does it take your team to pull that together?

We've been working on cutting that time down. Happy to show you what we built if it's relevant.


We offer a 7-day free trial. No cost, no contract. You see it running before committing to anything.
Gray Horizons Enterprise

To opt out of future emails, reply with REMOVE.
https://calendly.com/grayhorizonsenterprise/30min","sent","hoa",""
"GEM Property Management, Inc.","","Manager@GEMmgmt.com","https://gemmgmt.com/","Process question","Hey,

When a board member asks for a status update on an open violation, how long does it take your team to pull that together?

We've been working on cutting that time down. Happy to show you what we built if it's relevant.


We offer a 7-day free trial. No cost, no contract. You see it running before committing to anything.
Gray Horizons Enterprise

To opt out of future emails, reply with REMOVE.
https://calendly.com/grayhorizonsenterprise/30min","sent","hoa",""
"https://connecticut.grantwatch.com","","ransel@bvhconsultants.com","https://connecticut.grantwatch.com/grant/180070/fundraising-opportunity-for-connecticut-nonprofits-serving-the-community-in-eligible-regions.html","How do you handle this?","
We offer a 7-day free trial. No cost, no contract. You see it running before committing to anything.
Gray Horizons Enterprise here.

The biggest issue we keep seeing with HOA teams is violations getting lost between report, board review, and resolution.

We built a system that locks that entire process down so nothing slips through.

If you want, I can walk you through it and get something similar set up for you quickly.

Gray Horizons Enterprise

To opt out of future emails, reply with REMOVE.
https://calendly.com/grayhorizonsenterprise/30min","sent","hoa",""
"Clagett Enterprises, Inc.","","hfield@clagett.com","https://www.clagett.com/what-we-do/hoa-and-condominium-management/","Something we built for HOA teams","
We offer a 7-day free trial. No cost, no contract. You see it running before committing to anything.
Gray Horizons Enterprise here.

HOA teams we've worked with had the same problem - violations documented at the start, then lost somewhere between board review and resolution.

We built a system that tracks the full lifecycle automatically so nothing slips.

I can show you exactly how it works and get it running for your team this week.

Gray Horizons Enterprise

To opt out of future emails, reply with REMOVE.
https://calendly.com/grayhorizonsenterprise/30min","sent","hoa",""
"R&D Property Management of WNY","","Cindy@rdwny.com","https://rdmanagementofwny.com/","How do you handle this?","Hey,

Quick question - when a violation gets reported, what does your process look like from that initial report to final resolution? Is there a system tracking each step or is it mostly email threads?

That gap is where most HOA teams run into problems.


We offer a 7-day free trial. No cost, no contract. You see it running before committing to anything.
Gray Horizons Enterprise

To opt out of future emails, reply with REMOVE.
https://calendly.com/grayhorizonsenterprise/30min","sent","hoa",""
"Ciminelli Real Estate","","ciminellipittsburgh@ciminelli.com","https://www.ciminelli.com/services/hoa-management/","Quick question","
We offer a 7-day free trial. No cost, no contract. You see it running before committing to anything.
Gray Horizons Enterprise here.

Most HOA teams we've worked with were losing track of violations between the initial report and final resolution.

We fixed that with a simple system that handles tracking and follow-ups automatically.

If this is even slightly an issue on your side, I can show you exactly how we set it up this week.

Gray Horizons Enterprise

To opt out of future emails, reply with REMOVE.
https://calendly.com/grayhorizonsenterprise/30min","sent","hoa",""
"Condominium & HOA Management Services","","djones@thedartmouthgroup.com","https://www.thedartmouthgroup.com/","Process question","
We offer a 7-day free trial. No cost, no contract. You see it running before committing to anything.
Gray Horizons Enterprise here.

The gap between a homeowner filing a report and that violation being fully resolved is where HOA teams take on the most risk.

We built a system that locks that gap down - every step tracked, documented, and followed up automatically.

I can get you set up in about a week. Let me know and I'll show you exactly how it works.

Gray Horizons Enterprise

To opt out of future emails, reply with REMOVE.
https://calendly.com/grayhorizonsenterprise/30min","sent","hoa",""
"Barkan Companies","","corporate@barkanco.com","https://www.barkanco.com/","Something we built for HOA teams","Hey,

When a board member asks for a status update on an open violation, how long does it take your team to pull that together?

We've been working on cutting that time down. Happy to show you what we built if it's relevant.


We offer a 7-day free trial. No cost, no contract. You see it running before committing to anything.
Gray Horizons Enterprise

To opt out of future emails, reply with REMOVE.
https://calendly.com/grayhorizonsenterprise/30min","sent","hoa",""
"Community & HOA Management Services","","edward.corless@associa.us","https://www.associacarolinas.com/","Quick question","
We offer a 7-day free trial. No cost, no contract. You see it running before committing to anything.
Gray Horizons Enterprise here.

Violation follow-up is where most HOA teams lose time - the documentation exists but pulling it together for a board review or audit takes way longer than it should.

We fixed that for a handful of firms and now it runs on its own.

I can walk you through the setup this week and show you what it looks like in practice.

Gray Horizons Enterprise

To opt out of future emails, reply with REMOVE.
https://calendly.com/grayhorizonsenterprise/30min","sent","hoa",""
"Amshoa","","ams@amshoa.com","https://amshoa.com/","Process question","
We offer a 7-day free trial. No cost, no contract. You see it running before committing to anything.
Gray Horizons Enterprise here.

Violation follow-up is where most HOA teams lose time - the documentation exists but pulling it together for a board review or audit takes way longer than it should.

We fixed that for a handful of firms and now it runs on its own.

I can walk you through the setup this week and show you what it looks like in practice.

Gray Horizons Enterprise

To opt out of future emails, reply with REMOVE.
https://calendly.com/grayhorizonsenterprise/30min","sent","hoa",""
"HOA, Gated, and Master-Planned Community Services","","janea@waccamawmanagement.com","https://www.waccamawmanagement.com/","Process question","
We offer a 7-day free trial. No cost, no contract. You see it running before committing to anything.
Gray Horizons Enterprise here.

Straight to it - we help HOA management teams stop losing violations in the handoff between report, tracking, and resolution.

Most teams we work with had it happening constantly and didn't realize how much time it was costing.

I can show you exactly how we fixed it this week if you want to see it.

Gray Horizons Enterprise

To opt out of future emails, reply with REMOVE.
https://calendly.com/grayhorizonsenterprise/30min","sent","hoa",""
"A Balanced Look","","kathy@newviewrealtyllc.com","https://www.newviewrealtyllc.com/blog/the-pros-and-cons-of-living-in-a-homeowners-association-hoa","Process question","
We offer a 7-day free trial. No cost, no contract. You see it running before committing to anything.
Gray Horizons Enterprise here.

Most HOA teams we've worked with were losing track of violations between the initial report and final resolution.

We fixed that with a simple system that handles tracking and follow-ups automatically.

If this is even slightly an issue on your side, I can show you exactly how we set it up this week.

Gray Horizons Enterprise

To opt out of future emails, reply with REMOVE.
https://calendly.com/grayhorizonsenterprise/30min","sent","hoa",""
"William Douglas Management","","hoa@wmdouglas.com","https://wmdouglas.com/","Process question","Hey,

When a board member asks for a status update on an open violation, how long does it take your team to pull that together?

We've been working on cutting that time down. Happy to show you what we built if it's relevant.


We offer a 7-day free trial. No cost, no contract. You see it running before committing to anything.
Gray Horizons Enterprise

To opt out of future emails, reply with REMOVE.
https://calendly.com/grayhorizonsenterprise/30min","sent","hoa",""
"Community & HOA Management Services","","plinn@hrw.net","https://www.hrw.net/","Something we built for HOA teams","Hey,

When a board member asks for a status update on an open violation, how long does it take your team to pull that together?

We've been working on cutting that time down. Happy to show you what we built if it's relevant.


We offer a 7-day free trial. No cost, no contract. You see it running before committing to anything.
Gray Horizons Enterprise

To opt out of future emails, reply with REMOVE.
https://calendly.com/grayhorizonsenterprise/30min","sent","hoa",""
"Landscapers & Landscaping Companies Near Charlotte","","forwarding@pro.houzz.com","https://www.houzz.com/professionals/landscape-contractors/charlotte-nc-us-probr0-bo~t_11812~r_4460243","Something we built for HOA teams","
We offer a 7-day free trial. No cost, no contract. You see it running before committing to anything.
Gray Horizons Enterprise here.

Straight to it - we help HOA management teams stop losing violations in the handoff between report, tracking, and resolution.

Most teams we work with had it happening constantly and didn't realize how much time it was costing.

I can show you exactly how we fixed it this week if you want to see it.

Gray Horizons Enterprise

To opt out of future emails, reply with REMOVE.
https://calendly.com/grayhorizonsenterprise/30min","sent","hoa",""
"Mercy Housing","","connie.rule@mercyhousing.org","https://www.mercyhousing.org/partner-with-us/property-management/","Quick question","
We offer a 7-day free trial. No cost, no contract. You see it running before committing to anything.
Gray Horizons Enterprise here.

Straight to it - we help HOA management teams stop losing violations in the handoff between report, tracking, and resolution.

Most teams we work with had it happening constantly and didn't realize how much time it was costing.

I can show you exactly how we fixed it this week if you want to see it.

Gray Horizons Enterprise

To opt out of future emails, reply with REMOVE.
https://calendly.com/grayhorizonsenterprise/30min","sent","hoa",""
"PURE Property Management of Kansas","","kansas@purepm.co","https://ks.purepm.co/","Process question","Hey,

When a board member asks for a status update on an open violation, how long does it take your team to pull that together?

We've been working on cutting that time down. Happy to show you what we built if it's relevant.


We offer a 7-day free trial. No cost, no contract. You see it running before committing to anything.
Gray Horizons Enterprise

To opt out of future emails, reply with REMOVE.
https://calendly.com/grayhorizonsenterprise/30min","sent","hoa",""
"HRC Management","","hoa@hrcassociationmanagement.com","https://hrcassociationmanagement.com/","How do you handle this?","
We offer a 7-day free trial. No cost, no contract. You see it running before committing to anything.
Gray Horizons Enterprise here.

The gap between a homeowner filing a report and that violation being fully resolved is where HOA teams take on the most risk.

We built a system that locks that gap down - every step tracked, documented, and followed up automatically.

I can get you set up in about a week. Let me know and I'll show you exactly how it works.

Gray Horizons Enterprise

To opt out of future emails, reply with REMOVE.
https://calendly.com/grayhorizonsenterprise/30min","sent","hoa",""
"PMI West Michigan","","michael@pmiwestmichigan.com","http://www.grandrapidspropertymanagementinc.com/grand-rapids-association-management","How do you handle this?","
We offer a 7-day free trial. No cost, no contract. You see it running before committing to anything.
Gray Horizons Enterprise here.

Straight to it - we help HOA management teams stop losing violations in the handoff between report, tracking, and resolution.

Most teams we work with had it happening constantly and didn't realize how much time it was costing.

I can show you exactly how we fixed it this week if you want to see it.

Gray Horizons Enterprise

To opt out of future emails, reply with REMOVE.
https://calendly.com/grayhorizonsenterprise/30min","sent","hoa",""
"Redfin Real Estate Glossary","","raleigh-durham@redfin.com","https://www.redfin.com/definition/homeowners-association","Something we built for HOA teams","
We offer a 7-day free trial. No cost, no contract. You see it running before committing to anything.
Gray Horizons Enterprise here.

Most HOA teams we've worked with were losing track of violations between the initial report and final resolution.

We fixed that with a simple system that handles tracking and follow-ups automatically.

If this is even slightly an issue on your side, I can show you exactly how we set it up this week.

Gray Horizons Enterprise

To opt out of future emails, reply with REMOVE.
https://calendly.com/grayhorizonsenterprise/30min","sent","hoa",""
"HOA, COA and Condo Owners Property Management Services in Montana","","hoa@infinitemontana.com","https://www.infinitemt.com/coa-management","Process question","
We offer a 7-day free trial. No cost, no contract. You see it running before committing to anything.
Gray Horizons Enterprise here.

Straight to it - we help HOA management teams stop losing violations in the handoff between report, tracking, and resolution.

Most teams we work with had it happening constantly and didn't realize how much time it was costing.

I can show you exactly how we fixed it this week if you want to see it.

Gray Horizons Enterprise

To opt out of future emails, reply with REMOVE.
https://calendly.com/grayhorizonsenterprise/30min","sent","hoa",""
"Missoula and the Surrounding Area Properties","","someone@web.com","https://eickertrealty.com/idx/listings/search-homes-missoula/","Process question","
We offer a 7-day free trial. No cost, no contract. You see it running before committing to anything.
Gray Horizons Enterprise here.

Violation follow-up is where most HOA teams lose time - the documentation exists but pulling it together for a board review or audit takes way longer than it should.

We fixed that for a handful of firms and now it runs on its own.

I can walk you through the setup this week and show you what it looks like in practice.

Gray Horizons Enterprise

To opt out of future emails, reply with REMOVE.
https://calendly.com/grayhorizonsenterprise/30min","sent","hoa",""
"PAMco - HOA Management Services","","PAMco@PAMcotx.com","https://www.pamcotx.com/","How do you handle this?","
We offer a 7-day free trial. No cost, no contract. You see it running before committing to anything.
Gray Horizons Enterprise here.

HOA teams we've worked with had the same problem - violations documented at the start, then lost somewhere between board review and resolution.

We built a system that tracks the full lifecycle automatically so nothing slips.

I can show you exactly how it works and get it running for your team this week.

Gray Horizons Enterprise

To opt out of future emails, reply with REMOVE.
https://calendly.com/grayhorizonsenterprise/30min","sent","hoa",""
"VCM Texas","","vcminfo@vcmtexas.com","https://vcmtexas.com/","Quick question","
We offer a 7-day free trial. No cost, no contract. You see it running before committing to anything.
Gray Horizons Enterprise here.

Most HOA teams we've worked with were losing track of violations between the initial report and final resolution.

We fixed that with a simple system that handles tracking and follow-ups automatically.

If this is even slightly an issue on your side, I can show you exactly how we set it up this week.

Gray Horizons Enterprise

To opt out of future emails, reply with REMOVE.
https://calendly.com/grayhorizonsenterprise/30min","sent","hoa",""
"Liberty Community Management","","hoa@lcmfl.com","https://lcmfl.com/","Quick question","
We offer a 7-day free trial. No cost, no contract. You see it running before committing to anything.
Gray Horizons Enterprise here.

Straight to it - we help HOA management teams stop losing violations in the handoff between report, tracking, and resolution.

Most teams we work with had it happening constantly and didn't realize how much time it was costing.

I can show you exactly how we fixed it this week if you want to see it.

Gray Horizons Enterprise

To opt out of future emails, reply with REMOVE.
https://calendly.com/grayhorizonsenterprise/30min","sent","hoa",""
"Investors Choice LLC","","management@investorschoicellc.com","https://www.investorschoicellc.com/","Process question","Hey,

When a board member asks for a status update on an open violation, how long does it take your team to pull that together?

We've been working on cutting that time down. Happy to show you what we built if it's relevant.


We offer a 7-day free trial. No cost, no contract. You see it running before committing to anything.
Gray Horizons Enterprise

To opt out of future emails, reply with REMOVE.
https://calendly.com/grayhorizonsenterprise/30min","sent","hoa",""
"Community & HOA Management Services","","keggleston@cgres.com","https://www.cgres.com/","Something we built for HOA teams","
We offer a 7-day free trial. No cost, no contract. You see it running before committing to anything.
Gray Horizons Enterprise here.

HOA teams we've worked with had the same problem - violations documented at the start, then lost somewhere between board review and resolution.

We built a system that tracks the full lifecycle automatically so nothing slips.

I can show you exactly how it works and get it running for your team this week.

Gray Horizons Enterprise

To opt out of future emails, reply with REMOVE.
https://calendly.com/grayhorizonsenterprise/30min","sent","hoa",""
"BuildZoom","","data@buildzoom.com","https://www.buildzoom.com/contractor/clearly-comfort-llc","Quick question","Hey,

HVAC companies with a full schedule typically miss 15-20 calls a week during peak season. At an average job value of $450, that's $6,750-$9,000 walking out the door every week.

We set up an automated follow-up system for HVAC shops that catches every missed inquiry and follows up immediately - so the customer hears from you before they book someone else.

Three shops we've set this up for recovered 6-10 jobs in the first month they'd have otherwise lost.

Worth a 20-minute call to see if it fits? https://calendly.com/grayhorizonsenterprise/30min.


We offer a 7-day free trial. No cost, no contract. You see it running before committing to anything.
Gray Horizons Enterprise

To opt out of future emails, reply with REMOVE.","sent","hvac",""
"Best Air Conditioning Pros in Dallas (Get Free Quotes)","","dallas.tx@aireservdallas.com","https://thebuildermarket.com/us/tx/dallas/air-conditioning","Quick question","Hey,

HVAC companies with a full schedule typically miss 15-20 calls a week during peak season. At an average job value of $450, that's $6,750-$9,000 walking out the door every week.

We set up an automated follow-up system for HVAC shops that catches every missed inquiry and follows up immediately - so the customer hears from you before they book someone else.

Three shops we've set this up for recovered 6-10 jobs in the first month they'd have otherwise lost.

Worth a 20-minute call to see if it fits? https://calendly.com/grayhorizonsenterprise/30min.


We offer a 7-day free trial. No cost, no contract. You see it running before committing to anything.
Gray Horizons Enterprise

To opt out of future emails, reply with REMOVE.","sent","hvac",""
"Beehive Heating and Air","","scheduling@beehiveplumbing.com","https://www.beehiveheatingandair.com/","Question for you","Hi,

The average HVAC company loses $45,000-$120,000 per year to missed and unreturned calls. Most owners don't realize it because there's no system tracking what's being lost.

We fix that. I can show you exactly what it looks like for a shop your size in 20 minutes.

https://calendly.com/grayhorizonsenterprise/30min


We offer a 7-day free trial. No cost, no contract. You see it running before committing to anything.
Gray Horizons Enterprise

To opt out of future emails, reply with REMOVE.","sent","hvac",""
"Homepros","","alec@readhomepros.com","https://homepros.news/merger-forms-major-midwest-hvac-distributor/","How do you handle this?","Hey,

HVAC companies with a full schedule typically miss 15-20 calls a week during peak season. At an average job value of $450, that's $6,750-$9,000 walking out the door every week.

We set up an automated follow-up system for HVAC shops that catches every missed inquiry and follows up immediately - so the customer hears from you before they book someone else.

Three shops we've set this up for recovered 6-10 jobs in the first month they'd have otherwise lost.

Worth a 20-minute call to see if it fits? https://calendly.com/grayhorizonsenterprise/30min.


We offer a 7-day free trial. No cost, no contract. You see it running before committing to anything.
Gray Horizons Enterprise

To opt out of future emails, reply with REMOVE.","sent","hvac",""
"openPR.com","","retract@swscontact.com","https://www.openpr.com/news/4462815/koala-coolin-named-best-hvac-air-conditioning-company-in-south","How do you handle this?","Hey,

HVAC companies with a full schedule typically miss 15-20 calls a week during peak season. At an average job value of $450, that's $6,750-$9,000 walking out the door every week.

We set up an automated follow-up system for HVAC shops that catches every missed inquiry and follows up immediately - so the customer hears from you before they book someone else.

Three shops we've set this up for recovered 6-10 jobs in the first month they'd have otherwise lost.

Worth a 20-minute call to see if it fits? https://calendly.com/grayhorizonsenterprise/30min.


We offer a 7-day free trial. No cost, no contract. You see it running before committing to anything.
Gray Horizons Enterprise

To opt out of future emails, reply with REMOVE.","sent","hvac",""
"Manufacturing","","kisalak@aircomfort.com","https://www.smacnagreaterchicago.org/contractors/contractors/manufacturing","Question for you","Hi,

Quick question - when your line is busy or it's after hours and a customer calls about a broken AC or furnace, what happens to that call?

If it goes to voicemail, research shows 80% of those customers book the next company that answers before you call back.

We built a follow-up system that responds to those inquiries automatically and keeps them engaged until your team can get them on the schedule. Happy to show you how it works in 20 minutes.

https://calendly.com/grayhorizonsenterprise/30min


We offer a 7-day free trial. No cost, no contract. You see it running before committing to anything.
Gray Horizons Enterprise

To opt out of future emails, reply with REMOVE.","sent","hvac",""
"AC Today","","cs@actoday-fl.com","https://www.actoday-fl.com/","Something we built","Hey,

Most HVAC owners I talk to say the same thing - the jobs they lose aren't from bad work, they're from slow follow-up. Estimate sent, no response, job goes to whoever follows up first.

We built an automated system that follows up on every open estimate and every missed inquiry without anyone on your team having to do it manually.

If that sounds like something worth looking at, grab a time here: https://calendly.com/grayhorizonsenterprise/30min.


We offer a 7-day free trial. No cost, no contract. You see it running before committing to anything.
Gray Horizons Enterprise

To opt out of future emails, reply with REMOVE.","sent","hvac",""
"MSS Solutions, LLC","","accounts.payable@msssolutions.com","https://msssolutions.com/hvac/","Something we built","Hi,

The average HVAC company loses $45,000-$120,000 per year to missed and unreturned calls. Most owners don't realize it because there's no system tracking what's being lost.

We fix that. I can show you exactly what it looks like for a shop your size in 20 minutes.

https://calendly.com/grayhorizonsenterprise/30min


We offer a 7-day free trial. No cost, no contract. You see it running before committing to anything.
Gray Horizons Enterprise

To opt out of future emails, reply with REMOVE.","sent","hvac",""
"Conditioned Air Solutions","","you@someplace.com","https://www.conditionedairsolutions.com/","Quick question","Hey,

HVAC companies with a full schedule typically miss 15-20 calls a week during peak season. At an average job value of $450, that's $6,750-$9,000 walking out the door every week.

We set up an automated follow-up system for HVAC shops that catches every missed inquiry and follows up immediately - so the customer hears from you before they book someone else.

Three shops we've set this up for recovered 6-10 jobs in the first month they'd have otherwise lost.

Worth a 20-minute call to see if it fits? https://calendly.com/grayhorizonsenterprise/30min.


We offer a 7-day free trial. No cost, no contract. You see it running before committing to anything.
Gray Horizons Enterprise

To opt out of future emails, reply with REMOVE.","sent","hvac",""
"ConsumerAffairs","","0954ab4f6a2d469b816f8ed8a2d0f5da@stderr.consumeraffairs.com","https://www.consumeraffairs.com/homeowners/hvac-companies-raleigh.html","Quick question","Hi,

The average HVAC company loses $45,000-$120,000 per year to missed and unreturned calls. Most owners don't realize it because there's no system tracking what's being lost.

We fix that. I can show you exactly what it looks like for a shop your size in 20 minutes.

https://calendly.com/grayhorizonsenterprise/30min


We offer a 7-day free trial. No cost, no contract. You see it running before committing to anything.
Gray Horizons Enterprise

To opt out of future emails, reply with REMOVE.","sent","hvac",""
"HVAC, Mechanical, Refrigeration, 24/7 Service, and more","","kyle@paradigmcontracting.net","https://www.centralconsolidated.net/","Something we built","Hi,

Quick question - when your line is busy or it's after hours and a customer calls about a broken AC or furnace, what happens to that call?

If it goes to voicemail, research shows 80% of those customers book the next company that answers before you call back.

We built a follow-up system that responds to those inquiries automatically and keeps them engaged until your team can get them on the schedule. Happy to show you how it works in 20 minutes.

https://calendly.com/grayhorizonsenterprise/30min


We offer a 7-day free trial. No cost, no contract. You see it running before committing to anything.
Gray Horizons Enterprise

To opt out of future emails, reply with REMOVE.","sent","hvac",""
"Multi-Location Dental Practice Solutions","","someone@someplace.com","https://www.pattersondental.com/services/multi-location-practices","Something we built for practices","Hi,

Patient no-shows cost the average dental practice $50,000-$150,000 per year in lost chair time. Most practices send one reminder. We send an automated sequence that cuts no-show rates by 40-60%.

Happy to walk you through exactly how it works: https://calendly.com/grayhorizonsenterprise/30min.


We offer a 7-day free trial. No cost, no contract. You see it running before committing to anything.
Gray Horizons Enterprise

To opt out of future emails, reply with REMOVE.","skipped","dental",""
"UpcomingEvents.com","","guest85482c2d65072757acb6a88742dc49d5@uce.com","https://www.upcomingevents.com/des-moines/events/health-wellness","How do you handle this?","Hi,

Patient no-shows cost the average dental practice $50,000-$150,000 per year in lost chair time. Most practices send one reminder. We send an automated sequence that cuts no-show rates by 40-60%.

Happy to walk you through exactly how it works: https://calendly.com/grayhorizonsenterprise/30min.


We offer a 7-day free trial. No cost, no contract. You see it running before committing to anything.
Gray Horizons Enterprise

To opt out of future emails, reply with REMOVE.","skipped","dental",""
"Слишком много проигравших героинь! | 1-12 серия | Studio Ban","","85d71a895e71448591e0e0b21fa9e7af@stacks.vk-portal.net","https://vk.com/video-228890016_456241349","How do you handle this?","Hey,

Quick one: after a storm comes through your area, how does your team handle the wave of calls that come in? Is there a system to track each one or does it get a little chaotic?

We've been helping roofing companies manage exactly that.


We offer a 7-day free trial. No cost, no contract. You see it running before committing to anything.
Gray Horizons Enterprise

To opt out of future emails, reply with REMOVE.
https://calendly.com/grayhorizonsenterprise/30min","skipped","roofing",""
"Western Heating & Air Conditioning","","csr@westernhvac.com","https://westernhvac.com/","Question for you","Hi,

The average HVAC company loses $45,000-$120,000 per year to missed and unreturned calls. Most owners don't realize it because there's no system tracking what's being lost.

We fix that. I can show you exactly what it looks like for a shop your size in 20 minutes.

https://calendly.com/grayhorizonsenterprise/30min


We offer a 7-day free trial. No cost, no contract. You see it running before committing to anything.
Gray Horizons Enterprise

To opt out of future emails, reply with REMOVE.","sent","hvac",""
"406 Heating & Cooling LLC","","micah@micahrich.com","https://mt406heatingandcoolingllc.com/","Question for you","Hi,

The average HVAC company loses $45,000-$120,000 per year to missed and unreturned calls. Most owners don't realize it because there's no system tracking what's being lost.

We fix that. I can show you exactly what it looks like for a shop your size in 20 minutes.

https://calendly.com/grayhorizonsenterprise/30min


We offer a 7-day free trial. No cost, no contract. You see it running before committing to anything.
Gray Horizons Enterprise

To opt out of future emails, reply with REMOVE.","sent","hvac",""
"Tucson, AZ Patch","","toni.mcallister@patch.com","https://patch.com/arizona/tucson/tucson-family-surprised-gift-after-car-crashes-house","Something we built","Hey,

HVAC companies with a full schedule typically miss 15-20 calls a week during peak season. At an average job value of $450, that's $6,750-$9,000 walking out the door every week.

We set up an automated follow-up system for HVAC shops that catches every missed inquiry and follows up immediately - so the customer hears from you before they book someone else.

Three shops we've set this up for recovered 6-10 jobs in the first month they'd have otherwise lost.

Worth a 20-minute call to see if it fits? https://calendly.com/grayhorizonsenterprise/30min.


We offer a 7-day free trial. No cost, no contract. You see it running before committing to anything.
Gray Horizons Enterprise

To opt out of future emails, reply with REMOVE.","sent","hvac",""
"BirdEye","","profiles@birdeye.com","https://reviews.birdeye.com/the-air-conditioning-company-el-paso-165382500126392","Something we built","Hi,

Quick question - when your line is busy or it's after hours and a customer calls about a broken AC or furnace, what happens to that call?

If it goes to voicemail, research shows 80% of those customers book the next company that answers before you call back.

We built a follow-up system that responds to those inquiries automatically and keeps them engaged until your team can get them on the schedule. Happy to show you how it works in 20 minutes.

https://calendly.com/grayhorizonsenterprise/30min


We offer a 7-day free trial. No cost, no contract. You see it running before committing to anything.
Gray Horizons Enterprise

To opt out of future emails, reply with REMOVE.","sent","hvac",""
"Hobbs & Associates","","parts.nashville@hobbsassociates.com","https://www.hobbsassociates.com/","Something we built","Hey,

Most HVAC owners I talk to say the same thing - the jobs they lose aren't from bad work, they're from slow follow-up. Estimate sent, no response, job goes to whoever follows up first.

We built an automated system that follows up on every open estimate and every missed inquiry without anyone on your team having to do it manually.

If that sounds like something worth looking at, grab a time here: https://calendly.com/grayhorizonsenterprise/30min.


We offer a 7-day free trial. No cost, no contract. You see it running before committing to anything.
Gray Horizons Enterprise

To opt out of future emails, reply with REMOVE.","sent","hvac",""
"Incredible Towns","","gallison@RockyTopHVAC.com","https://incredibletowns.com/directory/rocky-top-hvac-llc/","How do you handle this?","Hey,

Most HVAC owners I talk to say the same thing - the jobs they lose aren't from bad work, they're from slow follow-up. Estimate sent, no response, job goes to whoever follows up first.

We built an automated system that follows up on every open estimate and every missed inquiry without anyone on your team having to do it manually.

If that sounds like something worth looking at, grab a time here: https://calendly.com/grayhorizonsenterprise/30min.


We offer a 7-day free trial. No cost, no contract. You see it running before committing to anything.
Gray Horizons Enterprise

To opt out of future emails, reply with REMOVE.","sent","hvac",""
"Talent.com","","u003eaccountsreceivable@talent.com","https://www.talent.com/jobs/k-software-sales-l-chattanooga-tn","Question for you","Hi,

Quick question - when your line is busy or it's after hours and a customer calls about a broken AC or furnace, what happens to that call?

If it goes to voicemail, research shows 80% of those customers book the next company that answers before you call back.

We built a follow-up system that responds to those inquiries automatically and keeps them engaged until your team can get them on the schedule. Happy to show you how it works in 20 minutes.

https://calendly.com/grayhorizonsenterprise/30min


We offer a 7-day free trial. No cost, no contract. You see it running before committing to anything.
Gray Horizons Enterprise

To opt out of future emails, reply with REMOVE.","sent","hvac",""
"Mesa Dental","","mesa.info@mesa-dental.com","https://www.mesa-dental.com/","Quick question","Hey,

The average dental practice loses 8-12 new patients every month to slow follow-up. A patient submits a form or calls after hours, nobody responds until the next morning, and by then they've booked somewhere else.

At $1,200 average lifetime value per new patient, that's $9,600-$14,400 a month slipping through.

We built a follow-up system that responds to every new patient inquiry immediately - even at 11pm - and keeps them engaged until they're booked. Happy to show you how it works in 20 minutes.

https://calendly.com/grayhorizonsenterprise/30min


We offer a 7-day free trial. No cost, no contract. You see it running before committing to anything.
Gray Horizons Enterprise

To opt out of future emails, reply with REMOVE.","sent","dental",""
"Dentist â Harker Heights, TX","","appointments@marketheightsfamilydental.com","https://www.marketheightsfamilydental.com/","Quick question","Hi,

Patient no-shows cost the average dental practice $50,000-$150,000 per year in lost chair time. Most practices send one reminder. We send an automated sequence that cuts no-show rates by 40-60%.

Happy to walk you through exactly how it works: https://calendly.com/grayhorizonsenterprise/30min.


We offer a 7-day free trial. No cost, no contract. You see it running before committing to anything.
Gray Horizons Enterprise

To opt out of future emails, reply with REMOVE.","sent","dental",""
"Best Dentists in Portland, OR","","webmddpo@webmd.net","https://doctor.webmd.com/providers/specialty/dentistry/oregon/portland","Something we built for practices","Hi,

Patient no-shows cost the average dental practice $50,000-$150,000 per year in lost chair time. Most practices send one reminder. We send an automated sequence that cuts no-show rates by 40-60%.

Happy to walk you through exactly how it works: https://calendly.com/grayhorizonsenterprise/30min.


We offer a 7-day free trial. No cost, no contract. You see it running before committing to anything.
Gray Horizons Enterprise

To opt out of future emails, reply with REMOVE.","sent","dental",""
"deltadentalins","","producerservices@delta.org","https://www1.deltadentalins.com/individuals-and-families/find-a-dentist.html","Quick question","Hi,

Patient no-shows cost the average dental practice $50,000-$150,000 per year in lost chair time. Most practices send one reminder. We send an automated sequence that cuts no-show rates by 40-60%.

Happy to walk you through exactly how it works: https://calendly.com/grayhorizonsenterprise/30min.


We offer a 7-day free trial. No cost, no contract. You see it running before committing to anything.
Gray Horizons Enterprise

To opt out of future emails, reply with REMOVE.","sent","dental",""
"Coast Dental","","howie.taylor@coastdental.com","https://www.coastdental.com/","Quick question","Hey,

Most practices have 200-400 patients who called or filled out a form, never booked, and were never followed up with again. That's $240,000-$480,000 in lost lifetime value sitting in a spreadsheet or voicemail box.

We built a reactivation system that reaches back out to those patients automatically and gets them back on the schedule.

I can show you what this looks like for your practice in 20 minutes: https://calendly.com/grayhorizonsenterprise/30min.


We offer a 7-day free trial. No cost, no contract. You see it running before committing to anything.
Gray Horizons Enterprise

To opt out of future emails, reply with REMOVE.","sent","dental",""
"Emergency Dentist Port St. Lucie FL","","DrGreg@emergencydentistsusa.com","https://www.emergencydentistsusa.com/port-st-lucie-fl/","How do you handle this?","Hi,

Quick question for you - when a new patient submits a form on your website at 8pm on a Tuesday, what happens to that inquiry?

If it sits until the next morning, research shows 78% of those patients have already booked somewhere else by the time you call back.

We fix that with an automated follow-up system. Three practices we've set this up for saw immediate increases in new patient bookings in the first 30 days.

Worth 20 minutes to see the setup? https://calendly.com/grayhorizonsenterprise/30min.


We offer a 7-day free trial. No cost, no contract. You see it running before committing to anything.
Gray Horizons Enterprise

To opt out of future emails, reply with REMOVE.","sent","dental",""
"Midwest Dental Center","","skendrick@mwdentalcenter.com","https://www.businessyab.com/explore/united_states/oklahoma/oklahoma_county/midwest_city/south_post_road/570/midwest-dental-center-405-732-0431.html","Question for you","Hi,

Patient no-shows cost the average dental practice $50,000-$150,000 per year in lost chair time. Most practices send one reminder. We send an automated sequence that cuts no-show rates by 40-60%.

Happy to walk you through exactly how it works: https://calendly.com/grayhorizonsenterprise/30min.


We offer a 7-day free trial. No cost, no contract. You see it running before committing to anything.
Gray Horizons Enterprise

To opt out of future emails, reply with REMOVE.","sent","dental",""
"Midwestdentalarts","","CaseEntry@midwestdentalarts.com","https://www.midwestdentalarts.com/contact","How do you handle this?","Hi,

Patient no-shows cost the average dental practice $50,000-$150,000 per year in lost chair time. Most practices send one reminder. We send an automated sequence that cuts no-show rates by 40-60%.

Happy to walk you through exactly how it works: https://calendly.com/grayhorizonsenterprise/30min.


We offer a 7-day free trial. No cost, no contract. You see it running before committing to anything.
Gray Horizons Enterprise

To opt out of future emails, reply with REMOVE.","sent","dental",""
"Altitude Dental","","bret@altitudedental.com","https://www.altitudedental.com/patient-information/new-patients/","Something we built for practices","Hi,

Quick question for you - when a new patient submits a form on your website at 8pm on a Tuesday, what happens to that inquiry?

If it sits until the next morning, research shows 78% of those patients have already booked somewhere else by the time you call back.

We fix that with an automated follow-up system. Three practices we've set this up for saw immediate increases in new patient bookings in the first 30 days.

Worth 20 minutes to see the setup? https://calendly.com/grayhorizonsenterprise/30min.


We offer a 7-day free trial. No cost, no contract. You see it running before committing to anything.
Gray Horizons Enterprise

To opt out of future emails, reply with REMOVE.","sent","dental",""
"Campaignlake","","reach@campaignlake.com","https://www.campaignlake.com/healthcare-email-list/dentists/dental-offices/","Something we built for practices","Hey,

The average dental practice loses 8-12 new patients every month to slow follow-up. A patient submits a form or calls after hours, nobody responds until the next morning, and by then they've booked somewhere else.

At $1,200 average lifetime value per new patient, that's $9,600-$14,400 a month slipping through.

We built a follow-up system that responds to every new patient inquiry immediately - even at 11pm - and keeps them engaged until they're booked. Happy to show you how it works in 20 minutes.

https://calendly.com/grayhorizonsenterprise/30min


We offer a 7-day free trial. No cost, no contract. You see it running before committing to anything.
Gray Horizons Enterprise

To opt out of future emails, reply with REMOVE.","sent","dental",""
"HTI Consultants","","insights@sunsetsecure.com","https://www.hticonsultants.com/","Something we built for practices","Hi,

Patient no-shows cost the average dental practice $50,000-$150,000 per year in lost chair time. Most practices send one reminder. We send an automated sequence that cuts no-show rates by 40-60%.

Happy to walk you through exactly how it works: https://calendly.com/grayhorizonsenterprise/30min.


We offer a 7-day free trial. No cost, no contract. You see it running before committing to anything.
Gray Horizons Enterprise

To opt out of future emails, reply with REMOVE.","sent","dental",""
"SEO Considerations For Multi-Location Dental Practices","","lauren@smilemarketing.com","https://www.smilemarketing.com/seo-multi-location-dental-practices/","Quick question","Hey,

Most practices have 200-400 patients who called or filled out a form, never booked, and were never followed up with again. That's $240,000-$480,000 in lost lifetime value sitting in a spreadsheet or voicemail box.

We built a reactivation system that reaches back out to those patients automatically and gets them back on the schedule.

I can show you what this looks like for your practice in 20 minutes: https://calendly.com/grayhorizonsenterprise/30min.


We offer a 7-day free trial. No cost, no contract. You see it running before committing to anything.
Gray Horizons Enterprise

To opt out of future emails, reply with REMOVE.","sent","dental",""
"Gulfview Dental","","website@mysocialpractice.com","https://www.gulfviewdentistry.com/","How do you handle this?","Hey,

Most practices have 200-400 patients who called or filled out a form, never booked, and were never followed up with again. That's $240,000-$480,000 in lost lifetime value sitting in a spreadsheet or voicemail box.

We built a reactivation system that reaches back out to those patients automatically and gets them back on the schedule.

I can show you what this looks like for your practice in 20 minutes: https://calendly.com/grayhorizonsenterprise/30min.


We offer a 7-day free trial. No cost, no contract. You see it running before committing to anything.
Gray Horizons Enterprise

To opt out of future emails, reply with REMOVE.","sent","dental",""
"NUVA Smile - Dentist New Jersey","","jsdc@nuvasmile.com","https://nuvasmile.com/","How do you handle this?","Hi,

Patient no-shows cost the average dental practice $50,000-$150,000 per year in lost chair time. Most practices send one reminder. We send an automated sequence that cuts no-show rates by 40-60%.

Happy to walk you through exactly how it works: https://calendly.com/grayhorizonsenterprise/30min.


We offer a 7-day free trial. No cost, no contract. You see it running before committing to anything.
Gray Horizons Enterprise

To opt out of future emails, reply with REMOVE.","sent","dental",""
"Higginbotham Family Dental","","hilltophfd@higginbothamfamilydental.com","https://www.higginbothamfamilydental.com/dental-payment-plans/","Quick question","Hey,

Most practices have 200-400 patients who called or filled out a form, never booked, and were never followed up with again. That's $240,000-$480,000 in lost lifetime value sitting in a spreadsheet or voicemail box.

We built a reactivation system that reaches back out to those patients automatically and gets them back on the schedule.

I can show you what this looks like for your practice in 20 minutes: https://calendly.com/grayhorizonsenterprise/30min.


We offer a 7-day free trial. No cost, no contract. You see it running before committing to anything.
Gray Horizons Enterprise

To opt out of future emails, reply with REMOVE.","sent","dental",""
"Professional Practice Transitions","","b.groves@ppt-llc.com","https://www.professionalpracticetransitionsllc.com/","Something we built for practices","Hi,

Patient no-shows cost the average dental practice $50,000-$150,000 per year in lost chair time. Most practices send one reminder. We send an automated sequence that cuts no-show rates by 40-60%.

Happy to walk you through exactly how it works: https://calendly.com/grayhorizonsenterprise/30min.


We offer a 7-day free trial. No cost, no contract. You see it running before committing to anything.
Gray Horizons Enterprise

To opt out of future emails, reply with REMOVE.","sent","dental",""
"Home","","JohnW@McNorGroup.com","https://www.mcnorgroup.com/","Quick question","Hi,

Quick question for you - when a new patient submits a form on your website at 8pm on a Tuesday, what happens to that inquiry?

If it sits until the next morning, research shows 78% of those patients have already booked somewhere else by the time you call back.

We fix that with an automated follow-up system. Three practices we've set this up for saw immediate increases in new patient bookings in the first 30 days.

Worth 20 minutes to see the setup? https://calendly.com/grayhorizonsenterprise/30min.


We offer a 7-day free trial. No cost, no contract. You see it running before committing to anything.
Gray Horizons Enterprise

To opt out of future emails, reply with REMOVE.","sent","dental",""
"US Dental Practices","","drbill@usdentalpractices.com","https://www.usdentalpractices.com/","Quick question","Hey,

Most practices have 200-400 patients who called or filled out a form, never booked, and were never followed up with again. That's $240,000-$480,000 in lost lifetime value sitting in a spreadsheet or voicemail box.

We built a reactivation system that reaches back out to those patients automatically and gets them back on the schedule.

I can show you what this looks like for your practice in 20 minutes: https://calendly.com/grayhorizonsenterprise/30min.


We offer a 7-day free trial. No cost, no contract. You see it running before committing to anything.
Gray Horizons Enterprise

To opt out of future emails, reply with REMOVE.","sent","dental",""
"Healthy Smiles WNY","","ddrjohneberz@roadrunner.com","https://healthysmileswny.com/","Something we built for practices","Hey,

Most practices have 200-400 patients who called or filled out a form, never booked, and were never followed up with again. That's $240,000-$480,000 in lost lifetime value sitting in a spreadsheet or voicemail box.

We built a reactivation system that reaches back out to those patients automatically and gets them back on the schedule.

I can show you what this looks like for your practice in 20 minutes: https://calendly.com/grayhorizonsenterprise/30min.


We offer a 7-day free trial. No cost, no contract. You see it running before committing to anything.
Gray Horizons Enterprise

To opt out of future emails, reply with REMOVE.","sent","dental",""
"Dental Practices for Sale: North Carolina","","barry@adssouth.com","https://www.adssouth.com/current_listings/?state=NC","How do you handle this?","Hey,

Most practices have 200-400 patients who called or filled out a form, never booked, and were never followed up with again. That's $240,000-$480,000 in lost lifetime value sitting in a spreadsheet or voicemail box.

We built a reactivation system that reaches back out to those patients automatically and gets them back on the schedule.

I can show you what this looks like for your practice in 20 minutes: https://calendly.com/grayhorizonsenterprise/30min.


We offer a 7-day free trial. No cost, no contract. You see it running before committing to anything.
Gray Horizons Enterprise

To opt out of future emails, reply with REMOVE.","sent","dental",""
"SOME (So Others Might Eat)","","appointmentdesk@some.org","https://some.org/services/healthcare/dental-clinic/","Question for you","Hey,

The average dental practice loses 8-12 new patients every month to slow follow-up. A patient submits a form or calls after hours, nobody responds until the next morning, and by then they've booked somewhere else.

At $1,200 average lifetime value per new patient, that's $9,600-$14,400 a month slipping through.

We built a follow-up system that responds to every new patient inquiry immediately - even at 11pm - and keeps them engaged until they're booked. Happy to show you how it works in 20 minutes.

https://calendly.com/grayhorizonsenterprise/30min


We offer a 7-day free trial. No cost, no contract. You see it running before committing to anything.
Gray Horizons Enterprise

To opt out of future emails, reply with REMOVE.","sent","dental",""
"Village Dental","","websites@thinkdenali.com","https://villagedentalraleigh.com/","Something we built for practices","Hey,

The average dental practice loses 8-12 new patients every month to slow follow-up. A patient submits a form or calls after hours, nobody responds until the next morning, and by then they've booked somewhere else.

At $1,200 average lifetime value per new patient, that's $9,600-$14,400 a month slipping through.

We built a follow-up system that responds to every new patient inquiry immediately - even at 11pm - and keeps them engaged until they're booked. Happy to show you how it works in 20 minutes.

https://calendly.com/grayhorizonsenterprise/30min


We offer a 7-day free trial. No cost, no contract. You see it running before committing to anything.
Gray Horizons Enterprise

To opt out of future emails, reply with REMOVE.","sent","dental",""
"DentaQual® Leaders in Quality®","","insights@fluent.dental","https://www.DentaQualLeadersInQuality.com/practice-awardees-2024","Quick question","Hi,

Patient no-shows cost the average dental practice $50,000-$150,000 per year in lost chair time. Most practices send one reminder. We send an automated sequence that cuts no-show rates by 40-60%.

Happy to walk you through exactly how it works: https://calendly.com/grayhorizonsenterprise/30min.


We offer a 7-day free trial. No cost, no contract. You see it running before committing to anything.
Gray Horizons Enterprise

To opt out of future emails, reply with REMOVE.","sent","dental",""
"Family Dental Group","","scheduling@familydentalgroup.net","https://familydentalgroup.net/","Quick question","Hi,

Patient no-shows cost the average dental practice $50,000-$150,000 per year in lost chair time. Most practices send one reminder. We send an automated sequence that cuts no-show rates by 40-60%.

Happy to walk you through exactly how it works: https://calendly.com/grayhorizonsenterprise/30min.


We offer a 7-day free trial. No cost, no contract. You see it running before committing to anything.
Gray Horizons Enterprise

To opt out of future emails, reply with REMOVE.","sent","dental",""
"Bdhplumbing Com","","davidr@bdhplumbing.com","http://bdhplumbing.com/","How do you handle missed calls?","Hey,

The biggest revenue leak for most plumbing companies is missed calls - the customer calls once, nobody answers, and they book someone else before you call back.

We built a system that captures every missed call and gets it back into your pipeline automatically.

I can show you exactly how it works this week.


We offer a 7-day free trial. No cost, no contract. You see it running before committing to anything.
Gray Horizons Enterprise

To opt out of future emails, reply with REMOVE.
https://calendly.com/grayhorizonsenterprise/30min","sent","plumbing",""
"Curtius Plumbing & Mechanical","","kim@curtiuspandm.com","https://curtiusplumbingandmechanical.com/","Something we built","Hi,

The gap between a job finishing and the customer leaving a review is where most plumbing companies lose their referral pipeline.

We built a system that handles post-job follow-up and review collection automatically.

I can show you how it works this week.


We offer a 7-day free trial. No cost, no contract. You see it running before committing to anything.
Gray Horizons Enterprise

To opt out of future emails, reply with REMOVE.
https://calendly.com/grayhorizonsenterprise/30min","sent","plumbing",""
"Taking Ownership PDX","","apply@pybpdx.org","https://takingownershippdx.org/community-resource-list-2022","Quick question","Hi,

After-hours and weekend calls are where most plumbing companies lose the most jobs - by the time someone calls back the customer has already moved on.

We built a system that captures and responds to those inquiries automatically so you stop losing jobs to whoever answers first.

I can show you exactly how we set it up this week.


We offer a 7-day free trial. No cost, no contract. You see it running before committing to anything.
Gray Horizons Enterprise

To opt out of future emails, reply with REMOVE.
https://calendly.com/grayhorizonsenterprise/30min","sent","plumbing",""
"PnMmag","","hardings@bnpmedia.com","https://www.pmmag.com/articles/102697-contractor-organizations-empower-plumbing-pros-to-grow","How do you handle missed calls?","Hi,

When you finish a job, what does the follow-up process look like? Is there anything automated that checks in with the customer, or does it depend on the tech remembering to do it?

We've built that whole post-job flow into a system. Happy to show you how it works.


We offer a 7-day free trial. No cost, no contract. You see it running before committing to anything.
Gray Horizons Enterprise

To opt out of future emails, reply with REMOVE.
https://calendly.com/grayhorizonsenterprise/30min","sent","plumbing",""
"Fresno Plumbers, Electricians & HVAC Technicians | Allbritten","","csr@allbritten.com","https://allbritten.com/commercial/commercial-plumbing-services/","Question for you","Hey,

The biggest revenue leak for most plumbing companies is missed calls - the customer calls once, nobody answers, and they book someone else before you call back.

We built a system that captures every missed call and gets it back into your pipeline automatically.

I can show you exactly how it works this week.


We offer a 7-day free trial. No cost, no contract. You see it running before committing to anything.
Gray Horizons Enterprise

To opt out of future emails, reply with REMOVE.
https://calendly.com/grayhorizonsenterprise/30min","sent","plumbing",""
"Any Hour Services- Electric, Plumbing, Heating & Air","","ccr@anyhour.com","https://anyhourservices.com/utah/salt-lake-city/","Something we built","Hi,

The gap between a job finishing and the customer leaving a review is where most plumbing companies lose their referral pipeline.

We built a system that handles post-job follow-up and review collection automatically.

I can show you how it works this week.


We offer a 7-day free trial. No cost, no contract. You see it running before committing to anything.
Gray Horizons Enterprise

To opt out of future emails, reply with REMOVE.
https://calendly.com/grayhorizonsenterprise/30min","sent","plumbing",""
"midwestefficiency.ca","","midwestefficiency@sasktel.net","https://midwestefficiency.ca/","Something we built","Hey,

Most plumbing companies we work with had no system for job tracking across crews - status updates required calling the tech directly every time.

We fixed that with a system that keeps every job visible from dispatch to close-out without anyone having to chase it down.

I can get you set up in about a week.


We offer a 7-day free trial. No cost, no contract. You see it running before committing to anything.
Gray Horizons Enterprise

To opt out of future emails, reply with REMOVE.
https://calendly.com/grayhorizonsenterprise/30min","sent","plumbing",""
"Magnolia Companies","","recruitment@magnolia-companies.com","https://magnoliacompanies.com/","How do you handle missed calls?","Hi,

The gap between a job finishing and the customer leaving a review is where most plumbing companies lose their referral pipeline.

We built a system that handles post-job follow-up and review collection automatically.

I can show you how it works this week.


We offer a 7-day free trial. No cost, no contract. You see it running before committing to anything.
Gray Horizons Enterprise

To opt out of future emails, reply with REMOVE.
https://calendly.com/grayhorizonsenterprise/30min","sent","plumbing",""
"Shelco -","","cpope@shelcollc.com","https://shelcollc.com/","How do you handle missed calls?","Hi,

After-hours and weekend calls are where most plumbing companies lose the most jobs - by the time someone calls back the customer has already moved on.

We built a system that captures and responds to those inquiries automatically so you stop losing jobs to whoever answers first.

I can show you exactly how we set it up this week.


We offer a 7-day free trial. No cost, no contract. You see it running before committing to anything.
Gray Horizons Enterprise

To opt out of future emails, reply with REMOVE.
https://calendly.com/grayhorizonsenterprise/30min","sent","plumbing",""
"Plumber in Charlotte, NC","","dawn.bohn@onehourair.com","https://www.benjaminfranklinplumbing.com/charlotte/","How do you handle missed calls?","Hi,

When you finish a job, what does the follow-up process look like? Is there anything automated that checks in with the customer, or does it depend on the tech remembering to do it?

We've built that whole post-job flow into a system. Happy to show you how it works.


We offer a 7-day free trial. No cost, no contract. You see it running before committing to anything.
Gray Horizons Enterprise

To opt out of future emails, reply with REMOVE.
https://calendly.com/grayhorizonsenterprise/30min","sent","plumbing",""
"Campbells' Plumbing","","cs@campbellsplumbing.com","https://www.campbellsplumbing.com/","Question for you","Hi,

The gap between a job finishing and the customer leaving a review is where most plumbing companies lose their referral pipeline.

We built a system that handles post-job follow-up and review collection automatically.

I can show you how it works this week.


We offer a 7-day free trial. No cost, no contract. You see it running before committing to anything.
Gray Horizons Enterprise

To opt out of future emails, reply with REMOVE.
https://calendly.com/grayhorizonsenterprise/30min","sent","plumbing",""
"Plumbing Repair Company in Chattanooga, TN","","jacquilogan@sceniccityplumbing.com","https://www.sceniccityplumbing.com/","Question for you","Hi,

After-hours and weekend calls are where most plumbing companies lose the most jobs - by the time someone calls back the customer has already moved on.

We built a system that captures and responds to those inquiries automatically so you stop losing jobs to whoever answers first.

I can show you exactly how we set it up this week.


We offer a 7-day free trial. No cost, no contract. You see it running before committing to anything.
Gray Horizons Enterprise

To opt out of future emails, reply with REMOVE.
https://calendly.com/grayhorizonsenterprise/30min","sent","plumbing",""
"General Contractors","","raj@gcofaz.com","https://www.gcofaz.com/","Something we built for contractors","Hi,

When a homeowner submits a project request through your website or Google listing after hours it almost always sits until the next day.

By then they have already called two more contractors.

We built a system that responds immediately and keeps them engaged until your team is available.

I can show you how it works this week.


We offer a 7-day free trial. No cost, no contract. You see it running before committing to anything.
Gray Horizons Enterprise

To opt out of future emails, reply with REMOVE.
https://calendly.com/grayhorizonsenterprise/30min","sent","contractor",""
"Simply Business","","contactus@simplybusiness.com","https://www.simplybusiness.com/resource/how-to-get-a-contractors-license-in-arizona/","How do you handle this?","Hi,

The window between sending an estimate and hearing back is where most contracting jobs go cold - the customer gets another quote and signs with whoever follows up first.

We built a system that handles automatic follow-up so you stop losing jobs to faster competitors.

I can walk you through it this week.


We offer a 7-day free trial. No cost, no contract. You see it running before committing to anything.
Gray Horizons Enterprise

To opt out of future emails, reply with REMOVE.
https://calendly.com/grayhorizonsenterprise/30min","sent","contractor",""
"Linescape LLC","","oregon@linescapellc.com","https://www.linescapellc.com/oregon-directional-drilling/utility-construction-portland-oregon/","Quick question","Hey,

Contractors lose more jobs to slow follow-up than to price - the client moves on before the estimate even gets a response.

We fixed that for several firms with a system that tracks every estimate and follows up automatically.

I can show you what that looks like this week.


We offer a 7-day free trial. No cost, no contract. You see it running before committing to anything.
Gray Horizons Enterprise

To opt out of future emails, reply with REMOVE.
https://calendly.com/grayhorizonsenterprise/30min","sent","contractor",""
"H & H Concrete Company, LLC","","john@smith.com","https://www.handhconcretecompanyllc.com/dallas-tx/","Something we built for contractors","Hey,

Most contractors we work with were losing jobs not because of the work but because estimate follow-up was not happening consistently.

We built a system that tracks every open bid and follows up automatically until you get a response.

I can show you exactly how it works and get it running for your team this week.


We offer a 7-day free trial. No cost, no contract. You see it running before committing to anything.
Gray Horizons Enterprise

To opt out of future emails, reply with REMOVE.
https://calendly.com/grayhorizonsenterprise/30min","sent","contractor",""
"Hillstar Construction","","lior@hillstarla.com","https://hillstarla.com/home-remodeling","Quick question","Hey,

Contractors lose more jobs to slow follow-up than to price - the client moves on before the estimate even gets a response.

We fixed that for several firms with a system that tracks every estimate and follows up automatically.

I can show you what that looks like this week.


We offer a 7-day free trial. No cost, no contract. You see it running before committing to anything.
Gray Horizons Enterprise

To opt out of future emails, reply with REMOVE.
https://calendly.com/grayhorizonsenterprise/30min","sent","contractor",""
"Remodeling General Contractor Colorado Springs","","tyler@forumconstruct.com","https://www.forumconstruct.com/schedule-free-estimate","Quick question","Hi,

The gap between a lead reaching out and your team getting them a quote is usually where the job goes to a competitor.

We built a system that cuts that response time down and automates the follow-up so no lead goes cold.

I can get you set up in about a week. Let me know and I will show you exactly how it works.


We offer a 7-day free trial. No cost, no contract. You see it running before committing to anything.
Gray Horizons Enterprise

To opt out of future emails, reply with REMOVE.
https://calendly.com/grayhorizonsenterprise/30min","sent","contractor",""
"Superior Construction & Home Renovations -","","ap@superiorproconstr.com","https://www.superiorproconstr.com/","Question for you","Hey,

After-hours inquiries from homeowners are some of the highest-intent leads a contractor gets - and most of them go unanswered until the next day.

We built a system that captures and responds to those leads automatically so you are always first to respond.

I can show you how we set it up this week.


We offer a 7-day free trial. No cost, no contract. You see it running before committing to anything.
Gray Horizons Enterprise

To opt out of future emails, reply with REMOVE.
https://calendly.com/grayhorizonsenterprise/30min","sent","contractor",""
"TYL Construction","","Projects@TYLinc.com","https://tylinc.com/","Question for you","Hey,

Most contractors we work with were losing jobs not because of the work but because estimate follow-up was not happening consistently.

We built a system that tracks every open bid and follows up automatically until you get a response.

I can show you exactly how it works and get it running for your team this week.


We offer a 7-day free trial. No cost, no contract. You see it running before committing to anything.
Gray Horizons Enterprise

To opt out of future emails, reply with REMOVE.
https://calendly.com/grayhorizonsenterprise/30min","sent","contractor",""
"JOSKO Services","","contactus@joskoservices.com","https://joskoservices.com/florida/lake-county/umatilla/general-contractors-umatilla/umatilla-general-contractors/","Something we built for contractors","Hey,

When you send out an estimate and don't hear back, what does your follow-up process look like? Is there a system tracking each open bid or does it depend on whoever sent it remembering to follow up?

That's usually where jobs go cold.


We offer a 7-day free trial. No cost, no contract. You see it running before committing to anything.
Gray Horizons Enterprise

To opt out of future emails, reply with REMOVE.
https://calendly.com/grayhorizonsenterprise/30min","sent","contractor",""
"Construction Engineers, LLC","","constructioneng@hawaii.rr.com","https://www.constructionengineershawaii.com/","Question for you","Hi,

The gap between a lead reaching out and your team getting them a quote is usually where the job goes to a competitor.

We built a system that cuts that response time down and automates the follow-up so no lead goes cold.

I can get you set up in about a week. Let me know and I will show you exactly how it works.


We offer a 7-day free trial. No cost, no contract. You see it running before committing to anything.
Gray Horizons Enterprise

To opt out of future emails, reply with REMOVE.
https://calendly.com/grayhorizonsenterprise/30min","sent","contractor",""
"A D Construction, LLC","","contractor@345build.com","https://generalcontractorsboston.com/our-company/","Something we built for contractors","Hey,

When you send out an estimate and don't hear back, what does your follow-up process look like? Is there a system tracking each open bid or does it depend on whoever sent it remembering to follow up?

That's usually where jobs go cold.


We offer a 7-day free trial. No cost, no contract. You see it running before committing to anything.
Gray Horizons Enterprise

To opt out of future emails, reply with REMOVE.
https://calendly.com/grayhorizonsenterprise/30min","sent","contractor",""
"Commercial Construction","","questions@blwardassociates.com","https://blwardassociates.com/commercial-construction","How do you handle this?","Hey,

Contractors lose more jobs to slow follow-up than to price - the client moves on before the estimate even gets a response.

We fixed that for several firms with a system that tracks every estimate and follows up automatically.

I can show you what that looks like this week.


We offer a 7-day free trial. No cost, no contract. You see it running before committing to anything.
Gray Horizons Enterprise

To opt out of future emails, reply with REMOVE.
https://calendly.com/grayhorizonsenterprise/30min","sent","contractor",""
"Thessa Contracting Solutions - Metro Detroit, Michigan","","EBahoura@ThessaLLC.com","https://thessallc.com/","Something we built for contractors","Hi,

The gap between a lead reaching out and your team getting them a quote is usually where the job goes to a competitor.

We built a system that cuts that response time down and automates the follow-up so no lead goes cold.

I can get you set up in about a week. Let me know and I will show you exactly how it works.


We offer a 7-day free trial. No cost, no contract. You see it running before committing to anything.
Gray Horizons Enterprise

To opt out of future emails, reply with REMOVE.
https://calendly.com/grayhorizonsenterprise/30min","sent","contractor",""
"Warner Concepts LLC","","workorders@warnerconcepts.net","https://warnerconcepts.net/","How do you handle this?","Hi,

When a homeowner submits a project request through your website or Google listing after hours it almost always sits until the next day.

By then they have already called two more contractors.

We built a system that responds immediately and keeps them engaged until your team is available.

I can show you how it works this week.


We offer a 7-day free trial. No cost, no contract. You see it running before committing to anything.
Gray Horizons Enterprise

To opt out of future emails, reply with REMOVE.
https://calendly.com/grayhorizonsenterprise/30min","sent","contractor",""
"Peerless Restoration and Construction LLC.","","Mike@peerlessflorida.com","https://peerlessflorida.com/","Something we built for contractors","Hey,

Contractors lose more jobs to slow follow-up than to price - the client moves on before the estimate even gets a response.

We fixed that for several firms with a system that tracks every estimate and follows up automatically.

I can show you what that looks like this week.


We offer a 7-day free trial. No cost, no contract. You see it running before committing to anything.
Gray Horizons Enterprise

To opt out of future emails, reply with REMOVE.
https://calendly.com/grayhorizonsenterprise/30min","sent","contractor",""
"Commercial Drywall & Construction Co","","estimating@comdry.com","https://comdry.com/","How do you handle this?","Hey,

When you send out an estimate and don't hear back, what does your follow-up process look like? Is there a system tracking each open bid or does it depend on whoever sent it remembering to follow up?

That's usually where jobs go cold.


We offer a 7-day free trial. No cost, no contract. You see it running before committing to anything.
Gray Horizons Enterprise

To opt out of future emails, reply with REMOVE.
https://calendly.com/grayhorizonsenterprise/30min","sent","contractor",""
"Avery Construction","","projects@ave-con.com","https://ave-con.com/","Quick question","Hi,

The gap between a lead reaching out and your team getting them a quote is usually where the job goes to a competitor.

We built a system that cuts that response time down and automates the follow-up so no lead goes cold.

I can get you set up in about a week. Let me know and I will show you exactly how it works.


We offer a 7-day free trial. No cost, no contract. You see it running before committing to anything.
Gray Horizons Enterprise

To opt out of future emails, reply with REMOVE.
https://calendly.com/grayhorizonsenterprise/30min","sent","contractor",""
"Our Electrical Services","","information@tecelecllc.com","https://tecelectricllc.com/","Question for you","Hey,

Contractors lose more jobs to slow follow-up than to price - the client moves on before the estimate even gets a response.

We fixed that for several firms with a system that tracks every estimate and follows up automatically.

I can show you what that looks like this week.


We offer a 7-day free trial. No cost, no contract. You see it running before committing to anything.
Gray Horizons Enterprise

To opt out of future emails, reply with REMOVE.
https://calendly.com/grayhorizonsenterprise/30min","sent","contractor",""
"General Contractors in hendersonville, NC","","cooper@cooperconst.com","https://cooperconst.com/","Something we built for contractors","Hey,

After-hours inquiries from homeowners are some of the highest-intent leads a contractor gets - and most of them go unanswered until the next day.

We built a system that captures and responds to those leads automatically so you are always first to respond.

I can show you how we set it up this week.


We offer a 7-day free trial. No cost, no contract. You see it running before committing to anything.
Gray Horizons Enterprise

To opt out of future emails, reply with REMOVE.
https://calendly.com/grayhorizonsenterprise/30min","sent","contractor",""
"Facility Solutions","","dispatch@thefacilitysolution.com","https://thefacilitysolution.com/","How do you handle this?","Hey,

When you send out an estimate and don't hear back, what does your follow-up process look like? Is there a system tracking each open bid or does it depend on whoever sent it remembering to follow up?

That's usually where jobs go cold.


We offer a 7-day free trial. No cost, no contract. You see it running before committing to anything.
Gray Horizons Enterprise

To opt out of future emails, reply with REMOVE.
https://calendly.com/grayhorizonsenterprise/30min","sent","contractor",""
"NC Licensing Board for General Contractors","","licensing@nclbgc.org","https://nclbgc.org/","Something we built for contractors","Hi,

When a homeowner submits a project request through your website or Google listing after hours it almost always sits until the next day.

By then they have already called two more contractors.

We built a system that responds immediately and keeps them engaged until your team is available.

I can show you how it works this week.


We offer a 7-day free trial. No cost, no contract. You see it running before committing to anything.
Gray Horizons Enterprise

To opt out of future emails, reply with REMOVE.
https://calendly.com/grayhorizonsenterprise/30min","sent","contractor",""
"Brown Builders","","bbi@brownbuilders.com","https://www.brownbuilders.com/","Something we built for contractors","Hi,

After-hours leads from homeowners - when they come in through your website or Google listing at night, what happens to them? Does something catch it automatically or does it sit until morning?

Just asking because that's usually where the fastest-responding contractor wins the job.


We offer a 7-day free trial. No cost, no contract. You see it running before committing to anything.
Gray Horizons Enterprise

To opt out of future emails, reply with REMOVE.
https://calendly.com/grayhorizonsenterprise/30min","sent","contractor",""
"Riverbirch Remodeling","","LuxuryDesign@riverbirchremodeling.com","https://riverbirchremodeling.com/","Quick question","Hi,

The window between sending an estimate and hearing back is where most contracting jobs go cold - the customer gets another quote and signs with whoever follows up first.

We built a system that handles automatic follow-up so you stop losing jobs to faster competitors.

I can walk you through it this week.


We offer a 7-day free trial. No cost, no contract. You see it running before committing to anything.
Gray Horizons Enterprise

To opt out of future emails, reply with REMOVE.
https://calendly.com/grayhorizonsenterprise/30min","sent","contractor",""
"Capital Steel Industries","","matthew@csisteelbuildings.com","https://csisteelbuildings.com/local-contractors/montana/bozeman/headwaters-contracting","Something we built for contractors","Hi,

The gap between a lead reaching out and your team getting them a quote is usually where the job goes to a competitor.

We built a system that cuts that response time down and automates the follow-up so no lead goes cold.

I can get you set up in about a week. Let me know and I will show you exactly how it works.


We offer a 7-day free trial. No cost, no contract. You see it running before committing to anything.
Gray Horizons Enterprise

To opt out of future emails, reply with REMOVE.
https://calendly.com/grayhorizonsenterprise/30min","sent","contractor",""
"groundzerolc","","chad@groundzerolc.com","https://www.groundzerolc.com/phoenix-landscaping-company","Something we built","Hi,

Seasonal clients who go quiet between services are lost revenue that most landscaping companies never recover.

We built a system that keeps every recurring client on schedule with automatic reminders and follow-up.

I can walk you through it this week and show you what it looks like running.


We offer a 7-day free trial. No cost, no contract. You see it running before committing to anything.
Gray Horizons Enterprise

To opt out of future emails, reply with REMOVE.
https://calendly.com/grayhorizonsenterprise/30min","sent","landscaping",""
"Salens Landscaping - Quality With Concern","","salen@salens.com","https://salens.com/quotation-request/","Quick question","Hi,

Seasonal clients who go quiet between services are lost revenue that most landscaping companies never recover.

We built a system that keeps every recurring client on schedule with automatic reminders and follow-up.

I can walk you through it this week and show you what it looks like running.


We offer a 7-day free trial. No cost, no contract. You see it running before committing to anything.
Gray Horizons Enterprise

To opt out of future emails, reply with REMOVE.
https://calendly.com/grayhorizonsenterprise/30min","sent","landscaping",""
"Better View Landscapes","","Yourfriends@BetterViewLandscaping.com","https://betterviewlandscaping.com/sunderland-ma/","Something we built","Hey,

The first company to respond to an estimate request in landscaping almost always wins the job - most homeowners book whoever gets back to them first.

We built a system that captures new inquiries and responds automatically so you are always first.

I can show you exactly how it works this week.


We offer a 7-day free trial. No cost, no contract. You see it running before committing to anything.
Gray Horizons Enterprise

To opt out of future emails, reply with REMOVE.
https://calendly.com/grayhorizonsenterprise/30min","sent","landscaping",""
"Lawn & Garden Retailer","","frontdesk@greatamericanpublish.com","https://lgrmag.com/news/midwest-cbk-hires-new-general-manager/","Quick question","Hi,

Seasonal clients who go quiet between services are lost revenue that most landscaping companies never recover.

We built a system that keeps every recurring client on schedule with automatic reminders and follow-up.

I can walk you through it this week and show you what it looks like running.


We offer a 7-day free trial. No cost, no contract. You see it running before committing to anything.
Gray Horizons Enterprise

To opt out of future emails, reply with REMOVE.
https://calendly.com/grayhorizonsenterprise/30min","sent","landscaping",""
"Midwest Pest Solutions, LLC","","dianag@midwestpestsolutionsllc.com","https://midwestpestsolutionsllc.com/","Something we built","Hey,

Not trying to waste your time - just wanted to ask: when you have a full schedule and someone new reaches out, how does your team capture that lead without it getting lost?

That overflow moment is usually where companies either grow or miss out.


We offer a 7-day free trial. No cost, no contract. You see it running before committing to anything.
Gray Horizons Enterprise

To opt out of future emails, reply with REMOVE.
https://calendly.com/grayhorizonsenterprise/30min","sent","landscaping",""
"Bowman's Pro Turf, LLC.","","lawn@bowmansproturf.com","https://bowmansproturf.com/2016/07/13/midwest-regional-turf-foundation-purdue-summer-field-day-2016/","Something we built","Hey,

The first company to respond to an estimate request in landscaping almost always wins the job - most homeowners book whoever gets back to them first.

We built a system that captures new inquiries and responds automatically so you are always first.

I can show you exactly how it works this week.


We offer a 7-day free trial. No cost, no contract. You see it running before committing to anything.
Gray Horizons Enterprise

To opt out of future emails, reply with REMOVE.
https://calendly.com/grayhorizonsenterprise/30min","sent","landscaping",""
"Raleigh, NC","","andrew@hardisonlandscaping.com","https://www.hardisonlandscaping.com/","How do you handle overflow leads?","Hey,

Not trying to waste your time - just wanted to ask: when you have a full schedule and someone new reaches out, how does your team capture that lead without it getting lost?

That overflow moment is usually where companies either grow or miss out.


We offer a 7-day free trial. No cost, no contract. You see it running before committing to anything.
Gray Horizons Enterprise

To opt out of future emails, reply with REMOVE.
https://calendly.com/grayhorizonsenterprise/30min","sent","landscaping",""
"Lawn King","","Ronen@lawnsking.com","https://lawnsking.com/","Quick question","Hi,

Seasonal clients who go quiet between services are lost revenue that most landscaping companies never recover.

We built a system that keeps every recurring client on schedule with automatic reminders and follow-up.

I can walk you through it this week and show you what it looks like running.


We offer a 7-day free trial. No cost, no contract. You see it running before committing to anything.
Gray Horizons Enterprise

To opt out of future emails, reply with REMOVE.
https://calendly.com/grayhorizonsenterprise/30min","sent","landscaping",""
"Walters Landscapes","","James@walterslandscapes.com","https://walterslandscapes.com/","Quick question","Hey,

Not trying to waste your time - just wanted to ask: when you have a full schedule and someone new reaches out, how does your team capture that lead without it getting lost?

That overflow moment is usually where companies either grow or miss out.


We offer a 7-day free trial. No cost, no contract. You see it running before committing to anything.
Gray Horizons Enterprise

To opt out of future emails, reply with REMOVE.
https://calendly.com/grayhorizonsenterprise/30min","sent","landscaping",""
"Next Step Roofing and Contracting LLC.","","maribel@nextsteprc.com","https://nextsteprc.com/contact/","Question for you","Hi there,

How are you following up on estimates that went out but never got a response? In roofing those can be pretty high-value jobs to let slip.

Just curious what your current process looks like.


We offer a 7-day free trial. No cost, no contract. You see it running before committing to anything.
Gray Horizons Enterprise

To opt out of future emails, reply with REMOVE.
https://calendly.com/grayhorizonsenterprise/30min","sent","roofing",""
"Journey Builders Inc.","","Inquiries@journeybuildersinc.com","https://journeybuildersinc.com/","How do you handle this?","Hi there,

How are you following up on estimates that went out but never got a response? In roofing those can be pretty high-value jobs to let slip.

Just curious what your current process looks like.


We offer a 7-day free trial. No cost, no contract. You see it running before committing to anything.
Gray Horizons Enterprise

To opt out of future emails, reply with REMOVE.
https://calendly.com/grayhorizonsenterprise/30min","sent","roofing",""
"Signature Roofing Solutions","","eben@eyebytes.com","https://signatureroofingsolutions.com/","Something we built for roofers","Hi there,

How are you following up on estimates that went out but never got a response? In roofing those can be pretty high-value jobs to let slip.

Just curious what your current process looks like.


We offer a 7-day free trial. No cost, no contract. You see it running before committing to anything.
Gray Horizons Enterprise

To opt out of future emails, reply with REMOVE.
https://calendly.com/grayhorizonsenterprise/30min","sent","roofing",""
"Buck Roofing & Construction LLC","","rbuck@rbuckroofing.com","https://rbuckroofing.com/contact/","How do you handle this?","Hey,

Direct question: when a homeowner calls about a leak or damage and you can't get to them for three days, how do you keep them from calling someone else in the meantime?

That's usually the biggest gap I hear about. Happy to share what we've built if it's useful.


We offer a 7-day free trial. No cost, no contract. You see it running before committing to anything.
Gray Horizons Enterprise

To opt out of future emails, reply with REMOVE.
https://calendly.com/grayhorizonsenterprise/30min","sent","roofing",""
"Armor Roofing LLC","","ar@armorbuilder.com","https://armorbuilder.com/","Question for you","Hey,

Direct question: when a homeowner calls about a leak or damage and you can't get to them for three days, how do you keep them from calling someone else in the meantime?

That's usually the biggest gap I hear about. Happy to share what we've built if it's useful.


We offer a 7-day free trial. No cost, no contract. You see it running before committing to anything.
Gray Horizons Enterprise

To opt out of future emails, reply with REMOVE.
https://calendly.com/grayhorizonsenterprise/30min","sent","roofing",""
"Midwest Commercial Roofing","","mcr@midwestroofexperts.com","https://midwestroofexperts.com/","Question for you","Hi there,

How are you following up on estimates that went out but never got a response? In roofing those can be pretty high-value jobs to let slip.

Just curious what your current process looks like.


We offer a 7-day free trial. No cost, no contract. You see it running before committing to anything.
Gray Horizons Enterprise

To opt out of future emails, reply with REMOVE.
https://calendly.com/grayhorizonsenterprise/30min","sent","roofing",""
"Strober-Wright Roofing Inc.","","Mike@StroberWrightRoofing.com","http://www.stroberwright.com/about-us/","Quick question","Hey,

Direct question: when a homeowner calls about a leak or damage and you can't get to them for three days, how do you keep them from calling someone else in the meantime?

That's usually the biggest gap I hear about. Happy to share what we've built if it's useful.


We offer a 7-day free trial. No cost, no contract. You see it running before committing to anything.
Gray Horizons Enterprise

To opt out of future emails, reply with REMOVE.
https://calendly.com/grayhorizonsenterprise/30min","sent","roofing",""
"Accredited,15+ years of Experience","","anthony@networkroofingconstruction.com","https://networkroofingconstruction.com/","How do you handle this?","Hey,

Quick one: after a storm comes through your area, how does your team handle the wave of calls that come in? Is there a system to track each one or does it get a little chaotic?

We've been helping roofing companies manage exactly that.


We offer a 7-day free trial. No cost, no contract. You see it running before committing to anything.
Gray Horizons Enterprise

To opt out of future emails, reply with REMOVE.
https://calendly.com/grayhorizonsenterprise/30min","sent","roofing",""
"Associates","","sarah.smith@cmacommunities.com","https://cmacommunities.com/","Something we built for HOA teams","
We offer a 7-day free trial. No cost, no contract. You see it running before committing to anything.
Gray Horizons Enterprise here.

HOA teams we've worked with had the same problem - violations documented at the start, then lost somewhere between board review and resolution.

We built a system that tracks the full lifecycle automatically so nothing slips.

I can show you exactly how it works and get it running for your team this week.

Gray Horizons Enterprise

To opt out of future emails, reply with REMOVE.
https://calendly.com/grayhorizonsenterprise/30min","sent","hoa",""
"OMNI Community Management, LLC","","custserv@omnicommunities.com","https://www.omnicommunities.com/","Something we built for HOA teams","
We offer a 7-day free trial. No cost, no contract. You see it running before committing to anything.
Gray Horizons Enterprise here.

Violation follow-up is where most HOA teams lose time - the documentation exists but pulling it together for a board review or audit takes way longer than it should.

We fixed that for a handful of firms and now it runs on its own.

I can walk you through the setup this week and show you what it looks like in practice.

Gray Horizons Enterprise

To opt out of future emails, reply with REMOVE.
https://calendly.com/grayhorizonsenterprise/30min","sent","hoa",""
"Get a Free Quote","","all@seasonscleaningservices.com","https://www.seasonscleaningservices.com/get-quote","How do you handle this?","Hey,

Quick question - when a violation gets reported, what does your process look like from that initial report to final resolution? Is there a system tracking each step or is it mostly email threads?

That gap is where most HOA teams run into problems.


We offer a 7-day free trial. No cost, no contract. You see it running before committing to anything.
Gray Horizons Enterprise

To opt out of future emails, reply with REMOVE.
https://calendly.com/grayhorizonsenterprise/30min","sent","hoa",""
"Services","","maintenance@ccmmc.com","https://www.ccmmc.com/services","Process question","
We offer a 7-day free trial. No cost, no contract. You see it running before committing to anything.
Gray Horizons Enterprise here.

Most HOA teams we've worked with were losing track of violations between the initial report and final resolution.

We fixed that with a simple system that handles tracking and follow-ups automatically.

If this is even slightly an issue on your side, I can show you exactly how we set it up this week.

Gray Horizons Enterprise

To opt out of future emails, reply with REMOVE.
https://calendly.com/grayhorizonsenterprise/30min","sent","hoa",""
"LA Loft Blog","","corey@entar.com","https://www.laloftblog.com/2023/02/19/hoa-management-companies-los-angeles/","How do you handle this?","
We offer a 7-day free trial. No cost, no contract. You see it running before committing to anything.
Gray Horizons Enterprise here.

Violation follow-up is where most HOA teams lose time - the documentation exists but pulling it together for a board review or audit takes way longer than it should.

We fixed that for a handful of firms and now it runs on its own.

I can walk you through the setup this week and show you what it looks like in practice.

Gray Horizons Enterprise

To opt out of future emails, reply with REMOVE.
https://calendly.com/grayhorizonsenterprise/30min","sent","hoa",""
"Winter Park & Granby HOA Management","","owners@rmgwest.com","https://resortmanagementgroup.com/homeowner-association-management/","Process question","
We offer a 7-day free trial. No cost, no contract. You see it running before committing to anything.
Gray Horizons Enterprise here.

The gap between a homeowner filing a report and that violation being fully resolved is where HOA teams take on the most risk.

We built a system that locks that gap down - every step tracked, documented, and followed up automatically.

I can get you set up in about a week. Let me know and I'll show you exactly how it works.

Gray Horizons Enterprise

To opt out of future emails, reply with REMOVE.
https://calendly.com/grayhorizonsenterprise/30min","sent","hoa",""
"California Community Management Services","","jjabali@associanortherncalifornia.com","https://www.associanortherncalifornia.com/","Process question","
We offer a 7-day free trial. No cost, no contract. You see it running before committing to anything.
Gray Horizons Enterprise here.

Most HOA teams we've worked with were losing track of violations between the initial report and final resolution.

We fixed that with a simple system that handles tracking and follow-ups automatically.

If this is even slightly an issue on your side, I can show you exactly how we set it up this week.

Gray Horizons Enterprise

To opt out of future emails, reply with REMOVE.
https://calendly.com/grayhorizonsenterprise/30min","sent","hoa",""
"PMI Manhattan Group","","alau@pmimanhattangroup.com","https://www.newyorkassociationmanagement.com/blog/hoa-property-management-company-streamlining-operations-for-homeowners-associations-in-new-york","Quick question","
We offer a 7-day free trial. No cost, no contract. You see it running before committing to anything.
Gray Horizons Enterprise here.

The gap between a homeowner filing a report and that violation being fully resolved is where HOA teams take on the most risk.

We built a system that locks that gap down - every step tracked, documented, and followed up automatically.

I can get you set up in about a week. Let me know and I'll show you exactly how it works.

Gray Horizons Enterprise

To opt out of future emails, reply with REMOVE.
https://calendly.com/grayhorizonsenterprise/30min","sent","hoa",""
"PMI Turn Key NJ","","nick@pmiturnkeynj.com","https://www.monroepropertymanagementinc.com/middlesex-association-management","Process question","
We offer a 7-day free trial. No cost, no contract. You see it running before committing to anything.
Gray Horizons Enterprise here.

Straight to it - we help HOA management teams stop losing violations in the handoff between report, tracking, and resolution.

Most teams we work with had it happening constantly and didn't realize how much time it was costing.

I can show you exactly how we fixed it this week if you want to see it.

Gray Horizons Enterprise

To opt out of future emails, reply with REMOVE.
https://calendly.com/grayhorizonsenterprise/30min","sent","hoa",""
"AOL.com","","jlee@thesunnews.com","https://www.aol.com/hoa-property-management-companies-myrtle-100000192.html","Something we built for HOA teams","
We offer a 7-day free trial. No cost, no contract. You see it running before committing to anything.
Gray Horizons Enterprise here.

Most HOA teams we've worked with were losing track of violations between the initial report and final resolution.

We fixed that with a simple system that handles tracking and follow-ups automatically.

If this is even slightly an issue on your side, I can show you exactly how we set it up this week.

Gray Horizons Enterprise

To opt out of future emails, reply with REMOVE.
https://calendly.com/grayhorizonsenterprise/30min","sent","hoa",""
"PMI Alliance","","christian@pmialliance.com","https://www.pmialliance.com/blog/hoa-manager-services-elevating-the-quality-of-homeowners-association-management","Process question","
We offer a 7-day free trial. No cost, no contract. You see it running before committing to anything.
Gray Horizons Enterprise here.

Violation follow-up is where most HOA teams lose time - the documentation exists but pulling it together for a board review or audit takes way longer than it should.

We fixed that for a handful of firms and now it runs on its own.

I can walk you through the setup this week and show you what it looks like in practice.

Gray Horizons Enterprise

To opt out of future emails, reply with REMOVE.
https://calendly.com/grayhorizonsenterprise/30min","sent","hoa",""
"PMI Birmingham Region","","brady@pmibirminghamregion.com","https://www.birminghampropertymanagementinc.com/blog/hoa-property-managers-providing-professional-expertise-to-hoover-al-homeowners-associations","Something we built for HOA teams","
We offer a 7-day free trial. No cost, no contract. You see it running before committing to anything.
Gray Horizons Enterprise here.

HOA teams we've worked with had the same problem - violations documented at the start, then lost somewhere between board review and resolution.

We built a system that tracks the full lifecycle automatically so nothing slips.

I can show you exactly how it works and get it running for your team this week.

Gray Horizons Enterprise

To opt out of future emails, reply with REMOVE.
https://calendly.com/grayhorizonsenterprise/30min","sent","hoa",""
"Montana Housing Coalition","","katie.bonamasso@csh.org","https://mthousingcoalition.org/members/","How do you handle this?","
We offer a 7-day free trial. No cost, no contract. You see it running before committing to anything.
Gray Horizons Enterprise here.

Straight to it - we help HOA management teams stop losing violations in the handoff between report, tracking, and resolution.

Most teams we work with had it happening constantly and didn't realize how much time it was costing.

I can show you exactly how we fixed it this week if you want to see it.

Gray Horizons Enterprise

To opt out of future emails, reply with REMOVE.
https://calendly.com/grayhorizonsenterprise/30min","sent","hoa",""
"CMS Client Map","","jkerins@cmsmontana.com","https://www.cmsmontana.com/clientList.html","Something we built for HOA teams","
We offer a 7-day free trial. No cost, no contract. You see it running before committing to anything.
Gray Horizons Enterprise here.

Violation follow-up is where most HOA teams lose time - the documentation exists but pulling it together for a board review or audit takes way longer than it should.

We fixed that for a handful of firms and now it runs on its own.

I can walk you through the setup this week and show you what it looks like in practice.

Gray Horizons Enterprise

To opt out of future emails, reply with REMOVE.
https://calendly.com/grayhorizonsenterprise/30min","sent","hoa",""
"Kuester Management","","kuestercares@kuester.com","https://kuester.com/how-to-create-an-hoa-management-agreement-free-template/","How do you handle this?","Hey,

Quick question - when a violation gets reported, what does your process look like from that initial report to final resolution? Is there a system tracking each step or is it mostly email threads?

That gap is where most HOA teams run into problems.


We offer a 7-day free trial. No cost, no contract. You see it running before committing to anything.
Gray Horizons Enterprise

To opt out of future emails, reply with REMOVE.
https://calendly.com/grayhorizonsenterprise/30min","sent","hoa",""
"HOA Management","","hoa@hoatn.com","https://hoatn.com/","How do you handle this?","
We offer a 7-day free trial. No cost, no contract. You see it running before committing to anything.
Gray Horizons Enterprise here.

Most HOA teams we've worked with were losing track of violations between the initial report and final resolution.

We fixed that with a simple system that handles tracking and follow-ups automatically.

If this is even slightly an issue on your side, I can show you exactly how we set it up this week.

Gray Horizons Enterprise

To opt out of future emails, reply with REMOVE.
https://calendly.com/grayhorizonsenterprise/30min","sent","hoa",""
"Community & HOA Management Services","","Mary.Herrick@associa.us","https://www.associatennessee.com/","Something we built for HOA teams","
We offer a 7-day free trial. No cost, no contract. You see it running before committing to anything.
Gray Horizons Enterprise here.

The gap between a homeowner filing a report and that violation being fully resolved is where HOA teams take on the most risk.

We built a system that locks that gap down - every step tracked, documented, and followed up automatically.

I can get you set up in about a week. Let me know and I'll show you exactly how it works.

Gray Horizons Enterprise

To opt out of future emails, reply with REMOVE.
https://calendly.com/grayhorizonsenterprise/30min","sent","hoa",""
"Trusted HVAC California | N&C Air Conditioning & Heating","","mymail@mailservice.com","https://www.nandchvac.com/","Quick question","Hi,

Quick question - when your line is busy or it's after hours and a customer calls about a broken AC or furnace, what happens to that call?

If it goes to voicemail, research shows 80% of those customers book the next company that answers before you call back.

We built a follow-up system that responds to those inquiries automatically and keeps them engaged until your team can get them on the schedule. Happy to show you how it works in 20 minutes.

https://calendly.com/grayhorizonsenterprise/30min


We offer a 7-day free trial. No cost, no contract. You see it running before committing to anything.
Gray Horizons Enterprise

To opt out of future emails, reply with REMOVE.","sent","hvac",""
"Commercial HVAC Services","","aacinfo@amsofusa.com","https://www.aac-ams.com/","Something we built","Hi,

The average HVAC company loses $45,000-$120,000 per year to missed and unreturned calls. Most owners don't realize it because there's no system tracking what's being lost.

We fix that. I can show you exactly what it looks like for a shop your size in 20 minutes.

https://calendly.com/grayhorizonsenterprise/30min


We offer a 7-day free trial. No cost, no contract. You see it running before committing to anything.
Gray Horizons Enterprise

To opt out of future emails, reply with REMOVE.","sent","hvac",""
"""Go Solar & Save | Home Batteries, Roofing & HVAC | Watts Home Services""","","ed@solarwithwatts.com","https://www.solarwithwatts.com/hvac-estimate","Question for you","Hi,

Quick question - when your line is busy or it's after hours and a customer calls about a broken AC or furnace, what happens to that call?

If it goes to voicemail, research shows 80% of those customers book the next company that answers before you call back.

We built a follow-up system that responds to those inquiries automatically and keeps them engaged until your team can get them on the schedule. Happy to show you how it works in 20 minutes.

https://calendly.com/grayhorizonsenterprise/30min


We offer a 7-day free trial. No cost, no contract. You see it running before committing to anything.
Gray Horizons Enterprise

To opt out of future emails, reply with REMOVE.","sent","hvac",""
"Bridge Plumbing HVAC","","amy@bridgeplumbinghvac.com","https://bridgeplumbinghvac.com/service-areas/hvac-contractor-tempe-az/","Something we built","Hey,

HVAC companies with a full schedule typically miss 15-20 calls a week during peak season. At an average job value of $450, that's $6,750-$9,000 walking out the door every week.

We set up an automated follow-up system for HVAC shops that catches every missed inquiry and follows up immediately - so the customer hears from you before they book someone else.

Three shops we've set this up for recovered 6-10 jobs in the first month they'd have otherwise lost.

Worth a 20-minute call to see if it fits? https://calendly.com/grayhorizonsenterprise/30min.


We offer a 7-day free trial. No cost, no contract. You see it running before committing to anything.
Gray Horizons Enterprise

To opt out of future emails, reply with REMOVE.","sent","hvac",""
"Portland, OR","","roseheating@earthlink.net","https://www.roseheating.com/","Question for you","Hi,

The average HVAC company loses $45,000-$120,000 per year to missed and unreturned calls. Most owners don't realize it because there's no system tracking what's being lost.

We fix that. I can show you exactly what it looks like for a shop your size in 20 minutes.

https://calendly.com/grayhorizonsenterprise/30min


We offer a 7-day free trial. No cost, no contract. You see it running before committing to anything.
Gray Horizons Enterprise

To opt out of future emails, reply with REMOVE.","sent","hvac",""
"JD Mechanical","","jacob@jdmechanicalllc.com","https://www.jdmechanicalllc.com/","Quick question","Hey,

Most HVAC owners I talk to say the same thing - the jobs they lose aren't from bad work, they're from slow follow-up. Estimate sent, no response, job goes to whoever follows up first.

We built an automated system that follows up on every open estimate and every missed inquiry without anyone on your team having to do it manually.

If that sounds like something worth looking at, grab a time here: https://calendly.com/grayhorizonsenterprise/30min.


We offer a 7-day free trial. No cost, no contract. You see it running before committing to anything.
Gray Horizons Enterprise

To opt out of future emails, reply with REMOVE.","sent","hvac",""
"Goettl Air Conditioning and Plumbing","","domains@goettl.com","https://www.goettl.com/contact-us/","Quick question","Hey,

Most HVAC owners I talk to say the same thing - the jobs they lose aren't from bad work, they're from slow follow-up. Estimate sent, no response, job goes to whoever follows up first.

We built an automated system that follows up on every open estimate and every missed inquiry without anyone on your team having to do it manually.

If that sounds like something worth looking at, grab a time here: https://calendly.com/grayhorizonsenterprise/30min.


We offer a 7-day free trial. No cost, no contract. You see it running before committing to anything.
Gray Horizons Enterprise

To opt out of future emails, reply with REMOVE.","sent","hvac",""
"Major Heating and Air Conditioning","","sbricker@gomajornow.com","https://majorheating.com/","How do you handle this?","Hi,

The average HVAC company loses $45,000-$120,000 per year to missed and unreturned calls. Most owners don't realize it because there's no system tracking what's being lost.

We fix that. I can show you exactly what it looks like for a shop your size in 20 minutes.

https://calendly.com/grayhorizonsenterprise/30min


We offer a 7-day free trial. No cost, no contract. You see it running before committing to anything.
Gray Horizons Enterprise

To opt out of future emails, reply with REMOVE.","sent","hvac",""
"5280 Heating and Air Conditioning","","ryan@5280cool.com","https://5280heatingandair.com/","Quick question","Hey,

HVAC companies with a full schedule typically miss 15-20 calls a week during peak season. At an average job value of $450, that's $6,750-$9,000 walking out the door every week.

We set up an automated follow-up system for HVAC shops that catches every missed inquiry and follows up immediately - so the customer hears from you before they book someone else.

Three shops we've set this up for recovered 6-10 jobs in the first month they'd have otherwise lost.

Worth a 20-minute call to see if it fits? https://calendly.com/grayhorizonsenterprise/30min.


We offer a 7-day free trial. No cost, no contract. You see it running before committing to anything.
Gray Horizons Enterprise

To opt out of future emails, reply with REMOVE.","sent","hvac",""
"Valente Plumbing Heating & AC","","Nick@valenteplumbingheatingac.com","https://valenteplumbingheatingac.com/","Question for you","Hi,

Quick question - when your line is busy or it's after hours and a customer calls about a broken AC or furnace, what happens to that call?

If it goes to voicemail, research shows 80% of those customers book the next company that answers before you call back.

We built a follow-up system that responds to those inquiries automatically and keeps them engaged until your team can get them on the schedule. Happy to show you how it works in 20 minutes.

https://calendly.com/grayhorizonsenterprise/30min


We offer a 7-day free trial. No cost, no contract. You see it running before committing to anything.
Gray Horizons Enterprise

To opt out of future emails, reply with REMOVE.","sent","hvac",""
"Air Conditioning Services","","rob@top-tier.net","https://top-tier.net/services/air-conditioning-services/","How do you handle this?","Hi,

The average HVAC company loses $45,000-$120,000 per year to missed and unreturned calls. Most owners don't realize it because there's no system tracking what's being lost.

We fix that. I can show you exactly what it looks like for a shop your size in 20 minutes.

https://calendly.com/grayhorizonsenterprise/30min


We offer a 7-day free trial. No cost, no contract. You see it running before committing to anything.
Gray Horizons Enterprise

To opt out of future emails, reply with REMOVE.","sent","hvac",""
"Trane -Heating&CoolingServices,heating... — Yandex Maps","","webmaps-revolution@yandex-team.ru","https://yandex.com/maps/org/trane_heating_cooling_services/105182296978/","Something we built","Hey,

HVAC companies with a full schedule typically miss 15-20 calls a week during peak season. At an average job value of $450, that's $6,750-$9,000 walking out the door every week.

We set up an automated follow-up system for HVAC shops that catches every missed inquiry and follows up immediately - so the customer hears from you before they book someone else.

Three shops we've set this up for recovered 6-10 jobs in the first month they'd have otherwise lost.

Worth a 20-minute call to see if it fits? https://calendly.com/grayhorizonsenterprise/30min.


We offer a 7-day free trial. No cost, no contract. You see it running before committing to anything.
Gray Horizons Enterprise

To opt out of future emails, reply with REMOVE.","sent","hvac",""
"Foster's Air Conditioning & Heating","","install@fostersair.com","https://fostersair.com/","Quick question","Hey,

Most HVAC owners I talk to say the same thing - the jobs they lose aren't from bad work, they're from slow follow-up. Estimate sent, no response, job goes to whoever follows up first.

We built an automated system that follows up on every open estimate and every missed inquiry without anyone on your team having to do it manually.

If that sounds like something worth looking at, grab a time here: https://calendly.com/grayhorizonsenterprise/30min.


We offer a 7-day free trial. No cost, no contract. You see it running before committing to anything.
Gray Horizons Enterprise

To opt out of future emails, reply with REMOVE.","sent","hvac",""
"Trusted HVAC Experts in Baton Rouge","","BatonRouge@temperaturepro.com","https://www.temperatureprobtr.com/","Quick question","Hey,

Most HVAC owners I talk to say the same thing - the jobs they lose aren't from bad work, they're from slow follow-up. Estimate sent, no response, job goes to whoever follows up first.

We built an automated system that follows up on every open estimate and every missed inquiry without anyone on your team having to do it manually.

If that sounds like something worth looking at, grab a time here: https://calendly.com/grayhorizonsenterprise/30min.


We offer a 7-day free trial. No cost, no contract. You see it running before committing to anything.
Gray Horizons Enterprise

To opt out of future emails, reply with REMOVE.","sent","hvac",""
"Downtobid","","bids@downtobid.com","https://downtobid.com/contractors/hvac/el-paso","Quick question","Hi,

The average HVAC company loses $45,000-$120,000 per year to missed and unreturned calls. Most owners don't realize it because there's no system tracking what's being lost.

We fix that. I can show you exactly what it looks like for a shop your size in 20 minutes.

https://calendly.com/grayhorizonsenterprise/30min


We offer a 7-day free trial. No cost, no contract. You see it running before committing to anything.
Gray Horizons Enterprise

To opt out of future emails, reply with REMOVE.","sent","hvac",""
"MPSW -","","plumbing@mpsw.com","https://mpsw.com/","Quick question","Hi,

Quick question - when your line is busy or it's after hours and a customer calls about a broken AC or furnace, what happens to that call?

If it goes to voicemail, research shows 80% of those customers book the next company that answers before you call back.

We built a follow-up system that responds to those inquiries automatically and keeps them engaged until your team can get them on the schedule. Happy to show you how it works in 20 minutes.

https://calendly.com/grayhorizonsenterprise/30min


We offer a 7-day free trial. No cost, no contract. You see it running before committing to anything.
Gray Horizons Enterprise

To opt out of future emails, reply with REMOVE.","sent","hvac",""
"Daikin Applied","","aaron.parker@daikinapplied.com","https://www.daikinapplied.com/news/news/Varitec-Daikin-Press-Release","Quick question","Hi,

The average HVAC company loses $45,000-$120,000 per year to missed and unreturned calls. Most owners don't realize it because there's no system tracking what's being lost.

We fix that. I can show you exactly what it looks like for a shop your size in 20 minutes.

https://calendly.com/grayhorizonsenterprise/30min


We offer a 7-day free trial. No cost, no contract. You see it running before committing to anything.
Gray Horizons Enterprise

To opt out of future emails, reply with REMOVE.","sent","hvac",""
"Liberty Dental Plan","","compliancehotline@libertydentalplan.com","https://www.libertydentalplan.com/LIBERTY-Dental-Plan-of-California/Medi-Cal/Medi-Cal-Dentist-Search-1.aspx","Question for you","Hey,

The average dental practice loses 8-12 new patients every month to slow follow-up. A patient submits a form or calls after hours, nobody responds until the next morning, and by then they've booked somewhere else.

At $1,200 average lifetime value per new patient, that's $9,600-$14,400 a month slipping through.

We built a follow-up system that responds to every new patient inquiry immediately - even at 11pm - and keeps them engaged until they're booked. Happy to show you how it works in 20 minutes.

https://calendly.com/grayhorizonsenterprise/30min


We offer a 7-day free trial. No cost, no contract. You see it running before committing to anything.
Gray Horizons Enterprise

To opt out of future emails, reply with REMOVE.","sent","dental",""
"Wendel Family Dental Centre","","mainschedule@wendeldental.com","https://www.wendeldental.com/about-us/dentists/","Quick question","Hi,

Patient no-shows cost the average dental practice $50,000-$150,000 per year in lost chair time. Most practices send one reminder. We send an automated sequence that cuts no-show rates by 40-60%.

Happy to walk you through exactly how it works: https://calendly.com/grayhorizonsenterprise/30min.


We offer a 7-day free trial. No cost, no contract. You see it running before committing to anything.
Gray Horizons Enterprise

To opt out of future emails, reply with REMOVE.","sent","dental",""
"Contact Us","","experts@medpro.com","https://www.medpro.com/contact-us","Something we built for practices","Hey,

Most practices have 200-400 patients who called or filled out a form, never booked, and were never followed up with again. That's $240,000-$480,000 in lost lifetime value sitting in a spreadsheet or voicemail box.

We built a reactivation system that reaches back out to those patients automatically and gets them back on the schedule.

I can show you what this looks like for your practice in 20 minutes: https://calendly.com/grayhorizonsenterprise/30min.


We offer a 7-day free trial. No cost, no contract. You see it running before committing to anything.
Gray Horizons Enterprise

To opt out of future emails, reply with REMOVE.","sent","dental",""
"3 top management tips for your multi-location dental practice","","straeger@dentalclaimsupport.com","https://www.dentalclaimsupport.com/blog/top-management-tips-multi-location-dental-practice","Quick question","Hi,

Patient no-shows cost the average dental practice $50,000-$150,000 per year in lost chair time. Most practices send one reminder. We send an automated sequence that cuts no-show rates by 40-60%.

Happy to walk you through exactly how it works: https://calendly.com/grayhorizonsenterprise/30min.


We offer a 7-day free trial. No cost, no contract. You see it running before committing to anything.
Gray Horizons Enterprise

To opt out of future emails, reply with REMOVE.","sent","dental",""
"Done In One - Permanent Implant Teeth in One Week","","smile@getdoneinone.com","https://getdoneinone.com/","Something we built for practices","Hey,

The average dental practice loses 8-12 new patients every month to slow follow-up. A patient submits a form or calls after hours, nobody responds until the next morning, and by then they've booked somewhere else.

At $1,200 average lifetime value per new patient, that's $9,600-$14,400 a month slipping through.

We built a follow-up system that responds to every new patient inquiry immediately - even at 11pm - and keeps them engaged until they're booked. Happy to show you how it works in 20 minutes.

https://calendly.com/grayhorizonsenterprise/30min


We offer a 7-day free trial. No cost, no contract. You see it running before committing to anything.
Gray Horizons Enterprise

To opt out of future emails, reply with REMOVE.","sent","dental",""
"Marylebone House Dental Practice","","marylebone@rodericksdental.co.uk","https://rodericksdentalpartners.co.uk/our-practices/marylebone-house-dental-practice","Something we built for practices","Hi,

Quick question for you - when a new patient submits a form on your website at 8pm on a Tuesday, what happens to that inquiry?

If it sits until the next morning, research shows 78% of those patients have already booked somewhere else by the time you call back.

We fix that with an automated follow-up system. Three practices we've set this up for saw immediate increases in new patient bookings in the first 30 days.

Worth 20 minutes to see the setup? https://calendly.com/grayhorizonsenterprise/30min.


We offer a 7-day free trial. No cost, no contract. You see it running before committing to anything.
Gray Horizons Enterprise

To opt out of future emails, reply with REMOVE.","sent","dental",""
"Dentist in Sonora, CA","","sonoradentist@mlode.com","https://sonoradentist.com/find-an-implant-dentist-to-restore-your-smile-video-interview/","Question for you","Hi,

Quick question for you - when a new patient submits a form on your website at 8pm on a Tuesday, what happens to that inquiry?

If it sits until the next morning, research shows 78% of those patients have already booked somewhere else by the time you call back.

We fix that with an automated follow-up system. Three practices we've set this up for saw immediate increases in new patient bookings in the first 30 days.

Worth 20 minutes to see the setup? https://calendly.com/grayhorizonsenterprise/30min.


We offer a 7-day free trial. No cost, no contract. You see it running before committing to anything.
Gray Horizons Enterprise

To opt out of future emails, reply with REMOVE.","sent","dental",""
"Dental Care East Hanover","","dentist@dentalcareeasthanover.com","https://dentalcareeasthanover.com/about/new-patient-resources/","Something we built for practices","Hey,

The average dental practice loses 8-12 new patients every month to slow follow-up. A patient submits a form or calls after hours, nobody responds until the next morning, and by then they've booked somewhere else.

At $1,200 average lifetime value per new patient, that's $9,600-$14,400 a month slipping through.

We built a follow-up system that responds to every new patient inquiry immediately - even at 11pm - and keeps them engaged until they're booked. Happy to show you how it works in 20 minutes.

https://calendly.com/grayhorizonsenterprise/30min


We offer a 7-day free trial. No cost, no contract. You see it running before committing to anything.
Gray Horizons Enterprise

To opt out of future emails, reply with REMOVE.","sent","dental",""
"Unique Dental of Framingham -","","smile@uniquedentalofframingham.com","https://uniquedentalofframingham.com/","How do you handle this?","Hey,

The average dental practice loses 8-12 new patients every month to slow follow-up. A patient submits a form or calls after hours, nobody responds until the next morning, and by then they've booked somewhere else.

At $1,200 average lifetime value per new patient, that's $9,600-$14,400 a month slipping through.

We built a follow-up system that responds to every new patient inquiry immediately - even at 11pm - and keeps them engaged until they're booked. Happy to show you how it works in 20 minutes.

https://calendly.com/grayhorizonsenterprise/30min


We offer a 7-day free trial. No cost, no contract. You see it running before committing to anything.
Gray Horizons Enterprise

To opt out of future emails, reply with REMOVE.","sent","dental",""
"Friendly Dental Group","","ballantyne@friendlydentalgroup.com","https://www.friendlydentalgroup.com/dental-services/","Question for you","Hey,

The average dental practice loses 8-12 new patients every month to slow follow-up. A patient submits a form or calls after hours, nobody responds until the next morning, and by then they've booked somewhere else.

At $1,200 average lifetime value per new patient, that's $9,600-$14,400 a month slipping through.

We built a follow-up system that responds to every new patient inquiry immediately - even at 11pm - and keeps them engaged until they're booked. Happy to show you how it works in 20 minutes.

https://calendly.com/grayhorizonsenterprise/30min


We offer a 7-day free trial. No cost, no contract. You see it running before committing to anything.
Gray Horizons Enterprise

To opt out of future emails, reply with REMOVE.","sent","dental",""
"fdhonline","","fdh@fdhonline.com","https://www.fdhonline.com/locations/","How do you handle this?","Hey,

The average dental practice loses 8-12 new patients every month to slow follow-up. A patient submits a form or calls after hours, nobody responds until the next morning, and by then they've booked somewhere else.

At $1,200 average lifetime value per new patient, that's $9,600-$14,400 a month slipping through.

We built a follow-up system that responds to every new patient inquiry immediately - even at 11pm - and keeps them engaged until they're booked. Happy to show you how it works in 20 minutes.

https://calendly.com/grayhorizonsenterprise/30min


We offer a 7-day free trial. No cost, no contract. You see it running before committing to anything.
Gray Horizons Enterprise

To opt out of future emails, reply with REMOVE.","sent","dental",""
"DentalPlans.com","","members@dentalplans.com","https://www.dentalplans.com/find-a-dentist/","Something we built for practices","Hi,

Patient no-shows cost the average dental practice $50,000-$150,000 per year in lost chair time. Most practices send one reminder. We send an automated sequence that cuts no-show rates by 40-60%.

Happy to walk you through exactly how it works: https://calendly.com/grayhorizonsenterprise/30min.


We offer a 7-day free trial. No cost, no contract. You see it running before committing to anything.
Gray Horizons Enterprise

To opt out of future emails, reply with REMOVE.","sent","dental",""
"DentalClub -","","Richard@DentalClub.com","https://dentalclub.com/team/","Question for you","Hey,

Most practices have 200-400 patients who called or filled out a form, never booked, and were never followed up with again. That's $240,000-$480,000 in lost lifetime value sitting in a spreadsheet or voicemail box.

We built a reactivation system that reaches back out to those patients automatically and gets them back on the schedule.

I can show you what this looks like for your practice in 20 minutes: https://calendly.com/grayhorizonsenterprise/30min.


We offer a 7-day free trial. No cost, no contract. You see it running before committing to anything.
Gray Horizons Enterprise

To opt out of future emails, reply with REMOVE.","sent","dental",""
"Modern Dental","","frontdesk@moderndent.com","https://moderndent.com/","How do you handle this?","Hey,

The average dental practice loses 8-12 new patients every month to slow follow-up. A patient submits a form or calls after hours, nobody responds until the next morning, and by then they've booked somewhere else.

At $1,200 average lifetime value per new patient, that's $9,600-$14,400 a month slipping through.

We built a follow-up system that responds to every new patient inquiry immediately - even at 11pm - and keeps them engaged until they're booked. Happy to show you how it works in 20 minutes.

https://calendly.com/grayhorizonsenterprise/30min


We offer a 7-day free trial. No cost, no contract. You see it running before committing to anything.
Gray Horizons Enterprise

To opt out of future emails, reply with REMOVE.","sent","dental",""
"Lubbock Dental Care & Orthodontics","","infoldc@p4dentists.com","https://lubbockdentalcare.com/","Question for you","Hey,

The average dental practice loses 8-12 new patients every month to slow follow-up. A patient submits a form or calls after hours, nobody responds until the next morning, and by then they've booked somewhere else.

At $1,200 average lifetime value per new patient, that's $9,600-$14,400 a month slipping through.

We built a follow-up system that responds to every new patient inquiry immediately - even at 11pm - and keeps them engaged until they're booked. Happy to show you how it works in 20 minutes.

https://calendly.com/grayhorizonsenterprise/30min


We offer a 7-day free trial. No cost, no contract. You see it running before committing to anything.
Gray Horizons Enterprise

To opt out of future emails, reply with REMOVE.","sent","dental",""
"rezabplumbing.com","","jeannie@rezabplumbing.com","https://rezabplumbing.com/","How do you handle missed calls?","Hey,

Post-job follow-up almost never happens in plumbing - no check-in call, no review request, no next service reminder.

We built that entire process into a system that runs automatically after every job closes.

I can show you what it looks like and get it running for your team this week.


We offer a 7-day free trial. No cost, no contract. You see it running before committing to anything.
Gray Horizons Enterprise

To opt out of future emails, reply with REMOVE.
https://calendly.com/grayhorizonsenterprise/30min","sent","plumbing",""
"Plumber Vista, CA","","cc@1800anytyme.com","https://1800anytyme.com/","Question for you","Hi,

After-hours and weekend calls are where most plumbing companies lose the most jobs - by the time someone calls back the customer has already moved on.

We built a system that captures and responds to those inquiries automatically so you stop losing jobs to whoever answers first.

I can show you exactly how we set it up this week.


We offer a 7-day free trial. No cost, no contract. You see it running before committing to anything.
Gray Horizons Enterprise

To opt out of future emails, reply with REMOVE.
https://calendly.com/grayhorizonsenterprise/30min","sent","plumbing",""
"Plumbing Services in Chicago, IL","","services@flymechanical.com","https://www.flyplumbing.com/chicago-plumber","Question for you","Hey,

Direct question - when an emergency call comes in at night and your main line is busy, how does your team handle it? Does it route somewhere or go to voicemail?

That's usually the biggest gap I hear about from plumbing companies.


We offer a 7-day free trial. No cost, no contract. You see it running before committing to anything.
Gray Horizons Enterprise

To opt out of future emails, reply with REMOVE.
https://calendly.com/grayhorizonsenterprise/30min","sent","plumbing",""
"Best Remodeling and Construction","","Michael@BestRandC.com","https://bestrandc.com/blog/kitchen-remodeling-phoenix-licensed-contractor-trusted-local-pros","How do you handle missed calls?","Hey,

Direct question - when an emergency call comes in at night and your main line is busy, how does your team handle it? Does it route somewhere or go to voicemail?

That's usually the biggest gap I hear about from plumbing companies.


We offer a 7-day free trial. No cost, no contract. You see it running before committing to anything.
Gray Horizons Enterprise

To opt out of future emails, reply with REMOVE.
https://calendly.com/grayhorizonsenterprise/30min","sent","plumbing",""
"Dreamland Plumbing","","dreamland@kyzarair.com","https://www.dreamlandplumbing.com/","How do you handle missed calls?","Hi,

The gap between a job finishing and the customer leaving a review is where most plumbing companies lose their referral pipeline.

We built a system that handles post-job follow-up and review collection automatically.

I can show you how it works this week.


We offer a 7-day free trial. No cost, no contract. You see it running before committing to anything.
Gray Horizons Enterprise

To opt out of future emails, reply with REMOVE.
https://calendly.com/grayhorizonsenterprise/30min","sent","plumbing",""
"Gutter Siding Roof Replacement","","ernie@erniesgutter.com","https://erniesgutter.com/","Question for you","Hey,

Post-job follow-up almost never happens in plumbing - no check-in call, no review request, no next service reminder.

We built that entire process into a system that runs automatically after every job closes.

I can show you what it looks like and get it running for your team this week.


We offer a 7-day free trial. No cost, no contract. You see it running before committing to anything.
Gray Horizons Enterprise

To opt out of future emails, reply with REMOVE.
https://calendly.com/grayhorizonsenterprise/30min","sent","plumbing",""
"Magnum Plumbing Company Inc","","aven@magnumplumbingco.com","https://magnumplumbingco.com/keep-your-home-flowing-why-professional-plumbing-services-make-all-the-difference/","How do you handle missed calls?","Hey,

Most plumbing companies we work with had no system for job tracking across crews - status updates required calling the tech directly every time.

We fixed that with a system that keeps every job visible from dispatch to close-out without anyone having to chase it down.

I can get you set up in about a week.


We offer a 7-day free trial. No cost, no contract. You see it running before committing to anything.
Gray Horizons Enterprise

To opt out of future emails, reply with REMOVE.
https://calendly.com/grayhorizonsenterprise/30min","sent","plumbing",""
"Trinity Boring Solutions","","Darren@trinityboringsolutions.com","https://trinityboringsolutions.com/directional-boring-in-midwest-city-ok/","Quick question","Hey,

Most plumbing companies we work with had no system for job tracking across crews - status updates required calling the tech directly every time.

We fixed that with a system that keeps every job visible from dispatch to close-out without anyone having to chase it down.

I can get you set up in about a week.


We offer a 7-day free trial. No cost, no contract. You see it running before committing to anything.
Gray Horizons Enterprise

To opt out of future emails, reply with REMOVE.
https://calendly.com/grayhorizonsenterprise/30min","sent","plumbing",""
"SNZ Plumbing Estimating | Australia's Trusted Plumbing Estimating Partner","","estimating@snzplumbingestimating.com.au","https://snzplumbingestimating.com.au/residential-plumbing-estimates/","Quick question","Hey,

Direct question - when an emergency call comes in at night and your main line is busy, how does your team handle it? Does it route somewhere or go to voicemail?

That's usually the biggest gap I hear about from plumbing companies.


We offer a 7-day free trial. No cost, no contract. You see it running before committing to anything.
Gray Horizons Enterprise

To opt out of future emails, reply with REMOVE.
https://calendly.com/grayhorizonsenterprise/30min","sent","plumbing",""
"Tarzia Plumbing & Heating","","ntarz@tarziagroup.com","https://tarziaplumbing.com/plumbing-services/residential-plumbing-services/","Quick question","Hi,

After-hours and weekend calls are where most plumbing companies lose the most jobs - by the time someone calls back the customer has already moved on.

We built a system that captures and responds to those inquiries automatically so you stop losing jobs to whoever answers first.

I can show you exactly how we set it up this week.


We offer a 7-day free trial. No cost, no contract. You see it running before committing to anything.
Gray Horizons Enterprise

To opt out of future emails, reply with REMOVE.
https://calendly.com/grayhorizonsenterprise/30min","sent","plumbing",""
"MSB ESTIMATING LLC - We are trusted construction estimating services providers helping contractors sub-contractors bid more","","estimate@msbestimating.com","https://msbestimating.com/deleted-plumbing-estimating-services/","Something we built","Hey,

Most plumbing companies we work with had no system for job tracking across crews - status updates required calling the tech directly every time.

We fixed that with a system that keeps every job visible from dispatch to close-out without anyone having to chase it down.

I can get you set up in about a week.


We offer a 7-day free trial. No cost, no contract. You see it running before committing to anything.
Gray Horizons Enterprise

To opt out of future emails, reply with REMOVE.
https://calendly.com/grayhorizonsenterprise/30min","sent","plumbing",""
"SPBLA","","dcutrer@spbla.com","https://www.spbla.com/","Question for you","Hey,

The biggest revenue leak for most plumbing companies is missed calls - the customer calls once, nobody answers, and they book someone else before you call back.

We built a system that captures every missed call and gets it back into your pipeline automatically.

I can show you exactly how it works this week.


We offer a 7-day free trial. No cost, no contract. You see it running before committing to anything.
Gray Horizons Enterprise

To opt out of future emails, reply with REMOVE.
https://calendly.com/grayhorizonsenterprise/30min","sent","plumbing",""
"Mainstream Electric, Heating, Cooling, & Plumbing","","contact.us@866411zapp.com","https://mainstreamhomeservices.com/plumbing-services/","Something we built","Hey,

Direct question - when an emergency call comes in at night and your main line is busy, how does your team handle it? Does it route somewhere or go to voicemail?

That's usually the biggest gap I hear about from plumbing companies.


We offer a 7-day free trial. No cost, no contract. You see it running before committing to anything.
Gray Horizons Enterprise

To opt out of future emails, reply with REMOVE.
https://calendly.com/grayhorizonsenterprise/30min","sent","plumbing",""
"Home","","estimating@gleesonconstructors.com","https://www.gleesonconstructors.com/","Something we built for contractors","Hi,

The gap between a lead reaching out and your team getting them a quote is usually where the job goes to a competitor.

We built a system that cuts that response time down and automates the follow-up so no lead goes cold.

I can get you set up in about a week. Let me know and I will show you exactly how it works.


We offer a 7-day free trial. No cost, no contract. You see it running before committing to anything.
Gray Horizons Enterprise

To opt out of future emails, reply with REMOVE.
https://calendly.com/grayhorizonsenterprise/30min","sent","contractor",""
"Florida General Contractor, LLC","","jmartinez@flgcinc.com","https://www.flgcinc.com/","Something we built for contractors","Hey,

After-hours inquiries from homeowners are some of the highest-intent leads a contractor gets - and most of them go unanswered until the next day.

We built a system that captures and responds to those leads automatically so you are always first to respond.

I can show you how we set it up this week.


We offer a 7-day free trial. No cost, no contract. You see it running before committing to anything.
Gray Horizons Enterprise

To opt out of future emails, reply with REMOVE.
https://calendly.com/grayhorizonsenterprise/30min","sent","contractor",""
"Teal Construction","","estimating@tealcon.com","https://www.tealcon.com/","Something we built for contractors","Hey,

When you send out an estimate and don't hear back, what does your follow-up process look like? Is there a system tracking each open bid or does it depend on whoever sent it remembering to follow up?

That's usually where jobs go cold.


We offer a 7-day free trial. No cost, no contract. You see it running before committing to anything.
Gray Horizons Enterprise

To opt out of future emails, reply with REMOVE.
https://calendly.com/grayhorizonsenterprise/30min","sent","contractor",""
"Commercial Construction","","dsoko@sandscbuilders.com","https://www.sandscbuilders.com/","Quick question","Hey,

Most contractors we work with were losing jobs not because of the work but because estimate follow-up was not happening consistently.

We built a system that tracks every open bid and follows up automatically until you get a response.

I can show you exactly how it works and get it running for your team this week.


We offer a 7-day free trial. No cost, no contract. You see it running before committing to anything.
Gray Horizons Enterprise

To opt out of future emails, reply with REMOVE.
https://calendly.com/grayhorizonsenterprise/30min","sent","contractor",""
"thecooperator","","editorial@cooperatornews.com","https://cooperatornews.com/article/pay-attention-to-the-details","Quick question","Hi,

The gap between a lead reaching out and your team getting them a quote is usually where the job goes to a competitor.

We built a system that cuts that response time down and automates the follow-up so no lead goes cold.

I can get you set up in about a week. Let me know and I will show you exactly how it works.


We offer a 7-day free trial. No cost, no contract. You see it running before committing to anything.
Gray Horizons Enterprise

To opt out of future emails, reply with REMOVE.
https://calendly.com/grayhorizonsenterprise/30min","sent","contractor",""
"R.H. White Companies, Inc.","","clientservices@rhwhite.com","https://www.rhwhite.com/solutions/institutional/","Something we built for contractors","Hey,

Most contractors we work with were losing jobs not because of the work but because estimate follow-up was not happening consistently.

We built a system that tracks every open bid and follows up automatically until you get a response.

I can show you exactly how it works and get it running for your team this week.


We offer a 7-day free trial. No cost, no contract. You see it running before committing to anything.
Gray Horizons Enterprise

To opt out of future emails, reply with REMOVE.
https://calendly.com/grayhorizonsenterprise/30min","sent","contractor",""
"KMD Construction, LLC |","","kyle@kmdconstruction.net","https://kmdconstruction.net/construction-services-charleston/commercial-contractor/general-contractor/","Something we built for contractors","Hey,

Most contractors we work with were losing jobs not because of the work but because estimate follow-up was not happening consistently.

We built a system that tracks every open bid and follows up automatically until you get a response.

I can show you exactly how it works and get it running for your team this week.


We offer a 7-day free trial. No cost, no contract. You see it running before committing to anything.
Gray Horizons Enterprise

To opt out of future emails, reply with REMOVE.
https://calendly.com/grayhorizonsenterprise/30min","sent","contractor",""
"Alabama Construction Law","","llogsdon@wallacejordan.com","https://alabamaconstructionlaw.com/alabama-construction-law-newsletter-december-2004/","How do you handle this?","Hey,

Contractors lose more jobs to slow follow-up than to price - the client moves on before the estimate even gets a response.

We fixed that for several firms with a system that tracks every estimate and follows up automatically.

I can show you what that looks like this week.


We offer a 7-day free trial. No cost, no contract. You see it running before committing to anything.
Gray Horizons Enterprise

To opt out of future emails, reply with REMOVE.
https://calendly.com/grayhorizonsenterprise/30min","sent","contractor",""
"Construction Projects in","","contentcase@constructconnect.com","https://projects.constructconnect.com/market-report/alabama-construction-projects","Question for you","Hey,

When you send out an estimate and don't hear back, what does your follow-up process look like? Is there a system tracking each open bid or does it depend on whoever sent it remembering to follow up?

That's usually where jobs go cold.


We offer a 7-day free trial. No cost, no contract. You see it running before committing to anything.
Gray Horizons Enterprise

To opt out of future emails, reply with REMOVE.
https://calendly.com/grayhorizonsenterprise/30min","sent","contractor",""
"Stroth General","","will@strothgeneral.com","http://strothgeneral.com/","Question for you","Hey,

Most contractors we work with were losing jobs not because of the work but because estimate follow-up was not happening consistently.

We built a system that tracks every open bid and follows up automatically until you get a response.

I can show you exactly how it works and get it running for your team this week.


We offer a 7-day free trial. No cost, no contract. You see it running before committing to anything.
Gray Horizons Enterprise

To opt out of future emails, reply with REMOVE.
https://calendly.com/grayhorizonsenterprise/30min","sent","contractor",""
"Jake's Lawn & Landscape","","jake@jakeslawnandlandscape.com","https://jakeslawnandlandscape.com/","Quick question","Hey,

When your schedule is full and a new lead comes in it almost always gets lost - there is no system to capture it for later.

We built a system that holds every overflow lead and follows up automatically when your schedule opens.

I can show you how we set it up this week.


We offer a 7-day free trial. No cost, no contract. You see it running before committing to anything.
Gray Horizons Enterprise

To opt out of future emails, reply with REMOVE.
https://calendly.com/grayhorizonsenterprise/30min","sent","landscaping",""
"Pinnacle Contracting Services, LLC","","website@pinnaclenc.com","https://www.pinnaclenc.com/locations","How do you handle overflow leads?","Hey,

The first company to respond to an estimate request in landscaping almost always wins the job - most homeowners book whoever gets back to them first.

We built a system that captures new inquiries and responds automatically so you are always first.

I can show you exactly how it works this week.


We offer a 7-day free trial. No cost, no contract. You see it running before committing to anything.
Gray Horizons Enterprise

To opt out of future emails, reply with REMOVE.
https://calendly.com/grayhorizonsenterprise/30min","sent","landscaping",""
"JT Landscaping","","elia@jts-landscaping.com","https://jts-landscaping.com/","Quick question","Hey,

When your schedule is full and a new lead comes in it almost always gets lost - there is no system to capture it for later.

We built a system that holds every overflow lead and follows up automatically when your schedule opens.

I can show you how we set it up this week.


We offer a 7-day free trial. No cost, no contract. You see it running before committing to anything.
Gray Horizons Enterprise

To opt out of future emails, reply with REMOVE.
https://calendly.com/grayhorizonsenterprise/30min","sent","landscaping",""
"Mester Roofing","","jason@mesterroofing.com","https://www.mesterroofing.com/","How do you handle this?","Hi there,

How are you following up on estimates that went out but never got a response? In roofing those can be pretty high-value jobs to let slip.

Just curious what your current process looks like.


We offer a 7-day free trial. No cost, no contract. You see it running before committing to anything.
Gray Horizons Enterprise

To opt out of future emails, reply with REMOVE.
https://calendly.com/grayhorizonsenterprise/30min","sent","roofing",""
"TRI-STATE Professional Roofing Contractor","","inquiry@phoenixroofingsystems.net","https://phoenixroofingsystems.net/","How do you handle this?","Hey,

Quick one: after a storm comes through your area, how does your team handle the wave of calls that come in? Is there a system to track each one or does it get a little chaotic?

We've been helping roofing companies manage exactly that.


We offer a 7-day free trial. No cost, no contract. You see it running before committing to anything.
Gray Horizons Enterprise

To opt out of future emails, reply with REMOVE.
https://calendly.com/grayhorizonsenterprise/30min","sent","roofing",""
"Boise Roof","","mrhill@boiseroofrepair.co","https://boiseroofrepair.co/","Something we built for roofers","Hey,

Quick one: after a storm comes through your area, how does your team handle the wave of calls that come in? Is there a system to track each one or does it get a little chaotic?

We've been helping roofing companies manage exactly that.


We offer a 7-day free trial. No cost, no contract. You see it running before committing to anything.
Gray Horizons Enterprise

To opt out of future emails, reply with REMOVE.
https://calendly.com/grayhorizonsenterprise/30min","sent","roofing",""
"Summers Plumbing Heating & Cooling","","david@placementseo.com","https://summersphc.com/","How do you handle this?","Hi,

Quick question - when your line is busy or it's after hours and a customer calls about a broken AC or furnace, what happens to that call?

If it goes to voicemail, research shows 80% of those customers book the next company that answers before you call back.

We built a follow-up system that responds to those inquiries automatically and keeps them engaged until your team can get them on the schedule. Happy to show you how it works in 20 minutes.

https://calendly.com/grayhorizonsenterprise/30min


We offer a 7-day free trial. No cost, no contract. You see it running before committing to anything.
Gray Horizons Enterprise

To opt out of future emails, reply with REMOVE.","sent","hvac",""
"South Shore Dental","","southshoredds@southshoredentist.com","https://southshoredentist.com/new-patients","Quick question","Hey,

Most practices have 200-400 patients who called or filled out a form, never booked, and were never followed up with again. That's $240,000-$480,000 in lost lifetime value sitting in a spreadsheet or voicemail box.

We built a reactivation system that reaches back out to those patients automatically and gets them back on the schedule.

I can show you what this looks like for your practice in 20 minutes: https://calendly.com/grayhorizonsenterprise/30min.


We offer a 7-day free trial. No cost, no contract. You see it running before committing to anything.
Gray Horizons Enterprise

To opt out of future emails, reply with REMOVE.","sent","dental",""
"Free Estimate","","yudkin@cox.net","https://myconstructioninc.com/free-estimate/","Quick question","Hey,

When you send out an estimate and don't hear back, what does your follow-up process look like? Is there a system tracking each open bid or does it depend on whoever sent it remembering to follow up?

That's usually where jobs go cold.


We offer a 7-day free trial. No cost, no contract. You see it running before committing to anything.
Gray Horizons Enterprise

To opt out of future emails, reply with REMOVE.
https://calendly.com/grayhorizonsenterprise/30min","sent","contractor",""
"BOND Building","","tmaclaurin@bond-building.com","https://bond-building.com/home/","Something we built for contractors","Hey,

After-hours inquiries from homeowners are some of the highest-intent leads a contractor gets - and most of them go unanswered until the next day.

We built a system that captures and responds to those leads automatically so you are always first to respond.

I can show you how we set it up this week.


We offer a 7-day free trial. No cost, no contract. You see it running before committing to anything.
Gray Horizons Enterprise

To opt out of future emails, reply with REMOVE.
https://calendly.com/grayhorizonsenterprise/30min","sent","contractor",""
"York, PA PropertyManagementServices & Rentals | AHPM","","tgurreri@ahpm.biz","https://www.ahpm.biz/york-property-management","How do you handle this?","Hey,

Quick question - when a violation gets reported, what does your process look like from that initial report to final resolution? Is there a system tracking each step or is it mostly email threads?

That gap is where most HOA teams run into problems.


We offer a 7-day free trial. No cost, no contract. You see it running before committing to anything.
Gray Horizons Enterprise

To opt out of future emails, reply with REMOVE.
https://calendly.com/grayhorizonsenterprise/30min","sent","hoa",""
"PMI Palms","","Christine@pmipalms.com","https://www.dunedinpropertymanagementinc.com/blog/4-reasons-to-work-with-community-association-management-companies-in-dunedin-florida","Something we built for HOA teams","
We offer a 7-day free trial. No cost, no contract. You see it running before committing to anything.
Gray Horizons Enterprise here.

Straight to it - we help HOA management teams stop losing violations in the handoff between report, tracking, and resolution.

Most teams we work with had it happening constantly and didn't realize how much time it was costing.

I can show you exactly how we fixed it this week if you want to see it.

Gray Horizons Enterprise

To opt out of future emails, reply with REMOVE.
https://calendly.com/grayhorizonsenterprise/30min","sent","hoa",""
"PRG Management","","manager@prg-management.com","https://prg-management.com/blog/tag/HOA+management","Process question","
We offer a 7-day free trial. No cost, no contract. You see it running before committing to anything.
Gray Horizons Enterprise here.

Most HOA teams we've worked with were losing track of violations between the initial report and final resolution.

We fixed that with a simple system that handles tracking and follow-ups automatically.

If this is even slightly an issue on your side, I can show you exactly how we set it up this week.

Gray Horizons Enterprise

To opt out of future emails, reply with REMOVE.
https://calendly.com/grayhorizonsenterprise/30min","sent","hoa",""
"CA to AZ","","aazizi@aazizigroup.com","https://www.californiahoamanagement.com/","Quick question","
We offer a 7-day free trial. No cost, no contract. You see it running before committing to anything.
Gray Horizons Enterprise here.

The gap between a homeowner filing a report and that violation being fully resolved is where HOA teams take on the most risk.

We built a system that locks that gap down - every step tracked, documented, and followed up automatically.

I can get you set up in about a week. Let me know and I'll show you exactly how it works.

Gray Horizons Enterprise

To opt out of future emails, reply with REMOVE.
https://calendly.com/grayhorizonsenterprise/30min","sent","hoa",""
"Compass","","taylor@compass.com","https://www.compass.com/homedetails/1391-Pennsylvania-Ave-SE-Unit-264-Washington-DC-20003/1V4MHO_pid/","Something we built for HOA teams","
We offer a 7-day free trial. No cost, no contract. You see it running before committing to anything.
Gray Horizons Enterprise here.

Straight to it - we help HOA management teams stop losing violations in the handoff between report, tracking, and resolution.

Most teams we work with had it happening constantly and didn't realize how much time it was costing.

I can show you exactly how we fixed it this week if you want to see it.

Gray Horizons Enterprise

To opt out of future emails, reply with REMOVE.
https://calendly.com/grayhorizonsenterprise/30min","sent","hoa",""
"Lee Joseph","","lee@leejoseph1.com","https://leejoseph1.com/listings/6-8-Harvey-Ln-Westborough-MA-01581-94839995?page=3","How do you handle this?","
We offer a 7-day free trial. No cost, no contract. You see it running before committing to anything.
Gray Horizons Enterprise here.

Violation follow-up is where most HOA teams lose time - the documentation exists but pulling it together for a board review or audit takes way longer than it should.

We fixed that for a handful of firms and now it runs on its own.

I can walk you through the setup this week and show you what it looks like in practice.

Gray Horizons Enterprise

To opt out of future emails, reply with REMOVE.
https://calendly.com/grayhorizonsenterprise/30min","sent","hoa",""
"HOA Management Acquisitions","","accessibility@homeriver.com","https://www.homeriver.com/acquisitions-hoa","Something we built for HOA teams","
We offer a 7-day free trial. No cost, no contract. You see it running before committing to anything.
Gray Horizons Enterprise here.

Violation follow-up is where most HOA teams lose time - the documentation exists but pulling it together for a board review or audit takes way longer than it should.

We fixed that for a handful of firms and now it runs on its own.

I can walk you through the setup this week and show you what it looks like in practice.

Gray Horizons Enterprise

To opt out of future emails, reply with REMOVE.
https://calendly.com/grayhorizonsenterprise/30min","sent","hoa",""
"Houzeo","","dmontalvo@captexrealty.com","https://www.houzeo.com/homes-for-sale/texas/san-antonio","Process question","
We offer a 7-day free trial. No cost, no contract. You see it running before committing to anything.
Gray Horizons Enterprise here.

Straight to it - we help HOA management teams stop losing violations in the handoff between report, tracking, and resolution.

Most teams we work with had it happening constantly and didn't realize how much time it was costing.

I can show you exactly how we fixed it this week if you want to see it.

Gray Horizons Enterprise

To opt out of future emails, reply with REMOVE.
https://calendly.com/grayhorizonsenterprise/30min","sent","hoa",""
"Atlas General Contractors","","caguilar@atlasgeneralcontractorsllc.com","https://www.atlasgeneralcontractorsllc.com/","Quick question","Hey,

HVAC companies with a full schedule typically miss 15-20 calls a week during peak season. At an average job value of $450, that's $6,750-$9,000 walking out the door every week.

We set up an automated follow-up system for HVAC shops that catches every missed inquiry and follows up immediately - so the customer hears from you before they book someone else.

Three shops we've set this up for recovered 6-10 jobs in the first month they'd have otherwise lost.

Worth a 20-minute call to see if it fits? https://calendly.com/grayhorizonsenterprise/30min.


We offer a 7-day free trial. No cost, no contract. You see it running before committing to anything.
Gray Horizons Enterprise

To opt out of future emails, reply with REMOVE.","sent","hvac",""
"Air Conditioning Specialist","","serviceme@airconspec.com","https://theairconditioningspecialist.com/service-areas/augusta/ac-repair/","Quick question","Hi,

Quick question - when your line is busy or it's after hours and a customer calls about a broken AC or furnace, what happens to that call?

If it goes to voicemail, research shows 80% of those customers book the next company that answers before you call back.

We built a follow-up system that responds to those inquiries automatically and keeps them engaged until your team can get them on the schedule. Happy to show you how it works in 20 minutes.

https://calendly.com/grayhorizonsenterprise/30min


We offer a 7-day free trial. No cost, no contract. You see it running before committing to anything.
Gray Horizons Enterprise

To opt out of future emails, reply with REMOVE.","sent","hvac",""
"Epps HVAC Company","","eepps@eppshvacco.com","https://www.eppshvacco.com/home","Quick question","Hey,

Most HVAC owners I talk to say the same thing - the jobs they lose aren't from bad work, they're from slow follow-up. Estimate sent, no response, job goes to whoever follows up first.

We built an automated system that follows up on every open estimate and every missed inquiry without anyone on your team having to do it manually.

If that sounds like something worth looking at, grab a time here: https://calendly.com/grayhorizonsenterprise/30min.


We offer a 7-day free trial. No cost, no contract. You see it running before committing to anything.
Gray Horizons Enterprise

To opt out of future emails, reply with REMOVE.","sent","hvac",""
"Boundless Roads","","isabella@boundlessroads.com","https://www.boundlessroads.com/underrated-us-cities/","How do you handle this?","Hey,

Most HVAC owners I talk to say the same thing - the jobs they lose aren't from bad work, they're from slow follow-up. Estimate sent, no response, job goes to whoever follows up first.

We built an automated system that follows up on every open estimate and every missed inquiry without anyone on your team having to do it manually.

If that sounds like something worth looking at, grab a time here: https://calendly.com/grayhorizonsenterprise/30min.


We offer a 7-day free trial. No cost, no contract. You see it running before committing to anything.
Gray Horizons Enterprise

To opt out of future emails, reply with REMOVE.","sent","hvac",""
"adentalcare.com","","greenspointadc@adentalcare.com","https://adentalcare.com/spring-houston-dental-office/","How do you handle this?","Hi,

Patient no-shows cost the average dental practice $50,000-$150,000 per year in lost chair time. Most practices send one reminder. We send an automated sequence that cuts no-show rates by 40-60%.

Happy to walk you through exactly how it works: https://calendly.com/grayhorizonsenterprise/30min.


We offer a 7-day free trial. No cost, no contract. You see it running before committing to anything.
Gray Horizons Enterprise

To opt out of future emails, reply with REMOVE.","sent","dental",""
"Blog | Best Online Marketing Companies for Dentists | Custom Dental Websites | (877) 868-4932","","tim@tntdental.com","https://www.tntdental.com/blog/do-you-know-your-attrition/","How do you handle this?","Hi,

Quick question for you - when a new patient submits a form on your website at 8pm on a Tuesday, what happens to that inquiry?

If it sits until the next morning, research shows 78% of those patients have already booked somewhere else by the time you call back.

We fix that with an automated follow-up system. Three practices we've set this up for saw immediate increases in new patient bookings in the first 30 days.

Worth 20 minutes to see the setup? https://calendly.com/grayhorizonsenterprise/30min.


We offer a 7-day free trial. No cost, no contract. You see it running before committing to anything.
Gray Horizons Enterprise

To opt out of future emails, reply with REMOVE.","sent","dental",""
"Contact Your Hammond, LA Dentist","","CFDHammond@ConcordDentalDDS.com","https://www.concorddentaldds.com/resources/contact-us","Quick question","Hey,

Most practices have 200-400 patients who called or filled out a form, never booked, and were never followed up with again. That's $240,000-$480,000 in lost lifetime value sitting in a spreadsheet or voicemail box.

We built a reactivation system that reaches back out to those patients automatically and gets them back on the schedule.

I can show you what this looks like for your practice in 20 minutes: https://calendly.com/grayhorizonsenterprise/30min.


We offer a 7-day free trial. No cost, no contract. You see it running before committing to anything.
Gray Horizons Enterprise

To opt out of future emails, reply with REMOVE.","sent","dental",""
"Best Family Dentist in Baton Rouge LA 70818","","cfdcentral@concorddentaldds.com","https://www.concordfdcentral.com/","Quick question","Hey,

The average dental practice loses 8-12 new patients every month to slow follow-up. A patient submits a form or calls after hours, nobody responds until the next morning, and by then they've booked somewhere else.

At $1,200 average lifetime value per new patient, that's $9,600-$14,400 a month slipping through.

We built a follow-up system that responds to every new patient inquiry immediately - even at 11pm - and keeps them engaged until they're booked. Happy to show you how it works in 20 minutes.

https://calendly.com/grayhorizonsenterprise/30min


We offer a 7-day free trial. No cost, no contract. You see it running before committing to anything.
Gray Horizons Enterprise

To opt out of future emails, reply with REMOVE.","sent","dental",""
"Rome Smiles","","appointment@romesmiles.com","https://www.romesmiles.com/blog/emergency-dentist-for-families-in-rome-sameday-appointments-amp-fast-relief","Something we built for practices","Hi,

Patient no-shows cost the average dental practice $50,000-$150,000 per year in lost chair time. Most practices send one reminder. We send an automated sequence that cuts no-show rates by 40-60%.

Happy to walk you through exactly how it works: https://calendly.com/grayhorizonsenterprise/30min.


We offer a 7-day free trial. No cost, no contract. You see it running before committing to anything.
Gray Horizons Enterprise

To opt out of future emails, reply with REMOVE.","sent","dental",""
"Redent Klinik - Ankara Ağız ve Diş Sağlığı","","iletisim@redentklinik.com","https://www.redentklinik.com/en/dentist-holiday-fl/","Question for you","Hey,

Most practices have 200-400 patients who called or filled out a form, never booked, and were never followed up with again. That's $240,000-$480,000 in lost lifetime value sitting in a spreadsheet or voicemail box.

We built a reactivation system that reaches back out to those patients automatically and gets them back on the schedule.

I can show you what this looks like for your practice in 20 minutes: https://calendly.com/grayhorizonsenterprise/30min.


We offer a 7-day free trial. No cost, no contract. You see it running before committing to anything.
Gray Horizons Enterprise

To opt out of future emails, reply with REMOVE.","sent","dental",""
"LeadIQ","","FLast@midwest-dental.com","https://leadiq.com/c/midwest-dental/5a1d97102300005e0085aede","How do you handle this?","Hey,

Most practices have 200-400 patients who called or filled out a form, never booked, and were never followed up with again. That's $240,000-$480,000 in lost lifetime value sitting in a spreadsheet or voicemail box.

We built a reactivation system that reaches back out to those patients automatically and gets them back on the schedule.

I can show you what this looks like for your practice in 20 minutes: https://calendly.com/grayhorizonsenterprise/30min.


We offer a 7-day free trial. No cost, no contract. You see it running before committing to anything.
Gray Horizons Enterprise

To opt out of future emails, reply with REMOVE.","sent","dental",""
"Primary Dental","","primarydental@comcast.net","https://www.primarydental.com/","Question for you","Hi,

Patient no-shows cost the average dental practice $50,000-$150,000 per year in lost chair time. Most practices send one reminder. We send an automated sequence that cuts no-show rates by 40-60%.

Happy to walk you through exactly how it works: https://calendly.com/grayhorizonsenterprise/30min.


We offer a 7-day free trial. No cost, no contract. You see it running before committing to anything.
Gray Horizons Enterprise

To opt out of future emails, reply with REMOVE.","sent","dental",""
"Smile Studio Dental","","frontoffice@smilestudiodenver.com","https://www.smilestudiodenver.com/lp/best-dentist-denver/","How do you handle this?","Hey,

The average dental practice loses 8-12 new patients every month to slow follow-up. A patient submits a form or calls after hours, nobody responds until the next morning, and by then they've booked somewhere else.

At $1,200 average lifetime value per new patient, that's $9,600-$14,400 a month slipping through.

We built a follow-up system that responds to every new patient inquiry immediately - even at 11pm - and keeps them engaged until they're booked. Happy to show you how it works in 20 minutes.

https://calendly.com/grayhorizonsenterprise/30min


We offer a 7-day free trial. No cost, no contract. You see it running before committing to anything.
Gray Horizons Enterprise

To opt out of future emails, reply with REMOVE.","sent","dental",""
"Affiliate Locations","","alfadental@mysmilemail.com","https://www.alfadentalmanagement.com/our-locations.html","How do you handle this?","Hi,

Patient no-shows cost the average dental practice $50,000-$150,000 per year in lost chair time. Most practices send one reminder. We send an automated sequence that cuts no-show rates by 40-60%.

Happy to walk you through exactly how it works: https://calendly.com/grayhorizonsenterprise/30min.


We offer a 7-day free trial. No cost, no contract. You see it running before committing to anything.
Gray Horizons Enterprise

To opt out of future emails, reply with REMOVE.","sent","dental",""
"Gotham Dental","","schedule@gothamdental.com","https://gothamdental.com/the-doctors","How do you handle this?","Hi,

Quick question for you - when a new patient submits a form on your website at 8pm on a Tuesday, what happens to that inquiry?

If it sits until the next morning, research shows 78% of those patients have already booked somewhere else by the time you call back.

We fix that with an automated follow-up system. Three practices we've set this up for saw immediate increases in new patient bookings in the first 30 days.

Worth 20 minutes to see the setup? https://calendly.com/grayhorizonsenterprise/30min.


We offer a 7-day free trial. No cost, no contract. You see it running before committing to anything.
Gray Horizons Enterprise

To opt out of future emails, reply with REMOVE.","sent","dental",""
"newyorkupstate","","ahernandez@nyup.com","https://www.newyorkupstate.com/news/2025/08/these-4-upstate-new-york-cities-are-among-americas-best-places-to-live-in-2025.html","Question for you","Hi,

Patient no-shows cost the average dental practice $50,000-$150,000 per year in lost chair time. Most practices send one reminder. We send an automated sequence that cuts no-show rates by 40-60%.

Happy to walk you through exactly how it works: https://calendly.com/grayhorizonsenterprise/30min.


We offer a 7-day free trial. No cost, no contract. You see it running before committing to anything.
Gray Horizons Enterprise

To opt out of future emails, reply with REMOVE.","sent","dental",""
"NorthernIrelandWorld","","sarah.mccann@nationalworld.com","https://www.northernirelandworld.com/health/nhs-dentist-how-many-dentists-are-accepting-nhs-patients-near-me-4726893","Quick question","Hey,

Most practices have 200-400 patients who called or filled out a form, never booked, and were never followed up with again. That's $240,000-$480,000 in lost lifetime value sitting in a spreadsheet or voicemail box.

We built a reactivation system that reaches back out to those patients automatically and gets them back on the schedule.

I can show you what this looks like for your practice in 20 minutes: https://calendly.com/grayhorizonsenterprise/30min.


We offer a 7-day free trial. No cost, no contract. You see it running before committing to anything.
Gray Horizons Enterprise

To opt out of future emails, reply with REMOVE.","sent","dental",""
"Louisiana Dental Center |","","batonrouge@ladentalcenter.com","https://www.ladentalcenterbatonrouge.com/rave-reviews/","Something we built for practices","Hey,

The average dental practice loses 8-12 new patients every month to slow follow-up. A patient submits a form or calls after hours, nobody responds until the next morning, and by then they've booked somewhere else.

At $1,200 average lifetime value per new patient, that's $9,600-$14,400 a month slipping through.

We built a follow-up system that responds to every new patient inquiry immediately - even at 11pm - and keeps them engaged until they're booked. Happy to show you how it works in 20 minutes.

https://calendly.com/grayhorizonsenterprise/30min


We offer a 7-day free trial. No cost, no contract. You see it running before committing to anything.
Gray Horizons Enterprise

To opt out of future emails, reply with REMOVE.","sent","dental",""
"Plaza Dental Group","","appointments@dmsmiles.com","https://dmsmiles.com/downtown-des-moines-dentist/","Quick question","Hey,

The average dental practice loses 8-12 new patients every month to slow follow-up. A patient submits a form or calls after hours, nobody responds until the next morning, and by then they've booked somewhere else.

At $1,200 average lifetime value per new patient, that's $9,600-$14,400 a month slipping through.

We built a follow-up system that responds to every new patient inquiry immediately - even at 11pm - and keeps them engaged until they're booked. Happy to show you how it works in 20 minutes.

https://calendly.com/grayhorizonsenterprise/30min


We offer a 7-day free trial. No cost, no contract. You see it running before committing to anything.
Gray Horizons Enterprise

To opt out of future emails, reply with REMOVE.","sent","dental",""
"Capitol Dental","","smile@capitoldental.com","https://capitoldental.com/","Something we built for practices","Hi,

Patient no-shows cost the average dental practice $50,000-$150,000 per year in lost chair time. Most practices send one reminder. We send an automated sequence that cuts no-show rates by 40-60%.

Happy to walk you through exactly how it works: https://calendly.com/grayhorizonsenterprise/30min.


We offer a 7-day free trial. No cost, no contract. You see it running before committing to anything.
Gray Horizons Enterprise

To opt out of future emails, reply with REMOVE.","sent","dental",""
"Bozeman Dentistry","","drmccormick@bozemandentistry.com","https://www.bozemandentistry.com/meet-dr-mccormick/","Something we built for practices","Hey,

The average dental practice loses 8-12 new patients every month to slow follow-up. A patient submits a form or calls after hours, nobody responds until the next morning, and by then they've booked somewhere else.

At $1,200 average lifetime value per new patient, that's $9,600-$14,400 a month slipping through.

We built a follow-up system that responds to every new patient inquiry immediately - even at 11pm - and keeps them engaged until they're booked. Happy to show you how it works in 20 minutes.

https://calendly.com/grayhorizonsenterprise/30min


We offer a 7-day free trial. No cost, no contract. You see it running before committing to anything.
Gray Horizons Enterprise

To opt out of future emails, reply with REMOVE.","sent","dental",""
"Barney's Plumbing LLC","","david@barneysplumbingllc.com","https://barneysplumbingllc.com/blog/what-is-the-standard-water-pipe-size-in-residential-plumbing/","Question for you","Hey,

Post-job follow-up almost never happens in plumbing - no check-in call, no review request, no next service reminder.

We built that entire process into a system that runs automatically after every job closes.

I can show you what it looks like and get it running for your team this week.


We offer a 7-day free trial. No cost, no contract. You see it running before committing to anything.
Gray Horizons Enterprise

To opt out of future emails, reply with REMOVE.
https://calendly.com/grayhorizonsenterprise/30min","sent","plumbing",""
"PlumberIn Compton, CA | FraustoPlumbingServices | 310-848-8677","","liz@fraustoplumbing.com","https://fraustoplumbing.com/","Quick question","Hi,

Emergency calls are where plumbing companies win or lose customers - the ones who respond fastest get the job.

We built a dispatch system that routes emergency calls to the right tech instantly and keeps the customer updated automatically.

I can walk you through it this week and show you what it looks like running.


We offer a 7-day free trial. No cost, no contract. You see it running before committing to anything.
Gray Horizons Enterprise

To opt out of future emails, reply with REMOVE.
https://calendly.com/grayhorizonsenterprise/30min","sent","plumbing",""
"Homepage","","alexandersplumbing@comcast.net","https://alexanderswelldrilling.com/","Something we built","Hi,

After-hours and weekend calls are where most plumbing companies lose the most jobs - by the time someone calls back the customer has already moved on.

We built a system that captures and responds to those inquiries automatically so you stop losing jobs to whoever answers first.

I can show you exactly how we set it up this week.


We offer a 7-day free trial. No cost, no contract. You see it running before committing to anything.
Gray Horizons Enterprise

To opt out of future emails, reply with REMOVE.
https://calendly.com/grayhorizonsenterprise/30min","sent","plumbing",""
"Stars and Pipes Plumbing Atlanta","","ussean@starsandpipesatl.com","https://starsandpipesatl.com/service-area/","Something we built","Hi,

After-hours and weekend calls are where most plumbing companies lose the most jobs - by the time someone calls back the customer has already moved on.

We built a system that captures and responds to those inquiries automatically so you stop losing jobs to whoever answers first.

I can show you exactly how we set it up this week.


We offer a 7-day free trial. No cost, no contract. You see it running before committing to anything.
Gray Horizons Enterprise

To opt out of future emails, reply with REMOVE.
https://calendly.com/grayhorizonsenterprise/30min","sent","plumbing",""
"PBI","","contactus@pbiservices.com","https://pbiservices.com/","How do you handle missed calls?","Hi,

When you finish a job, what does the follow-up process look like? Is there anything automated that checks in with the customer, or does it depend on the tech remembering to do it?

We've built that whole post-job flow into a system. Happy to show you how it works.


We offer a 7-day free trial. No cost, no contract. You see it running before committing to anything.
Gray Horizons Enterprise

To opt out of future emails, reply with REMOVE.
https://calendly.com/grayhorizonsenterprise/30min","sent","plumbing",""
"Digital Marketing Blog India - Digital Marketing Blog India. Digital Marketing Deal is popular Digital Marketing Blog you can Get help acquire your knowledge about digital marketing. This Digital Marketing Blog offers tips and tricks for social media optimization, SEO, Blogging, Wordpress also We Provide Guest Post Services.","","tsmith@americanplumbingla.com","https://digitalmarketingdeal.com/blog/plumbers-in-baton-rouge-la/","Something we built","Hi,

Emergency calls are where plumbing companies win or lose customers - the ones who respond fastest get the job.

We built a dispatch system that routes emergency calls to the right tech instantly and keeps the customer updated automatically.

I can walk you through it this week and show you what it looks like running.


We offer a 7-day free trial. No cost, no contract. You see it running before committing to anything.
Gray Horizons Enterprise

To opt out of future emails, reply with REMOVE.
https://calendly.com/grayhorizonsenterprise/30min","sent","plumbing",""
"1-Tom-Plumber Des Moines","","desmoines@1tomplumber.com","https://www.1tomplumber.com/desmoines/","Question for you","Hey,

Direct question - when an emergency call comes in at night and your main line is busy, how does your team handle it? Does it route somewhere or go to voicemail?

That's usually the biggest gap I hear about from plumbing companies.


We offer a 7-day free trial. No cost, no contract. You see it running before committing to anything.
Gray Horizons Enterprise

To opt out of future emails, reply with REMOVE.
https://calendly.com/grayhorizonsenterprise/30min","sent","plumbing",""
"Mysite","","Chris@cowboyplumbingtn.com","https://www.cowboyplumbingtn.com/","Question for you","Hey,

Post-job follow-up almost never happens in plumbing - no check-in call, no review request, no next service reminder.

We built that entire process into a system that runs automatically after every job closes.

I can show you what it looks like and get it running for your team this week.


We offer a 7-day free trial. No cost, no contract. You see it running before committing to anything.
Gray Horizons Enterprise

To opt out of future emails, reply with REMOVE.
https://calendly.com/grayhorizonsenterprise/30min","sent","plumbing",""
"VResh Construction","","vladr@vreshconstruction.com","https://www.vreshconstruction.com/free-estimate","Question for you","Hi,

After-hours leads from homeowners - when they come in through your website or Google listing at night, what happens to them? Does something catch it automatically or does it sit until morning?

Just asking because that's usually where the fastest-responding contractor wins the job.


We offer a 7-day free trial. No cost, no contract. You see it running before committing to anything.
Gray Horizons Enterprise

To opt out of future emails, reply with REMOVE.
https://calendly.com/grayhorizonsenterprise/30min","sent","contractor",""
"B&M Construction Company","","angel@dharmamarketing.cloud","https://www.bmconstructioncompany.com/free-estimate/","How do you handle this?","Hi,

The gap between a lead reaching out and your team getting them a quote is usually where the job goes to a competitor.

We built a system that cuts that response time down and automates the follow-up so no lead goes cold.

I can get you set up in about a week. Let me know and I will show you exactly how it works.


We offer a 7-day free trial. No cost, no contract. You see it running before committing to anything.
Gray Horizons Enterprise

To opt out of future emails, reply with REMOVE.
https://calendly.com/grayhorizonsenterprise/30min","sent","contractor",""
"Dream Lands Design","","talk@dreamlandsdesign.com","https://www.dreamlandsdesign.com/full-home-remodeling-contractors-los-angeles/","Question for you","Hi,

After-hours leads from homeowners - when they come in through your website or Google listing at night, what happens to them? Does something catch it automatically or does it sit until morning?

Just asking because that's usually where the fastest-responding contractor wins the job.


We offer a 7-day free trial. No cost, no contract. You see it running before committing to anything.
Gray Horizons Enterprise

To opt out of future emails, reply with REMOVE.
https://calendly.com/grayhorizonsenterprise/30min","sent","contractor",""
"John Temmel General Contractor","","john@temmelhomes.com","https://temmelhomes.com/","Quick question","Hey,

Contractors lose more jobs to slow follow-up than to price - the client moves on before the estimate even gets a response.

We fixed that for several firms with a system that tracks every estimate and follows up automatically.

I can show you what that looks like this week.


We offer a 7-day free trial. No cost, no contract. You see it running before committing to anything.
Gray Horizons Enterprise

To opt out of future emails, reply with REMOVE.
https://calendly.com/grayhorizonsenterprise/30min","sent","contractor",""
"General Contracting and Electrical Services LLC","","john@doe.com","https://contracting-electrical.com/why-hiring-a-low-voltage-contractor-is-essential-for-modern-buildings/","Question for you","Hey,

Contractors lose more jobs to slow follow-up than to price - the client moves on before the estimate even gets a response.

We fixed that for several firms with a system that tracks every estimate and follows up automatically.

I can show you what that looks like this week.


We offer a 7-day free trial. No cost, no contract. You see it running before committing to anything.
Gray Horizons Enterprise

To opt out of future emails, reply with REMOVE.
https://calendly.com/grayhorizonsenterprise/30min","sent","contractor",""
"Fort Worth TX #1 Flooring Contractor Residential Commercial","","hi@summitfloorexperts.com","https://summitfloorexperts.com/","Quick question","Hey,

After-hours inquiries from homeowners are some of the highest-intent leads a contractor gets - and most of them go unanswered until the next day.

We built a system that captures and responds to those leads automatically so you are always first to respond.

I can show you how we set it up this week.


We offer a 7-day free trial. No cost, no contract. You see it running before committing to anything.
Gray Horizons Enterprise

To opt out of future emails, reply with REMOVE.
https://calendly.com/grayhorizonsenterprise/30min","sent","contractor",""
"Tonz Construction","","Tevita@tonzconstruction.com","https://www.tonzconstruction.com/","Quick question","Hi,

The gap between a lead reaching out and your team getting them a quote is usually where the job goes to a competitor.

We built a system that cuts that response time down and automates the follow-up so no lead goes cold.

I can get you set up in about a week. Let me know and I will show you exactly how it works.


We offer a 7-day free trial. No cost, no contract. You see it running before committing to anything.
Gray Horizons Enterprise

To opt out of future emails, reply with REMOVE.
https://calendly.com/grayhorizonsenterprise/30min","sent","contractor",""
"MD22 LLC","","matthew@md22-llc.com","https://md22llc.com/","Something we built for contractors","Hey,

When you send out an estimate and don't hear back, what does your follow-up process look like? Is there a system tracking each open bid or does it depend on whoever sent it remembering to follow up?

That's usually where jobs go cold.


We offer a 7-day free trial. No cost, no contract. You see it running before committing to anything.
Gray Horizons Enterprise

To opt out of future emails, reply with REMOVE.
https://calendly.com/grayhorizonsenterprise/30min","sent","contractor",""
"Ant Force Construction","","stephen@antforceconstruction.com","https://antforceconstruction.com/","Quick question","Hi,

The gap between a lead reaching out and your team getting them a quote is usually where the job goes to a competitor.

We built a system that cuts that response time down and automates the follow-up so no lead goes cold.

I can get you set up in about a week. Let me know and I will show you exactly how it works.


We offer a 7-day free trial. No cost, no contract. You see it running before committing to anything.
Gray Horizons Enterprise

To opt out of future emails, reply with REMOVE.
https://calendly.com/grayhorizonsenterprise/30min","sent","contractor",""
"Organized Construction","","aly@organizeddemolition.com","https://organizedconstruction.com/demolition/new-york/","Quick question","Hi,

After-hours leads from homeowners - when they come in through your website or Google listing at night, what happens to them? Does something catch it automatically or does it sit until morning?

Just asking because that's usually where the fastest-responding contractor wins the job.


We offer a 7-day free trial. No cost, no contract. You see it running before committing to anything.
Gray Horizons Enterprise

To opt out of future emails, reply with REMOVE.
https://calendly.com/grayhorizonsenterprise/30min","sent","contractor",""
"United Hoosiers Contracting","","uhc@unitedhoosierscontracting.com","https://www.unitedhoosierscontracting.com/service-areas/albany","Something we built for contractors","Hi,

The gap between a lead reaching out and your team getting them a quote is usually where the job goes to a competitor.

We built a system that cuts that response time down and automates the follow-up so no lead goes cold.

I can get you set up in about a week. Let me know and I will show you exactly how it works.


We offer a 7-day free trial. No cost, no contract. You see it running before committing to anything.
Gray Horizons Enterprise

To opt out of future emails, reply with REMOVE.
https://calendly.com/grayhorizonsenterprise/30min","sent","contractor",""
"Feel Love Homes","","plove@feellovehomes.com","https://feellovehomes.com/","Question for you","Hi,

The gap between a lead reaching out and your team getting them a quote is usually where the job goes to a competitor.

We built a system that cuts that response time down and automates the follow-up so no lead goes cold.

I can get you set up in about a week. Let me know and I will show you exactly how it works.


We offer a 7-day free trial. No cost, no contract. You see it running before committing to anything.
Gray Horizons Enterprise

To opt out of future emails, reply with REMOVE.
https://calendly.com/grayhorizonsenterprise/30min","sent","contractor",""
"West Shore Home","","leads@westshorehome.com","https://westshorehome.com/","Something we built for contractors","Hey,

After-hours inquiries from homeowners are some of the highest-intent leads a contractor gets - and most of them go unanswered until the next day.

We built a system that captures and responds to those leads automatically so you are always first to respond.

I can show you how we set it up this week.


We offer a 7-day free trial. No cost, no contract. You see it running before committing to anything.
Gray Horizons Enterprise

To opt out of future emails, reply with REMOVE.
https://calendly.com/grayhorizonsenterprise/30min","sent","contractor",""
"D & J's Handymen LLC","","dustin@djhandymen.com","https://djhandymen.com/","Quick question","Hey,

After-hours inquiries from homeowners are some of the highest-intent leads a contractor gets - and most of them go unanswered until the next day.

We built a system that captures and responds to those leads automatically so you are always first to respond.

I can show you how we set it up this week.


We offer a 7-day free trial. No cost, no contract. You see it running before committing to anything.
Gray Horizons Enterprise

To opt out of future emails, reply with REMOVE.
https://calendly.com/grayhorizonsenterprise/30min","sent","contractor",""
"Great General LLC","","noel@greatgeneral.com","https://www.greatgeneral.com/services/interior-remodeling","How do you handle this?","Hey,

Most contractors we work with were losing jobs not because of the work but because estimate follow-up was not happening consistently.

We built a system that tracks every open bid and follows up automatically until you get a response.

I can show you exactly how it works and get it running for your team this week.


We offer a 7-day free trial. No cost, no contract. You see it running before committing to anything.
Gray Horizons Enterprise

To opt out of future emails, reply with REMOVE.
https://calendly.com/grayhorizonsenterprise/30min","sent","contractor",""
"ReVitalize RenoVations LLC","","estimates@revitalizerenovationsllc.com","https://revitalizerenovationsllc.com/","Question for you","Hey,

When you send out an estimate and don't hear back, what does your follow-up process look like? Is there a system tracking each open bid or does it depend on whoever sent it remembering to follow up?

That's usually where jobs go cold.


We offer a 7-day free trial. No cost, no contract. You see it running before committing to anything.
Gray Horizons Enterprise

To opt out of future emails, reply with REMOVE.
https://calendly.com/grayhorizonsenterprise/30min","sent","contractor",""
"Chattanooga Remodeling Company","","chad@chattremodel.com","https://chattanoogaremodelingcompany.com/","How do you handle this?","Hey,

After-hours inquiries from homeowners are some of the highest-intent leads a contractor gets - and most of them go unanswered until the next day.

We built a system that captures and responds to those leads automatically so you are always first to respond.

I can show you how we set it up this week.


We offer a 7-day free trial. No cost, no contract. You see it running before committing to anything.
Gray Horizons Enterprise

To opt out of future emails, reply with REMOVE.
https://calendly.com/grayhorizonsenterprise/30min","sent","contractor",""
"McAuliffe Construction","","matt@mcauliffeenterprises.com","https://www.snohomishconstruction.com/deck-builder-snohomish-wa","Something we built for contractors","Hi,

The gap between a lead reaching out and your team getting them a quote is usually where the job goes to a competitor.

We built a system that cuts that response time down and automates the follow-up so no lead goes cold.

I can get you set up in about a week. Let me know and I will show you exactly how it works.


We offer a 7-day free trial. No cost, no contract. You see it running before committing to anything.
Gray Horizons Enterprise

To opt out of future emails, reply with REMOVE.
https://calendly.com/grayhorizonsenterprise/30min","sent","contractor",""
"NP Line Design","","inquiry@nplinedesign.com","https://nplinedesign.com/view-park-general-contractor","How do you handle this?","Hi,

The gap between a lead reaching out and your team getting them a quote is usually where the job goes to a competitor.

We built a system that cuts that response time down and automates the follow-up so no lead goes cold.

I can get you set up in about a week. Let me know and I will show you exactly how it works.


We offer a 7-day free trial. No cost, no contract. You see it running before committing to anything.
Gray Horizons Enterprise

To opt out of future emails, reply with REMOVE.
https://calendly.com/grayhorizonsenterprise/30min","sent","contractor",""
"Bumblebee Landscaping LLC","","services@bbl-ma.com","https://bbl-ma.com/","How do you handle overflow leads?","Hey,

When your schedule is full and a new lead comes in it almost always gets lost - there is no system to capture it for later.

We built a system that holds every overflow lead and follows up automatically when your schedule opens.

I can show you how we set it up this week.


We offer a 7-day free trial. No cost, no contract. You see it running before committing to anything.
Gray Horizons Enterprise

To opt out of future emails, reply with REMOVE.
https://calendly.com/grayhorizonsenterprise/30min","sent","landscaping",""
"Plano Lawn Care & Mowing Services","","plano@augustalawncareservices.com","https://www.augustalawncareservices.com/plano","How do you handle overflow leads?","Hey,

The first company to respond to an estimate request in landscaping almost always wins the job - most homeowners book whoever gets back to them first.

We built a system that captures new inquiries and responds automatically so you are always first.

I can show you exactly how it works this week.


We offer a 7-day free trial. No cost, no contract. You see it running before committing to anything.
Gray Horizons Enterprise

To opt out of future emails, reply with REMOVE.
https://calendly.com/grayhorizonsenterprise/30min","sent","landscaping",""
"Arizona Environments, Inc |","","roys@arizonaenvironments.com","https://arizonaenvironments.com/","Quick question","Hey,

When your schedule is full and a new lead comes in it almost always gets lost - there is no system to capture it for later.

We built a system that holds every overflow lead and follows up automatically when your schedule opens.

I can show you how we set it up this week.


We offer a 7-day free trial. No cost, no contract. You see it running before committing to anything.
Gray Horizons Enterprise

To opt out of future emails, reply with REMOVE.
https://calendly.com/grayhorizonsenterprise/30min","sent","landscaping",""
"K&R Landscaping","","grant@kandrlandscaping.net","https://www.kandrlandscaping.net/","How do you handle overflow leads?","Hey,

When your schedule is full and a new lead comes in it almost always gets lost - there is no system to capture it for later.

We built a system that holds every overflow lead and follows up automatically when your schedule opens.

I can show you how we set it up this week.


We offer a 7-day free trial. No cost, no contract. You see it running before committing to anything.
Gray Horizons Enterprise

To opt out of future emails, reply with REMOVE.
https://calendly.com/grayhorizonsenterprise/30min","sent","landscaping",""
"Proudly Serving Your Property","","shawn@liquidvisionfilm.com","https://www.g6nogas.com/","Something we built","Hey,

When your schedule is full and a new lead comes in it almost always gets lost - there is no system to capture it for later.

We built a system that holds every overflow lead and follows up automatically when your schedule opens.

I can show you how we set it up this week.


We offer a 7-day free trial. No cost, no contract. You see it running before committing to anything.
Gray Horizons Enterprise

To opt out of future emails, reply with REMOVE.
https://calendly.com/grayhorizonsenterprise/30min","sent","landscaping",""
"Free Quote","","john@youremail.com","https://southwestfloorings.com/free-quote/","Something we built","Hey,

When your schedule is full and a new lead comes in it almost always gets lost - there is no system to capture it for later.

We built a system that holds every overflow lead and follows up automatically when your schedule opens.

I can show you how we set it up this week.


We offer a 7-day free trial. No cost, no contract. You see it running before committing to anything.
Gray Horizons Enterprise

To opt out of future emails, reply with REMOVE.
https://calendly.com/grayhorizonsenterprise/30min","sent","landscaping",""
"Lawn Edging Service","","brandon@btgrass.com","https://www.btgrass.com/lawn-edging-service","Quick question","Hey,

Not trying to waste your time - just wanted to ask: when you have a full schedule and someone new reaches out, how does your team capture that lead without it getting lost?

That overflow moment is usually where companies either grow or miss out.


We offer a 7-day free trial. No cost, no contract. You see it running before committing to anything.
Gray Horizons Enterprise

To opt out of future emails, reply with REMOVE.
https://calendly.com/grayhorizonsenterprise/30min","sent","landscaping",""
"LawnMowing | Boston, MA","","darden@dardentree.com","https://www.dardentree.com/lawn-mowing","How do you handle overflow leads?","Hi,

Seasonal clients who go quiet between services are lost revenue that most landscaping companies never recover.

We built a system that keeps every recurring client on schedule with automatic reminders and follow-up.

I can walk you through it this week and show you what it looks like running.


We offer a 7-day free trial. No cost, no contract. You see it running before committing to anything.
Gray Horizons Enterprise

To opt out of future emails, reply with REMOVE.
https://calendly.com/grayhorizonsenterprise/30min","sent","landscaping",""
"LLC Formation Cost","","aissam@llcformationcost.com","https://llcformationcost.com/tennessee-llc-cost/","Quick question","Hey,

The first company to respond to an estimate request in landscaping almost always wins the job - most homeowners book whoever gets back to them first.

We built a system that captures new inquiries and responds automatically so you are always first.

I can show you exactly how it works this week.


We offer a 7-day free trial. No cost, no contract. You see it running before committing to anything.
Gray Horizons Enterprise

To opt out of future emails, reply with REMOVE.
https://calendly.com/grayhorizonsenterprise/30min","sent","landscaping",""
"Tebock's Landscape | Des Moines Landscaping Company","","nick@tebockslandscape.com","https://tebockslandscape.com/","Quick question","Hi,

Seasonal clients who go quiet between services are lost revenue that most landscaping companies never recover.

We built a system that keeps every recurring client on schedule with automatic reminders and follow-up.

I can walk you through it this week and show you what it looks like running.


We offer a 7-day free trial. No cost, no contract. You see it running before committing to anything.
Gray Horizons Enterprise

To opt out of future emails, reply with REMOVE.
https://calendly.com/grayhorizonsenterprise/30min","sent","landscaping",""
"Complete Roofing LLC","","Shelly@roofing-it.com","https://roofing-it.com/","Something we built for roofers","Hey,

Quick one: after a storm comes through your area, how does your team handle the wave of calls that come in? Is there a system to track each one or does it get a little chaotic?

We've been helping roofing companies manage exactly that.


We offer a 7-day free trial. No cost, no contract. You see it running before committing to anything.
Gray Horizons Enterprise

To opt out of future emails, reply with REMOVE.
https://calendly.com/grayhorizonsenterprise/30min","sent","roofing",""
"Scenic Commercial","","officetn@sceniccommercialroofing.com","https://www.sceniccommercialroofing.com/tennessee/","How do you handle this?","Hi there,

How are you following up on estimates that went out but never got a response? In roofing those can be pretty high-value jobs to let slip.

Just curious what your current process looks like.


We offer a 7-day free trial. No cost, no contract. You see it running before committing to anything.
Gray Horizons Enterprise

To opt out of future emails, reply with REMOVE.
https://calendly.com/grayhorizonsenterprise/30min","sent","roofing",""
"1st Stop Roofing & Restoration","","PM@1stStopRoofing.com","https://1ststoproofing.com/","Question for you","Hey,

Quick one: after a storm comes through your area, how does your team handle the wave of calls that come in? Is there a system to track each one or does it get a little chaotic?

We've been helping roofing companies manage exactly that.


We offer a 7-day free trial. No cost, no contract. You see it running before committing to anything.
Gray Horizons Enterprise

To opt out of future emails, reply with REMOVE.
https://calendly.com/grayhorizonsenterprise/30min","sent","roofing",""
"Roofing Services","","estimates@midwestroof.org","https://midwestroof.org/roofing-services/","How do you handle this?","Hey,

Quick one: after a storm comes through your area, how does your team handle the wave of calls that come in? Is there a system to track each one or does it get a little chaotic?

We've been helping roofing companies manage exactly that.


We offer a 7-day free trial. No cost, no contract. You see it running before committing to anything.
Gray Horizons Enterprise

To opt out of future emails, reply with REMOVE.
https://calendly.com/grayhorizonsenterprise/30min","sent","roofing",""
"Montclair Roofing Company","","alex@montclairroofingservices.com","https://www.montclairroofingservices.com/","How do you handle this?","Hey,

Quick one: after a storm comes through your area, how does your team handle the wave of calls that come in? Is there a system to track each one or does it get a little chaotic?

We've been helping roofing companies manage exactly that.


We offer a 7-day free trial. No cost, no contract. You see it running before committing to anything.
Gray Horizons Enterprise

To opt out of future emails, reply with REMOVE.
https://calendly.com/grayhorizonsenterprise/30min","sent","roofing",""
"Hiner Roofing OKC -","","okc@hinerroofing.com","https://hinerroofing.com/","Question for you","Hey,

Quick one: after a storm comes through your area, how does your team handle the wave of calls that come in? Is there a system to track each one or does it get a little chaotic?

We've been helping roofing companies manage exactly that.


We offer a 7-day free trial. No cost, no contract. You see it running before committing to anything.
Gray Horizons Enterprise

To opt out of future emails, reply with REMOVE.
https://calendly.com/grayhorizonsenterprise/30min","sent","roofing",""
"Air Roofing & Contracting LLC","","airroofers@usa.com","https://airroofers.com/","How do you handle this?","Hi there,

How are you following up on estimates that went out but never got a response? In roofing those can be pretty high-value jobs to let slip.

Just curious what your current process looks like.


We offer a 7-day free trial. No cost, no contract. You see it running before committing to anything.
Gray Horizons Enterprise

To opt out of future emails, reply with REMOVE.
https://calendly.com/grayhorizonsenterprise/30min","sent","roofing",""
"Barton Built and 5 Star Roofing","","Bartonbuilt07@gamil.com","https://bb5starroofing.com/","Question for you","Hey,

Direct question: when a homeowner calls about a leak or damage and you can't get to them for three days, how do you keep them from calling someone else in the meantime?

That's usually the biggest gap I hear about. Happy to share what we've built if it's useful.


We offer a 7-day free trial. No cost, no contract. You see it running before committing to anything.
Gray Horizons Enterprise

To opt out of future emails, reply with REMOVE.
https://calendly.com/grayhorizonsenterprise/30min","sent","roofing",""
"Citadel Contracting","","nickc@citadel-contracting.com","https://citadel-contracting.com/","Something we built for roofers","Hey,

Direct question: when a homeowner calls about a leak or damage and you can't get to them for three days, how do you keep them from calling someone else in the meantime?

That's usually the biggest gap I hear about. Happy to share what we've built if it's useful.


We offer a 7-day free trial. No cost, no contract. You see it running before committing to anything.
Gray Horizons Enterprise

To opt out of future emails, reply with REMOVE.
https://calendly.com/grayhorizonsenterprise/30min","sent","roofing",""
"Luna Restoration","","jluna@lunarestoration.com","https://lunarestoration.com/","Something we built for roofers","Hi there,

How are you following up on estimates that went out but never got a response? In roofing those can be pretty high-value jobs to let slip.

Just curious what your current process looks like.


We offer a 7-day free trial. No cost, no contract. You see it running before committing to anything.
Gray Horizons Enterprise

To opt out of future emails, reply with REMOVE.
https://calendly.com/grayhorizonsenterprise/30min","sent","roofing",""
"SLPM Property Management Inc","","gregory@mottaindustries.com","https://slpm.com/san-leandro-rent-control-what-landlords-must-know-in-2026/","Something we built for HOA teams","Hey,

Quick question - when a violation gets reported, what does your process look like from that initial report to final resolution? Is there a system tracking each step or is it mostly email threads?

That gap is where most HOA teams run into problems.


We offer a 7-day free trial. No cost, no contract. You see it running before committing to anything.
Gray Horizons Enterprise

To opt out of future emails, reply with REMOVE.
https://calendly.com/grayhorizonsenterprise/30min","sent","hoa",""
"SFPMA","","membership@sfpma.com","https://sfpma.com/royale-management-services-inc-call-today-for-a-free-quote-and-proposal/","Process question","
We offer a 7-day free trial. No cost, no contract. You see it running before committing to anything.
Gray Horizons Enterprise here.

The gap between a homeowner filing a report and that violation being fully resolved is where HOA teams take on the most risk.

We built a system that locks that gap down - every step tracked, documented, and followed up automatically.

I can get you set up in about a week. Let me know and I'll show you exactly how it works.

Gray Horizons Enterprise

To opt out of future emails, reply with REMOVE.
https://calendly.com/grayhorizonsenterprise/30min","sent","hoa",""
"Contact Us","","DRE@DormanRealEstate.com","https://www.coloradospringsproperty.management/contact","Quick question","
We offer a 7-day free trial. No cost, no contract. You see it running before committing to anything.
Gray Horizons Enterprise here.

The biggest issue we keep seeing with HOA teams is violations getting lost between report, board review, and resolution.

We built a system that locks that entire process down so nothing slips through.

If you want, I can walk you through it and get something similar set up for you quickly.

Gray Horizons Enterprise

To opt out of future emails, reply with REMOVE.
https://calendly.com/grayhorizonsenterprise/30min","sent","hoa",""
"Community & HOA Management Services","","jbittencourt@associamidatlantic.com","https://www.associamidatlantic.com/","Something we built for HOA teams","
We offer a 7-day free trial. No cost, no contract. You see it running before committing to anything.
Gray Horizons Enterprise here.

The biggest issue we keep seeing with HOA teams is violations getting lost between report, board review, and resolution.

We built a system that locks that entire process down so nothing slips through.

If you want, I can walk you through it and get something similar set up for you quickly.

Gray Horizons Enterprise

To opt out of future emails, reply with REMOVE.
https://calendly.com/grayhorizonsenterprise/30min","sent","hoa",""
"WHAM","","feedback@13wham.com","https://13wham.com/news/you-paid-for-it","How do you handle this?","
We offer a 7-day free trial. No cost, no contract. You see it running before committing to anything.
Gray Horizons Enterprise here.

The gap between a homeowner filing a report and that violation being fully resolved is where HOA teams take on the most risk.

We built a system that locks that gap down - every step tracked, documented, and followed up automatically.

I can get you set up in about a week. Let me know and I'll show you exactly how it works.

Gray Horizons Enterprise

To opt out of future emails, reply with REMOVE.
https://calendly.com/grayhorizonsenterprise/30min","sent","hoa",""
"Desert Drones LLC","","john@desertdronesllc.com","https://desertdronesllc.com/roofing-inspection-drone-services/drone-roofing-services-phoenix/","How do you handle this?","Hey,

Quick question - when a violation gets reported, what does your process look like from that initial report to final resolution? Is there a system tracking each step or is it mostly email threads?

That gap is where most HOA teams run into problems.


We offer a 7-day free trial. No cost, no contract. You see it running before committing to anything.
Gray Horizons Enterprise

To opt out of future emails, reply with REMOVE.
https://calendly.com/grayhorizonsenterprise/30min","sent","hoa",""
"Dr. Ductless Heating & Cooling","","johanna@drductless.com","https://www.drductless.com/about-us/","Something we built","Hey,

HVAC companies with a full schedule typically miss 15-20 calls a week during peak season. At an average job value of $450, that's $6,750-$9,000 walking out the door every week.

We set up an automated follow-up system for HVAC shops that catches every missed inquiry and follows up immediately - so the customer hears from you before they book someone else.

Three shops we've set this up for recovered 6-10 jobs in the first month they'd have otherwise lost.

Worth a 20-minute call to see if it fits? https://calendly.com/grayhorizonsenterprise/30min.


We offer a 7-day free trial. No cost, no contract. You see it running before committing to anything.
Gray Horizons Enterprise

To opt out of future emails, reply with REMOVE.","sent","hvac",""
"HVAC & Plumbing | House Springs, MO | Midwest Mechanical","","abrewer@midwesthtg.com","https://www.midwesthtg.com/","How do you handle this?","Hey,

Most HVAC owners I talk to say the same thing - the jobs they lose aren't from bad work, they're from slow follow-up. Estimate sent, no response, job goes to whoever follows up first.

We built an automated system that follows up on every open estimate and every missed inquiry without anyone on your team having to do it manually.

If that sounds like something worth looking at, grab a time here: https://calendly.com/grayhorizonsenterprise/30min.


We offer a 7-day free trial. No cost, no contract. You see it running before committing to anything.
Gray Horizons Enterprise

To opt out of future emails, reply with REMOVE.","sent","hvac",""
"All Construction Guide","","jsurujon@bellsouth.net","https://allconstructionguide.com/listing/aa-air-conditioning-radiator/","Question for you","Hi,

Quick question - when your line is busy or it's after hours and a customer calls about a broken AC or furnace, what happens to that call?

If it goes to voicemail, research shows 80% of those customers book the next company that answers before you call back.

We built a follow-up system that responds to those inquiries automatically and keeps them engaged until your team can get them on the schedule. Happy to show you how it works in 20 minutes.

https://calendly.com/grayhorizonsenterprise/30min


We offer a 7-day free trial. No cost, no contract. You see it running before committing to anything.
Gray Horizons Enterprise

To opt out of future emails, reply with REMOVE.","sent","hvac",""
"CharterUP","","communications@charterup.com","https://www.charterup.com/charter-bus-rentals/tucson-charter-bus-rental/","How do you handle this?","Hey,

Most HVAC owners I talk to say the same thing - the jobs they lose aren't from bad work, they're from slow follow-up. Estimate sent, no response, job goes to whoever follows up first.

We built an automated system that follows up on every open estimate and every missed inquiry without anyone on your team having to do it manually.

If that sounds like something worth looking at, grab a time here: https://calendly.com/grayhorizonsenterprise/30min.


We offer a 7-day free trial. No cost, no contract. You see it running before committing to anything.
Gray Horizons Enterprise

To opt out of future emails, reply with REMOVE.","sent","hvac",""
"Lotus Dental Wellness | Holistic Dentistry & Ceramic Implants","","om@lotusdentalwellness.com","https://www.lotusdentalwellness.com/new-patients","Something we built for practices","Hey,

The average dental practice loses 8-12 new patients every month to slow follow-up. A patient submits a form or calls after hours, nobody responds until the next morning, and by then they've booked somewhere else.

At $1,200 average lifetime value per new patient, that's $9,600-$14,400 a month slipping through.

We built a follow-up system that responds to every new patient inquiry immediately - even at 11pm - and keeps them engaged until they're booked. Happy to show you how it works in 20 minutes.

https://calendly.com/grayhorizonsenterprise/30min


We offer a 7-day free trial. No cost, no contract. You see it running before committing to anything.
Gray Horizons Enterprise

To opt out of future emails, reply with REMOVE.","sent","dental",""
"Nazeri  & Associates Architects - Nazeri  & Associates","","mnazeri@nazeriarch.com","https://nazeriarch.com/portfolios/medical-dental/dental-residential-building/","How do you handle this?","Hey,

The average dental practice loses 8-12 new patients every month to slow follow-up. A patient submits a form or calls after hours, nobody responds until the next morning, and by then they've booked somewhere else.

At $1,200 average lifetime value per new patient, that's $9,600-$14,400 a month slipping through.

We built a follow-up system that responds to every new patient inquiry immediately - even at 11pm - and keeps them engaged until they're booked. Happy to show you how it works in 20 minutes.

https://calendly.com/grayhorizonsenterprise/30min


We offer a 7-day free trial. No cost, no contract. You see it running before committing to anything.
Gray Horizons Enterprise

To opt out of future emails, reply with REMOVE.","sent","dental",""
"Triangle Dentistry","","infotri@p4dentists.com","https://triangledentistry.com/","Something we built for practices","Hi,

Patient no-shows cost the average dental practice $50,000-$150,000 per year in lost chair time. Most practices send one reminder. We send an automated sequence that cuts no-show rates by 40-60%.

Happy to walk you through exactly how it works: https://calendly.com/grayhorizonsenterprise/30min.


We offer a 7-day free trial. No cost, no contract. You see it running before committing to anything.
Gray Horizons Enterprise

To opt out of future emails, reply with REMOVE.","sent","dental",""
"Plumbing Plus","","webrequests@callreimer.com","https://www.plumbingplusny.com/","Something we built","Hey,

Post-job follow-up almost never happens in plumbing - no check-in call, no review request, no next service reminder.

We built that entire process into a system that runs automatically after every job closes.

I can show you what it looks like and get it running for your team this week.


We offer a 7-day free trial. No cost, no contract. You see it running before committing to anything.
Gray Horizons Enterprise

To opt out of future emails, reply with REMOVE.
https://calendly.com/grayhorizonsenterprise/30min","sent","plumbing",""
"Plumbing Solutions of Idaho","","dispatch@plumbingsolutionsofidaho.com","https://plumbingsolutionsofidaho.com/","How do you handle missed calls?","Hi,

The gap between a job finishing and the customer leaving a review is where most plumbing companies lose their referral pipeline.

We built a system that handles post-job follow-up and review collection automatically.

I can show you how it works this week.


We offer a 7-day free trial. No cost, no contract. You see it running before committing to anything.
Gray Horizons Enterprise

To opt out of future emails, reply with REMOVE.
https://calendly.com/grayhorizonsenterprise/30min","sent","plumbing",""
"https://www.realtyimprovement.com/","","joe@realtyimprovement.com","https://www.realtyimprovement.com/","How do you handle this?","Hey,

Most contractors we work with were losing jobs not because of the work but because estimate follow-up was not happening consistently.

We built a system that tracks every open bid and follows up automatically until you get a response.

I can show you exactly how it works and get it running for your team this week.


We offer a 7-day free trial. No cost, no contract. You see it running before committing to anything.
Gray Horizons Enterprise

To opt out of future emails, reply with REMOVE.
https://calendly.com/grayhorizonsenterprise/30min","sent","contractor",""
"kdoneconstruction","","woody@infocuspc.com","https://www.kdoneconstruction.com/","How do you handle this?","Hi,

The gap between a lead reaching out and your team getting them a quote is usually where the job goes to a competitor.

We built a system that cuts that response time down and automates the follow-up so no lead goes cold.

I can get you set up in about a week. Let me know and I will show you exactly how it works.


We offer a 7-day free trial. No cost, no contract. You see it running before committing to anything.
Gray Horizons Enterprise

To opt out of future emails, reply with REMOVE.
https://calendly.com/grayhorizonsenterprise/30min","sent","contractor",""
"Building our members’ success.","","wwhite@carolinasagc.org","https://www.cagc.org/FindContractors","Something we built for contractors","Hey,

Contractors lose more jobs to slow follow-up than to price - the client moves on before the estimate even gets a response.

We fixed that for several firms with a system that tracks every estimate and follows up automatically.

I can show you what that looks like this week.


We offer a 7-day free trial. No cost, no contract. You see it running before committing to anything.
Gray Horizons Enterprise

To opt out of future emails, reply with REMOVE.
https://calendly.com/grayhorizonsenterprise/30min","sent","contractor",""
"Davidson Homes","","osc@davidsonhomes.com","https://www.davidsonhomes.com/","Something we built for contractors","Hi,

The gap between a lead reaching out and your team getting them a quote is usually where the job goes to a competitor.

We built a system that cuts that response time down and automates the follow-up so no lead goes cold.

I can get you set up in about a week. Let me know and I will show you exactly how it works.


We offer a 7-day free trial. No cost, no contract. You see it running before committing to anything.
Gray Horizons Enterprise

To opt out of future emails, reply with REMOVE.
https://calendly.com/grayhorizonsenterprise/30min","sent","contractor",""
"Home Remodeling Company","","lee@jamesthomascontracting.com","https://www.jamesthomascontractingllc.com/","Quick question","Hey,

Contractors lose more jobs to slow follow-up than to price - the client moves on before the estimate even gets a response.

We fixed that for several firms with a system that tracks every estimate and follows up automatically.

I can show you what that looks like this week.


We offer a 7-day free trial. No cost, no contract. You see it running before committing to anything.
Gray Horizons Enterprise

To opt out of future emails, reply with REMOVE.
https://calendly.com/grayhorizonsenterprise/30min","sent","contractor",""
"AV Construction Inc","","Mike@avconstructionmt.com","https://www.avconstructionmt.com/","How do you handle this?","Hi,

After-hours leads from homeowners - when they come in through your website or Google listing at night, what happens to them? Does something catch it automatically or does it sit until morning?

Just asking because that's usually where the fastest-responding contractor wins the job.


We offer a 7-day free trial. No cost, no contract. You see it running before committing to anything.
Gray Horizons Enterprise

To opt out of future emails, reply with REMOVE.
https://calendly.com/grayhorizonsenterprise/30min","sent","contractor",""
"NW Construction, Inc.","","val.@nwconstruction.us","https://www.nwconstruction.us/","Question for you","Hey,

When you send out an estimate and don't hear back, what does your follow-up process look like? Is there a system tracking each open bid or does it depend on whoever sent it remembering to follow up?

That's usually where jobs go cold.


We offer a 7-day free trial. No cost, no contract. You see it running before committing to anything.
Gray Horizons Enterprise

To opt out of future emails, reply with REMOVE.
https://calendly.com/grayhorizonsenterprise/30min","sent","contractor",""
"Home | CS Structures | Bozeman, MT | General Contractor","","levi@csstructuresmt.com","https://www.csstructuresmt.com/","How do you handle this?","Hey,

After-hours inquiries from homeowners are some of the highest-intent leads a contractor gets - and most of them go unanswered until the next day.

We built a system that captures and responds to those leads automatically so you are always first to respond.

I can show you how we set it up this week.


We offer a 7-day free trial. No cost, no contract. You see it running before committing to anything.
Gray Horizons Enterprise

To opt out of future emails, reply with REMOVE.
https://calendly.com/grayhorizonsenterprise/30min","sent","contractor",""
"Younger Brothers Builders","","bids@youngerbrothersbuilders.com","https://www.youngerbrothersbuilders.com/","Something we built for contractors","Hey,

Most contractors we work with were losing jobs not because of the work but because estimate follow-up was not happening consistently.

We built a system that tracks every open bid and follows up automatically until you get a response.

I can show you exactly how it works and get it running for your team this week.


We offer a 7-day free trial. No cost, no contract. You see it running before committing to anything.
Gray Horizons Enterprise

To opt out of future emails, reply with REMOVE.
https://calendly.com/grayhorizonsenterprise/30min","sent","contractor",""
"Encore Landscape Management | We're your go-to, full service commercial landscape maintenance company!","","connect@encorelm.com","https://encorelm.com/","Something we built","Hey,

When your schedule is full and a new lead comes in it almost always gets lost - there is no system to capture it for later.

We built a system that holds every overflow lead and follows up automatically when your schedule opens.

I can show you how we set it up this week.


We offer a 7-day free trial. No cost, no contract. You see it running before committing to anything.
Gray Horizons Enterprise

To opt out of future emails, reply with REMOVE.
https://calendly.com/grayhorizonsenterprise/30min","sent","landscaping",""
"Expert Xeriscape, landscaping contractor services","","coloradollservices@coloradollservices.com","https://coloradolawnlandscapeservicesllc.jobbersites.com/","How do you handle overflow leads?","Hey,

When your schedule is full and a new lead comes in it almost always gets lost - there is no system to capture it for later.

We built a system that holds every overflow lead and follows up automatically when your schedule opens.

I can show you how we set it up this week.


We offer a 7-day free trial. No cost, no contract. You see it running before committing to anything.
Gray Horizons Enterprise

To opt out of future emails, reply with REMOVE.
https://calendly.com/grayhorizonsenterprise/30min","sent","landscaping",""
"L.H Landscaping","","Services@Lh-Landscaping.com","https://www.lh-landscaping.com/","How do you handle overflow leads?","Hey,

Not trying to waste your time - just wanted to ask: when you have a full schedule and someone new reaches out, how does your team capture that lead without it getting lost?

That overflow moment is usually where companies either grow or miss out.


We offer a 7-day free trial. No cost, no contract. You see it running before committing to anything.
Gray Horizons Enterprise

To opt out of future emails, reply with REMOVE.
https://calendly.com/grayhorizonsenterprise/30min","sent","landscaping",""
"H-2B Letter to the Hill on Cap Relief","","advocacy@irrigation.org","https://www.irrigation.org/IA/Advocacy/Letters/2022/H-2B_Letter_to_the_Hill_on_Cap_Relief.aspx","How do you handle overflow leads?","Hey,

The first company to respond to an estimate request in landscaping almost always wins the job - most homeowners book whoever gets back to them first.

We built a system that captures new inquiries and responds automatically so you are always first.

I can show you exactly how it works this week.


We offer a 7-day free trial. No cost, no contract. You see it running before committing to anything.
Gray Horizons Enterprise

To opt out of future emails, reply with REMOVE.
https://calendly.com/grayhorizonsenterprise/30min","sent","landscaping",""
"Myroofnexus","","connect@myroofnexus.com","https://myroofnexus.com/areas-we-serve/","Something we built for roofers","Hey,

Quick one: after a storm comes through your area, how does your team handle the wave of calls that come in? Is there a system to track each one or does it get a little chaotic?

We've been helping roofing companies manage exactly that.


We offer a 7-day free trial. No cost, no contract. You see it running before committing to anything.
Gray Horizons Enterprise

To opt out of future emails, reply with REMOVE.
https://calendly.com/grayhorizonsenterprise/30min","sent","roofing",""
"NY NJ Roofing","","matthew@nynj-roofing.com","https://nynj-roofing.com/","Quick question","Hi there,

How are you following up on estimates that went out but never got a response? In roofing those can be pretty high-value jobs to let slip.

Just curious what your current process looks like.


We offer a 7-day free trial. No cost, no contract. You see it running before committing to anything.
Gray Horizons Enterprise

To opt out of future emails, reply with REMOVE.
https://calendly.com/grayhorizonsenterprise/30min","sent","roofing",""
"Associa RPM","","preston.steele@associa.us","https://www.rpmanagement.com/","Something we built for HOA teams","
We offer a 7-day free trial. No cost, no contract. You see it running before committing to anything.
Gray Horizons Enterprise here.

Straight to it - we help HOA management teams stop losing violations in the handoff between report, tracking, and resolution.

Most teams we work with had it happening constantly and didn't realize how much time it was costing.

I can show you exactly how we fixed it this week if you want to see it.

Gray Horizons Enterprise

To opt out of future emails, reply with REMOVE.
https://calendly.com/grayhorizonsenterprise/30min","sent","hoa",""
"Boston Condominium Managment","","MichaelF@bostoncondomgmt.com","https://bostoncondominiummanagement.com/","Process question","Hey,

When a board member asks for a status update on an open violation, how long does it take your team to pull that together?

We've been working on cutting that time down. Happy to show you what we built if it's relevant.


We offer a 7-day free trial. No cost, no contract. You see it running before committing to anything.
Gray Horizons Enterprise

To opt out of future emails, reply with REMOVE.
https://calendly.com/grayhorizonsenterprise/30min","sent","hoa",""
"Find Everything You Need with RHOME.","","kirk.gillespie@rhomepm.com","https://www.rhomepm.com/","Something we built for HOA teams","
We offer a 7-day free trial. No cost, no contract. You see it running before committing to anything.
Gray Horizons Enterprise here.

HOA teams we've worked with had the same problem - violations documented at the start, then lost somewhere between board review and resolution.

We built a system that tracks the full lifecycle automatically so nothing slips.

I can show you exactly how it works and get it running for your team this week.

Gray Horizons Enterprise

To opt out of future emails, reply with REMOVE.
https://calendly.com/grayhorizonsenterprise/30min","sent","hoa",""
"PMI Potomac","","mattmangan@pmipotomac.com","https://www.silverspringpropertymanagementinc.com/blog/4-benefits-of-hiring-community-association-managers-in-maryland","Process question","Hey,

When a board member asks for a status update on an open violation, how long does it take your team to pull that together?

We've been working on cutting that time down. Happy to show you what we built if it's relevant.


We offer a 7-day free trial. No cost, no contract. You see it running before committing to anything.
Gray Horizons Enterprise

To opt out of future emails, reply with REMOVE.
https://calendly.com/grayhorizonsenterprise/30min","sent","hoa",""
"Fairwood Management","","something@tyler.com","https://www.fairwoodmgmt.com/","Quick question","
We offer a 7-day free trial. No cost, no contract. You see it running before committing to anything.
Gray Horizons Enterprise here.

The gap between a homeowner filing a report and that violation being fully resolved is where HOA teams take on the most risk.

We built a system that locks that gap down - every step tracked, documented, and followed up automatically.

I can get you set up in about a week. Let me know and I'll show you exactly how it works.

Gray Horizons Enterprise

To opt out of future emails, reply with REMOVE.
https://calendly.com/grayhorizonsenterprise/30min","sent","hoa",""
"AMRES","","rentals@amres.co","https://www.amres.co/","Quick question","
We offer a 7-day free trial. No cost, no contract. You see it running before committing to anything.
Gray Horizons Enterprise here.

The gap between a homeowner filing a report and that violation being fully resolved is where HOA teams take on the most risk.

We built a system that locks that gap down - every step tracked, documented, and followed up automatically.

I can get you set up in about a week. Let me know and I'll show you exactly how it works.

Gray Horizons Enterprise

To opt out of future emails, reply with REMOVE.
https://calendly.com/grayhorizonsenterprise/30min","sent","hoa",""
"Y Combinator","","allen@assemblyhoa.com","https://www.ycombinator.com/companies/assembly-hoa","How do you handle this?","Hey,

When a board member asks for a status update on an open violation, how long does it take your team to pull that together?

We've been working on cutting that time down. Happy to show you what we built if it's relevant.


We offer a 7-day free trial. No cost, no contract. You see it running before committing to anything.
Gray Horizons Enterprise

To opt out of future emails, reply with REMOVE.
https://calendly.com/grayhorizonsenterprise/30min","sent","hoa",""
"Condominium & HOA Management Services","","chix@smithmgmt.com","https://www.smithmgmt.com/","Process question","
We offer a 7-day free trial. No cost, no contract. You see it running before committing to anything.
Gray Horizons Enterprise here.

The biggest issue we keep seeing with HOA teams is violations getting lost between report, board review, and resolution.

We built a system that locks that entire process down so nothing slips through.

If you want, I can walk you through it and get something similar set up for you quickly.

Gray Horizons Enterprise

To opt out of future emails, reply with REMOVE.
https://calendly.com/grayhorizonsenterprise/30min","sent","hoa",""
"Crown Property Management, LLC.","","amanda@crownpropmgmt.com","https://crownpropmgmt.com/","Process question","
We offer a 7-day free trial. No cost, no contract. You see it running before committing to anything.
Gray Horizons Enterprise here.

Most HOA teams we've worked with were losing track of violations between the initial report and final resolution.

We fixed that with a simple system that handles tracking and follow-ups automatically.

If this is even slightly an issue on your side, I can show you exactly how we set it up this week.

Gray Horizons Enterprise

To opt out of future emails, reply with REMOVE.
https://calendly.com/grayhorizonsenterprise/30min","sent","hoa",""
"Wintri","","nick.choa@socialordeals.com","https://wintri.com/services/hvac-repair","Something we built","Hey,

Most HVAC owners I talk to say the same thing - the jobs they lose aren't from bad work, they're from slow follow-up. Estimate sent, no response, job goes to whoever follows up first.

We built an automated system that follows up on every open estimate and every missed inquiry without anyone on your team having to do it manually.

If that sounds like something worth looking at, grab a time here: https://calendly.com/grayhorizonsenterprise/30min.


We offer a 7-day free trial. No cost, no contract. You see it running before committing to anything.
Gray Horizons Enterprise

To opt out of future emails, reply with REMOVE.","sent","hvac",""
"OH & MI","","askfry@relyonfry.com","https://www.fryheating.com/","Quick question","Hey,

Most HVAC owners I talk to say the same thing - the jobs they lose aren't from bad work, they're from slow follow-up. Estimate sent, no response, job goes to whoever follows up first.

We built an automated system that follows up on every open estimate and every missed inquiry without anyone on your team having to do it manually.

If that sounds like something worth looking at, grab a time here: https://calendly.com/grayhorizonsenterprise/30min.


We offer a 7-day free trial. No cost, no contract. You see it running before committing to anything.
Gray Horizons Enterprise

To opt out of future emails, reply with REMOVE.","sent","hvac",""
"HVAC, Plumbing, & Electrical in Central Florida","","mweaver@delair.com","https://www.delair.com/","Quick question","Hey,

Most HVAC owners I talk to say the same thing - the jobs they lose aren't from bad work, they're from slow follow-up. Estimate sent, no response, job goes to whoever follows up first.

We built an automated system that follows up on every open estimate and every missed inquiry without anyone on your team having to do it manually.

If that sounds like something worth looking at, grab a time here: https://calendly.com/grayhorizonsenterprise/30min.


We offer a 7-day free trial. No cost, no contract. You see it running before committing to anything.
Gray Horizons Enterprise

To opt out of future emails, reply with REMOVE.","sent","hvac",""
"Alta Pest Control","","austin@altapestcontrol.com","https://www.altapestcontrol.com/locations/oklahoma-ok/tulsa-pest-control/attic-insulation","How do you handle this?","Hi,

Quick question - when your line is busy or it's after hours and a customer calls about a broken AC or furnace, what happens to that call?

If it goes to voicemail, research shows 80% of those customers book the next company that answers before you call back.

We built a follow-up system that responds to those inquiries automatically and keeps them engaged until your team can get them on the schedule. Happy to show you how it works in 20 minutes.

https://calendly.com/grayhorizonsenterprise/30min


We offer a 7-day free trial. No cost, no contract. You see it running before committing to anything.
Gray Horizons Enterprise

To opt out of future emails, reply with REMOVE.","sent","hvac",""
"Air Controls","","dwhite@bozemanaircontrols.com","https://www.hvacbozeman.com/","Question for you","Hi,

The average HVAC company loses $45,000-$120,000 per year to missed and unreturned calls. Most owners don't realize it because there's no system tracking what's being lost.

We fix that. I can show you exactly what it looks like for a shop your size in 20 minutes.

https://calendly.com/grayhorizonsenterprise/30min


We offer a 7-day free trial. No cost, no contract. You see it running before committing to anything.
Gray Horizons Enterprise

To opt out of future emails, reply with REMOVE.","sent","hvac",""
"(254) 547-4866","","appointments@benchmarkfamilydental.com","https://www.benchmarkfamilydental.com/request-an-appointment.html","Question for you","Hi,

Patient no-shows cost the average dental practice $50,000-$150,000 per year in lost chair time. Most practices send one reminder. We send an automated sequence that cuts no-show rates by 40-60%.

Happy to walk you through exactly how it works: https://calendly.com/grayhorizonsenterprise/30min.


We offer a 7-day free trial. No cost, no contract. You see it running before committing to anything.
Gray Horizons Enterprise

To opt out of future emails, reply with REMOVE.","sent","dental",""
"W.G. Tomko Inc.","","receptionist@wgtomko.com","https://wgtomko.com/","Question for you","Hey,

Post-job follow-up almost never happens in plumbing - no check-in call, no review request, no next service reminder.

We built that entire process into a system that runs automatically after every job closes.

I can show you what it looks like and get it running for your team this week.


We offer a 7-day free trial. No cost, no contract. You see it running before committing to anything.
Gray Horizons Enterprise

To opt out of future emails, reply with REMOVE.
https://calendly.com/grayhorizonsenterprise/30min","sent","plumbing",""
"House Crafters","","housecrafters@housecrafterswny.com","https://www.housecraftersofwny.com/","Something we built for contractors","Hi,

The gap between a lead reaching out and your team getting them a quote is usually where the job goes to a competitor.

We built a system that cuts that response time down and automates the follow-up so no lead goes cold.

I can get you set up in about a week. Let me know and I will show you exactly how it works.


We offer a 7-day free trial. No cost, no contract. You see it running before committing to anything.
Gray Horizons Enterprise

To opt out of future emails, reply with REMOVE.
https://calendly.com/grayhorizonsenterprise/30min","sent","contractor",""
"McKinstry","","together@mckinstry.com","https://www.mckinstry.com/office-locations/montana/","Quick question","Hey,

Most contractors we work with were losing jobs not because of the work but because estimate follow-up was not happening consistently.

We built a system that tracks every open bid and follows up automatically until you get a response.

I can show you exactly how it works and get it running for your team this week.


We offer a 7-day free trial. No cost, no contract. You see it running before committing to anything.
Gray Horizons Enterprise

To opt out of future emails, reply with REMOVE.
https://calendly.com/grayhorizonsenterprise/30min","sent","contractor",""
"Welcome to A Simply Greener Side","","asimplygreenerside@comcast.net","https://asimplygreenerside.com/","How do you handle overflow leads?","Hey,

The first company to respond to an estimate request in landscaping almost always wins the job - most homeowners book whoever gets back to them first.

We built a system that captures new inquiries and responds automatically so you are always first.

I can show you exactly how it works this week.


We offer a 7-day free trial. No cost, no contract. You see it running before committing to anything.
Gray Horizons Enterprise

To opt out of future emails, reply with REMOVE.
https://calendly.com/grayhorizonsenterprise/30min","sent","landscaping",""
"Pope Landscape & Irrigation","","michael@popelandscape.com","https://raleigh-landscape.com/contact","Something we built","Hey,

When your schedule is full and a new lead comes in it almost always gets lost - there is no system to capture it for later.

We built a system that holds every overflow lead and follows up automatically when your schedule opens.

I can show you how we set it up this week.


We offer a 7-day free trial. No cost, no contract. You see it running before committing to anything.
Gray Horizons Enterprise

To opt out of future emails, reply with REMOVE.
https://calendly.com/grayhorizonsenterprise/30min","sent","landscaping",""
"Free Roof Quotes","","name@yoursite.com","https://www.free-roof-quotes.com/","How do you handle this?","Hey,

Quick one: after a storm comes through your area, how does your team handle the wave of calls that come in? Is there a system to track each one or does it get a little chaotic?

We've been helping roofing companies manage exactly that.


We offer a 7-day free trial. No cost, no contract. You see it running before committing to anything.
Gray Horizons Enterprise

To opt out of future emails, reply with REMOVE.
https://calendly.com/grayhorizonsenterprise/30min","sent","roofing",""
"Utah HOA Management","","utahoa@utahoa.com","https://www.utahhoamanagement.com/","Quick question","
We offer a 7-day free trial. No cost, no contract. You see it running before committing to anything.
Gray Horizons Enterprise here.

The gap between a homeowner filing a report and that violation being fully resolved is where HOA teams take on the most risk.

We built a system that locks that gap down - every step tracked, documented, and followed up automatically.

I can get you set up in about a week. Let me know and I'll show you exactly how it works.

Gray Horizons Enterprise

To opt out of future emails, reply with REMOVE.
https://calendly.com/grayhorizonsenterprise/30min","sent","hoa",""
"Impact Fund","","Sarah@legalhpf.com","https://www.impactfund.org/jobs-midwest","How do you handle this?","
We offer a 7-day free trial. No cost, no contract. You see it running before committing to anything.
Gray Horizons Enterprise here.

Violation follow-up is where most HOA teams lose time - the documentation exists but pulling it together for a board review or audit takes way longer than it should.

We fixed that for a handful of firms and now it runs on its own.

I can walk you through the setup this week and show you what it looks like in practice.

Gray Horizons Enterprise

To opt out of future emails, reply with REMOVE.
https://calendly.com/grayhorizonsenterprise/30min","sent","hoa",""
"Morning Ag Clips","","president@uspoultry.org","https://www.morningagclips.com/peter-landschoot-retires-after-serving-as-turf-specialist-for-35-years/","How do you handle this?","
We offer a 7-day free trial. No cost, no contract. You see it running before committing to anything.
Gray Horizons Enterprise here.

HOA teams we've worked with had the same problem - violations documented at the start, then lost somewhere between board review and resolution.

We built a system that tracks the full lifecycle automatically so nothing slips.

I can show you exactly how it works and get it running for your team this week.

Gray Horizons Enterprise

To opt out of future emails, reply with REMOVE.
https://calendly.com/grayhorizonsenterprise/30min","sent","hoa",""
"Niche","","my.email@niche.com","https://www.niche.com/places-to-live/des-moines-polk-ia/","Something we built for HOA teams","
We offer a 7-day free trial. No cost, no contract. You see it running before committing to anything.
Gray Horizons Enterprise here.

The gap between a homeowner filing a report and that violation being fully resolved is where HOA teams take on the most risk.

We built a system that locks that gap down - every step tracked, documented, and followed up automatically.

I can get you set up in about a week. Let me know and I'll show you exactly how it works.

Gray Horizons Enterprise

To opt out of future emails, reply with REMOVE.
https://calendly.com/grayhorizonsenterprise/30min","sent","hoa",""
"MiLB.com","","kernels@kernels.com","https://www.milb.com/cedar-rapids/news/kernels-strike-early-cruise-to-7-3-win-in-lansing","Process question","
We offer a 7-day free trial. No cost, no contract. You see it running before committing to anything.
Gray Horizons Enterprise here.

HOA teams we've worked with had the same problem - violations documented at the start, then lost somewhere between board review and resolution.

We built a system that tracks the full lifecycle automatically so nothing slips.

I can show you exactly how it works and get it running for your team this week.

Gray Horizons Enterprise

To opt out of future emails, reply with REMOVE.
https://calendly.com/grayhorizonsenterprise/30min","sent","hoa",""
"Stronghold HVAC","","jose@strongholdac.com","https://www.strongholdac.com/","Something we built","Hi,

Quick question - when your line is busy or it's after hours and a customer calls about a broken AC or furnace, what happens to that call?

If it goes to voicemail, research shows 80% of those customers book the next company that answers before you call back.

We built a follow-up system that responds to those inquiries automatically and keeps them engaged until your team can get them on the schedule. Happy to show you how it works in 20 minutes.

https://calendly.com/grayhorizonsenterprise/30min


We offer a 7-day free trial. No cost, no contract. You see it running before committing to anything.
Gray Horizons Enterprise

To opt out of future emails, reply with REMOVE.","sent","hvac",""
"J Martin - Indoor Air Quality","","contactus@jmartiniaq.com","https://www.jmartiniaq.com/","Quick question","Hi,

Quick question - when your line is busy or it's after hours and a customer calls about a broken AC or furnace, what happens to that call?

If it goes to voicemail, research shows 80% of those customers book the next company that answers before you call back.

We built a follow-up system that responds to those inquiries automatically and keeps them engaged until your team can get them on the schedule. Happy to show you how it works in 20 minutes.

https://calendly.com/grayhorizonsenterprise/30min


We offer a 7-day free trial. No cost, no contract. You see it running before committing to anything.
Gray Horizons Enterprise

To opt out of future emails, reply with REMOVE.","sent","hvac",""
"15 Best Landscapers in West Jordan, UT - LawnStarter","","info@lawnstarter.com","https://www.lawnstarter.com/west-jordan-ut-landscaping","Something we built","Hey,

Not trying to waste your time - just wanted to ask: when you have a full schedule and someone new reaches out, how does your team capture that lead without it getting lost?

That overflow moment is usually where companies either grow or miss out.


We offer a 7-day free trial. No cost, no contract. You see it running before committing to anything.
Gray Horizons Enterprise

To opt out of future emails, reply with REMOVE.
https://calendly.com/grayhorizonsenterprise/30min","skipped","landscaping",""
"Honest Landscaping Solutions LLC | Salt Lake City Utah Exper","","info@honestlandscapingsolutions.com","https://www.honestlandscapingsolutions.com/","Quick question","Hi,

Seasonal clients who go quiet between services are lost revenue that most landscaping companies never recover.

We built a system that keeps every recurring client on schedule with automatic reminders and follow-up.

I can walk you through it this week and show you what it looks like running.


We offer a 7-day free trial. No cost, no contract. You see it running before committing to anything.
Gray Horizons Enterprise

To opt out of future emails, reply with REMOVE.
https://calendly.com/grayhorizonsenterprise/30min","skipped","landscaping",""
"Home - Ewing","","info@ewingoutdoorsupply.com","https://www.ewingoutdoorsupply.com/","Quick question","Hey,

When your schedule is full and a new lead comes in it almost always gets lost - there is no system to capture it for later.

We built a system that holds every overflow lead and follows up automatically when your schedule opens.

I can show you how we set it up this week.


We offer a 7-day free trial. No cost, no contract. You see it running before committing to anything.
Gray Horizons Enterprise

To opt out of future emails, reply with REMOVE.
https://calendly.com/grayhorizonsenterprise/30min","skipped","landscaping",""
"HVAC heating and air conditioning equipment powered by Trane","","info@trane.com","https://www.trane.com/residential/","Question for you","Hi,

Quick question - when your line is busy or it's after hours and a customer calls about a broken AC or furnace, what happens to that call?

If it goes to voicemail, research shows 80% of those customers book the next company that answers before you call back.

We built a follow-up system that responds to those inquiries automatically and keeps them engaged until your team can get them on the schedule. Happy to show you how it works in 20 minutes.

https://calendly.com/grayhorizonsenterprise/30min


We offer a 7-day free trial. No cost, no contract. You see it running before committing to anything.
Gray Horizons Enterprise

To opt out of future emails, reply with REMOVE.","skipped","hvac",""
"San Lucas Pediatric Clinic | Natomas Pediatrician | Elk Grov","","info@sanlucaspeds.com","https://sanlucaspeds.com/","Quick question","Hey,

The average dental practice loses 8-12 new patients every month to slow follow-up. A patient submits a form or calls after hours, nobody responds until the next morning, and by then they've booked somewhere else.

At $1,200 average lifetime value per new patient, that's $9,600-$14,400 a month slipping through.

We built a follow-up system that responds to every new patient inquiry immediately - even at 11pm - and keeps them engaged until they're booked. Happy to show you how it works in 20 minutes.

https://calendly.com/grayhorizonsenterprise/30min


We offer a 7-day free trial. No cost, no contract. You see it running before committing to anything.
Gray Horizons Enterprise

To opt out of future emails, reply with REMOVE.","skipped","dental",""
"Plumbing Showroom | Style Bath & Kitchen | Oakland Berkeley","","info@sbkinc.com","https://www.sbkinc.com/","Something we built for contractors","Hi,

The window between sending an estimate and hearing back is where most contracting jobs go cold - the customer gets another quote and signs with whoever follows up first.

We built a system that handles automatic follow-up so you stop losing jobs to faster competitors.

I can walk you through it this week.


We offer a 7-day free trial. No cost, no contract. You see it running before committing to anything.
Gray Horizons Enterprise

To opt out of future emails, reply with REMOVE.
https://calendly.com/grayhorizonsenterprise/30min","skipped","contractor",""
"6 Types of Ducts in HVAC (Rigid, Kitchen, Fire & Pre-Insulat","","info@aircondlounge.com","https://aircondlounge.com/types-of-ducts-in-hvac/","Something we built","Hi,

The average HVAC company loses $45,000-$120,000 per year to missed and unreturned calls. Most owners don't realize it because there's no system tracking what's being lost.

We fix that. I can show you exactly what it looks like for a shop your size in 20 minutes.

https://calendly.com/grayhorizonsenterprise/30min


We offer a 7-day free trial. No cost, no contract. You see it running before committing to anything.
Gray Horizons Enterprise

To opt out of future emails, reply with REMOVE.","skipped","hvac",""
"14 Best Phoenix, AZ Plumbers | Expertise.com","","info@expertise.com","https://www.expertise.com/home-improvement/plumbing/arizona/phoenix","Question for you","Hi,

After-hours and weekend calls are where most plumbing companies lose the most jobs - by the time someone calls back the customer has already moved on.

We built a system that captures and responds to those inquiries automatically so you stop losing jobs to whoever answers first.

I can show you exactly how we set it up this week.


We offer a 7-day free trial. No cost, no contract. You see it running before committing to anything.
Gray Horizons Enterprise

To opt out of future emails, reply with REMOVE.
https://calendly.com/grayhorizonsenterprise/30min","skipped","plumbing",""
"30 Types of Roofs for Homes (Popular Styles & Benefits in 20","","contact@architectureartdesigns.com","https://www.architectureartdesigns.com/the-ultimate-guide-to-30-types-of-roofs-for-homes/","Something we built for roofers","Hey,

Quick one: after a storm comes through your area, how does your team handle the wave of calls that come in? Is there a system to track each one or does it get a little chaotic?

We've been helping roofing companies manage exactly that.


We offer a 7-day free trial. No cost, no contract. You see it running before committing to anything.
Gray Horizons Enterprise

To opt out of future emails, reply with REMOVE.
https://calendly.com/grayhorizonsenterprise/30min","skipped","roofing",""
"3 Best Roofing Contractors in Surprise, AZ","","info@advancedqualityroofing.com","https://threebestrated.com/roofing-contractors-in-surprise-az","How do you handle this?","Hi there,

How are you following up on estimates that went out but never got a response? In roofing those can be pretty high-value jobs to let slip.

Just curious what your current process looks like.


We offer a 7-day free trial. No cost, no contract. You see it running before committing to anything.
Gray Horizons Enterprise

To opt out of future emails, reply with REMOVE.
https://calendly.com/grayhorizonsenterprise/30min","skipped","roofing",""
"24 Best Roofing Companies in San Diego, CA (2025)","","info@cedur.com","https://www.cedur.com/best-roofers-in-san-diego/","Quick question","Hey,

After-hours inquiries from homeowners are some of the highest-intent leads a contractor gets - and most of them go unanswered until the next day.

We built a system that captures and responds to those leads automatically so you are always first to respond.

I can show you how we set it up this week.


We offer a 7-day free trial. No cost, no contract. You see it running before committing to anything.
Gray Horizons Enterprise

To opt out of future emails, reply with REMOVE.
https://calendly.com/grayhorizonsenterprise/30min","skipped","contractor",""
"Orthodontist in Mesa, AZ | Judd Orthodontics","","info@juddorthodontics.com","https://www.juddorthodontics.com/","How do you handle this?","Hi,

Patient no-shows cost the average dental practice $50,000-$150,000 per year in lost chair time. Most practices send one reminder. We send an automated sequence that cuts no-show rates by 40-60%.

Happy to walk you through exactly how it works: https://calendly.com/grayhorizonsenterprise/30min.


We offer a 7-day free trial. No cost, no contract. You see it running before committing to anything.
Gray Horizons Enterprise

To opt out of future emails, reply with REMOVE.","skipped","dental",""
"My Store","","sergei@airblueoc.com","https://airblueoc.com/","Quick question","Hey,

Most HVAC owners I talk to say the same thing - the jobs they lose aren't from bad work, they're from slow follow-up. Estimate sent, no response, job goes to whoever follows up first.

We built an automated system that follows up on every open estimate and every missed inquiry without anyone on your team having to do it manually.

If that sounds like something worth looking at, grab a time here: https://calendly.com/grayhorizonsenterprise/30min.


We offer a 7-day free trial. No cost, no contract. You see it running before committing to anything.
Gray Horizons Enterprise

To opt out of future emails, reply with REMOVE.","sent","hvac",""
"Altabra Air Conditioning","","HVAC@altabra-cooling.com","https://www.altabra-cooling.com/","Something we built","Hi,

The average HVAC company loses $45,000-$120,000 per year to missed and unreturned calls. Most owners don't realize it because there's no system tracking what's being lost.

We fix that. I can show you exactly what it looks like for a shop your size in 20 minutes.

https://calendly.com/grayhorizonsenterprise/30min


We offer a 7-day free trial. No cost, no contract. You see it running before committing to anything.
Gray Horizons Enterprise

To opt out of future emails, reply with REMOVE.","sent","hvac",""
"Barineau Heating and Air Conditioning","","perry@pstudio.us","https://barineauac.com/","How do you handle this?","Hey,

HVAC companies with a full schedule typically miss 15-20 calls a week during peak season. At an average job value of $450, that's $6,750-$9,000 walking out the door every week.

We set up an automated follow-up system for HVAC shops that catches every missed inquiry and follows up immediately - so the customer hears from you before they book someone else.

Three shops we've set this up for recovered 6-10 jobs in the first month they'd have otherwise lost.

Worth a 20-minute call to see if it fits? https://calendly.com/grayhorizonsenterprise/30min.


We offer a 7-day free trial. No cost, no contract. You see it running before committing to anything.
Gray Horizons Enterprise

To opt out of future emails, reply with REMOVE.","sent","hvac",""
"Comfort Heating & Cooling, Inc.","","contactus@comfortheatingandac.com","https://www.comfortheatingandac.com/","How do you handle this?","Hey,

HVAC companies with a full schedule typically miss 15-20 calls a week during peak season. At an average job value of $450, that's $6,750-$9,000 walking out the door every week.

We set up an automated follow-up system for HVAC shops that catches every missed inquiry and follows up immediately - so the customer hears from you before they book someone else.

Three shops we've set this up for recovered 6-10 jobs in the first month they'd have otherwise lost.

Worth a 20-minute call to see if it fits? https://calendly.com/grayhorizonsenterprise/30min.


We offer a 7-day free trial. No cost, no contract. You see it running before committing to anything.
Gray Horizons Enterprise

To opt out of future emails, reply with REMOVE.","sent","hvac",""
"SWI swissinfo.ch","","english@swissinfo.ch","https://www.swissinfo.ch/eng/business/how-air-conditioning-cools-homes-and-warms-the-planet/47727320","Question for you","Hey,

Most HVAC owners I talk to say the same thing - the jobs they lose aren't from bad work, they're from slow follow-up. Estimate sent, no response, job goes to whoever follows up first.

We built an automated system that follows up on every open estimate and every missed inquiry without anyone on your team having to do it manually.

If that sounds like something worth looking at, grab a time here: https://calendly.com/grayhorizonsenterprise/30min.


We offer a 7-day free trial. No cost, no contract. You see it running before committing to anything.
Gray Horizons Enterprise

To opt out of future emails, reply with REMOVE.","sent","hvac",""
"Knoxville A/C Service - Knoxville A/C Service","","noel@knoxacs.com","https://www.knoxacs.com/","Something we built","Hey,

HVAC companies with a full schedule typically miss 15-20 calls a week during peak season. At an average job value of $450, that's $6,750-$9,000 walking out the door every week.

We set up an automated follow-up system for HVAC shops that catches every missed inquiry and follows up immediately - so the customer hears from you before they book someone else.

Three shops we've set this up for recovered 6-10 jobs in the first month they'd have otherwise lost.

Worth a 20-minute call to see if it fits? https://calendly.com/grayhorizonsenterprise/30min.


We offer a 7-day free trial. No cost, no contract. You see it running before committing to anything.
Gray Horizons Enterprise

To opt out of future emails, reply with REMOVE.","sent","hvac",""
"DDSmatch Mid-Atlantic","","sgarfinkel@ddsmatch.com","https://dmv.ddsmatch.com/","Question for you","Hi,

Patient no-shows cost the average dental practice $50,000-$150,000 per year in lost chair time. Most practices send one reminder. We send an automated sequence that cuts no-show rates by 40-60%.

Happy to walk you through exactly how it works: https://calendly.com/grayhorizonsenterprise/30min.


We offer a 7-day free trial. No cost, no contract. You see it running before committing to anything.
Gray Horizons Enterprise

To opt out of future emails, reply with REMOVE.","sent","dental",""
"dental-transitions","","mlimsky@wlsdlaw.com","https://www.thedentalpracticelawyers.com/","Something we built for practices","Hi,

Patient no-shows cost the average dental practice $50,000-$150,000 per year in lost chair time. Most practices send one reminder. We send an automated sequence that cuts no-show rates by 40-60%.

Happy to walk you through exactly how it works: https://calendly.com/grayhorizonsenterprise/30min.


We offer a 7-day free trial. No cost, no contract. You see it running before committing to anything.
Gray Horizons Enterprise

To opt out of future emails, reply with REMOVE.","sent","dental",""
"RUTUBE","","feeriareklama@yandex.ru","https://rutube.ru/video/0e3903a7ddc6733b160b6608e77fef65/","Quick question","Hey,

The average dental practice loses 8-12 new patients every month to slow follow-up. A patient submits a form or calls after hours, nobody responds until the next morning, and by then they've booked somewhere else.

At $1,200 average lifetime value per new patient, that's $9,600-$14,400 a month slipping through.

We built a follow-up system that responds to every new patient inquiry immediately - even at 11pm - and keeps them engaged until they're booked. Happy to show you how it works in 20 minutes.

https://calendly.com/grayhorizonsenterprise/30min


We offer a 7-day free trial. No cost, no contract. You see it running before committing to anything.
Gray Horizons Enterprise

To opt out of future emails, reply with REMOVE.","sent","dental",""
"Exceptional Care, Honest Values","","fd@napadentalofabq.com","https://napadentalofabq.com/","Something we built for practices","Hi,

Quick question for you - when a new patient submits a form on your website at 8pm on a Tuesday, what happens to that inquiry?

If it sits until the next morning, research shows 78% of those patients have already booked somewhere else by the time you call back.

We fix that with an automated follow-up system. Three practices we've set this up for saw immediate increases in new patient bookings in the first 30 days.

Worth 20 minutes to see the setup? https://calendly.com/grayhorizonsenterprise/30min.


We offer a 7-day free trial. No cost, no contract. You see it running before committing to anything.
Gray Horizons Enterprise

To opt out of future emails, reply with REMOVE.","sent","dental",""
"Holly Park Emergency Electrician","","Michael.H@HollyParkEmergencyElectrician.com","https://hollyparkemergencyelectrician.com/","Question for you","Hi,

When you finish a job, what does the follow-up process look like? Is there anything automated that checks in with the customer, or does it depend on the tech remembering to do it?

We've built that whole post-job flow into a system. Happy to show you how it works.


We offer a 7-day free trial. No cost, no contract. You see it running before committing to anything.
Gray Horizons Enterprise

To opt out of future emails, reply with REMOVE.
https://calendly.com/grayhorizonsenterprise/30min","sent","plumbing",""
"GL Plumbing Service","","gluna@glplumbingservice.com","https://glplumbingservice.com/","Something we built","Hey,

The biggest revenue leak for most plumbing companies is missed calls - the customer calls once, nobody answers, and they book someone else before you call back.

We built a system that captures every missed call and gets it back into your pipeline automatically.

I can show you exactly how it works this week.


We offer a 7-day free trial. No cost, no contract. You see it running before committing to anything.
Gray Horizons Enterprise

To opt out of future emails, reply with REMOVE.
https://calendly.com/grayhorizonsenterprise/30min","sent","plumbing",""
"Your Trusted Plumbers in Coatesville, PA","","jimmy@armstrongplumbingpa.com","https://www.armstrongplumbingpa.com/","Quick question","Hi,

The gap between a job finishing and the customer leaving a review is where most plumbing companies lose their referral pipeline.

We built a system that handles post-job follow-up and review collection automatically.

I can show you how it works this week.


We offer a 7-day free trial. No cost, no contract. You see it running before committing to anything.
Gray Horizons Enterprise

To opt out of future emails, reply with REMOVE.
https://calendly.com/grayhorizonsenterprise/30min","sent","plumbing",""
"ALL PRO PLUMBING","","Kristi@Allproplumbing716.com","https://www.allproplumbing716.com/","Quick question","Hi,

After-hours and weekend calls are where most plumbing companies lose the most jobs - by the time someone calls back the customer has already moved on.

We built a system that captures and responds to those inquiries automatically so you stop losing jobs to whoever answers first.

I can show you exactly how we set it up this week.


We offer a 7-day free trial. No cost, no contract. You see it running before committing to anything.
Gray Horizons Enterprise

To opt out of future emails, reply with REMOVE.
https://calendly.com/grayhorizonsenterprise/30min","sent","plumbing",""
"Local Plumber","","brplumbing@cox.net","https://www.batonrougeplumbing.org/about-us","How do you handle missed calls?","Hey,

Most plumbing companies we work with had no system for job tracking across crews - status updates required calling the tech directly every time.

We fixed that with a system that keeps every job visible from dispatch to close-out without anyone having to chase it down.

I can get you set up in about a week.


We offer a 7-day free trial. No cost, no contract. You see it running before committing to anything.
Gray Horizons Enterprise

To opt out of future emails, reply with REMOVE.
https://calendly.com/grayhorizonsenterprise/30min","sent","plumbing",""
"Bonnecaze Plumbing of Baton Rouge, LA","","bonnecazeplbg@att.net","http://www.bonnecazeplumbing.com/","How do you handle missed calls?","Hi,

When you finish a job, what does the follow-up process look like? Is there anything automated that checks in with the customer, or does it depend on the tech remembering to do it?

We've built that whole post-job flow into a system. Happy to show you how it works.


We offer a 7-day free trial. No cost, no contract. You see it running before committing to anything.
Gray Horizons Enterprise

To opt out of future emails, reply with REMOVE.
https://calendly.com/grayhorizonsenterprise/30min","sent","plumbing",""
"K&D Contractors Inc","","klaudjan@kdcontractorsny.com","https://www.kdcontractorsny.com/new-york-general-contractor","Something we built for contractors","Hey,

Contractors lose more jobs to slow follow-up than to price - the client moves on before the estimate even gets a response.

We fixed that for several firms with a system that tracks every estimate and follows up automatically.

I can show you what that looks like this week.


We offer a 7-day free trial. No cost, no contract. You see it running before committing to anything.
Gray Horizons Enterprise

To opt out of future emails, reply with REMOVE.
https://calendly.com/grayhorizonsenterprise/30min","sent","contractor",""
"S Renovations","","newbusiness@sam-renovations.com","https://www.sam-renovations.com/","Question for you","Hey,

Most contractors we work with were losing jobs not because of the work but because estimate follow-up was not happening consistently.

We built a system that tracks every open bid and follows up automatically until you get a response.

I can show you exactly how it works and get it running for your team this week.


We offer a 7-day free trial. No cost, no contract. You see it running before committing to anything.
Gray Horizons Enterprise

To opt out of future emails, reply with REMOVE.
https://calendly.com/grayhorizonsenterprise/30min","sent","contractor",""
"Contractor","","wta@goamp.com","https://www.psionlinestore.com/contractor/","Question for you","Hey,

Most contractors we work with were losing jobs not because of the work but because estimate follow-up was not happening consistently.

We built a system that tracks every open bid and follows up automatically until you get a response.

I can show you exactly how it works and get it running for your team this week.


We offer a 7-day free trial. No cost, no contract. You see it running before committing to anything.
Gray Horizons Enterprise

To opt out of future emails, reply with REMOVE.
https://calendly.com/grayhorizonsenterprise/30min","sent","contractor",""
"North Carolina State List","","request@carenorthcarolina.org","https://www.carenorthcarolina.org/list08_north_carolina_home_medical_equipment.htm","How do you handle this?","Hi,

The gap between a lead reaching out and your team getting them a quote is usually where the job goes to a competitor.

We built a system that cuts that response time down and automates the follow-up so no lead goes cold.

I can get you set up in about a week. Let me know and I will show you exactly how it works.


We offer a 7-day free trial. No cost, no contract. You see it running before committing to anything.
Gray Horizons Enterprise

To opt out of future emails, reply with REMOVE.
https://calendly.com/grayhorizonsenterprise/30min","sent","contractor",""
"AHI Corporate Housing","","bookchattanooga@ahicorporatehousing.com","https://ahicorporatehousing.com/locations/chattanooga-2/","Quick question","Hi,

The window between sending an estimate and hearing back is where most contracting jobs go cold - the customer gets another quote and signs with whoever follows up first.

We built a system that handles automatic follow-up so you stop losing jobs to faster competitors.

I can walk you through it this week.


We offer a 7-day free trial. No cost, no contract. You see it running before committing to anything.
Gray Horizons Enterprise

To opt out of future emails, reply with REMOVE.
https://calendly.com/grayhorizonsenterprise/30min","sent","contractor",""
"Big River Lawn & Landscape","","bigriver@bigriverlawn.com","https://bigriverlawn.com/spring-fall-and-winter-cleanups-matawan-nj/","Something we built","Hi,

Seasonal clients who go quiet between services are lost revenue that most landscaping companies never recover.

We built a system that keeps every recurring client on schedule with automatic reminders and follow-up.

I can walk you through it this week and show you what it looks like running.


We offer a 7-day free trial. No cost, no contract. You see it running before committing to anything.
Gray Horizons Enterprise

To opt out of future emails, reply with REMOVE.
https://calendly.com/grayhorizonsenterprise/30min","sent","landscaping",""
"Boise Landscaping","","aitor@capitollandscape.com","https://www.boiselandscapingnetwork.com/","How do you handle overflow leads?","Hi,

Seasonal clients who go quiet between services are lost revenue that most landscaping companies never recover.

We built a system that keeps every recurring client on schedule with automatic reminders and follow-up.

I can walk you through it this week and show you what it looks like running.


We offer a 7-day free trial. No cost, no contract. You see it running before committing to anything.
Gray Horizons Enterprise

To opt out of future emails, reply with REMOVE.
https://calendly.com/grayhorizonsenterprise/30min","sent","landscaping",""
"LOT Management: Commercial Property Maintenance","","awesome@lotmanagement.com","https://www.lotmanagement.com/about-lot/","Quick question","
We offer a 7-day free trial. No cost, no contract. You see it running before committing to anything.
Gray Horizons Enterprise here.

Straight to it - we help HOA management teams stop losing violations in the handoff between report, tracking, and resolution.

Most teams we work with had it happening constantly and didn't realize how much time it was costing.

I can show you exactly how we fixed it this week if you want to see it.

Gray Horizons Enterprise

To opt out of future emails, reply with REMOVE.
https://calendly.com/grayhorizonsenterprise/30min","sent","hoa",""
"USA Pools of New York","","newyork@usamanagement.com","https://usapoolsny.com/","Something we built for HOA teams","
We offer a 7-day free trial. No cost, no contract. You see it running before committing to anything.
Gray Horizons Enterprise here.

HOA teams we've worked with had the same problem - violations documented at the start, then lost somewhere between board review and resolution.

We built a system that tracks the full lifecycle automatically so nothing slips.

I can show you exactly how it works and get it running for your team this week.

Gray Horizons Enterprise

To opt out of future emails, reply with REMOVE.
https://calendly.com/grayhorizonsenterprise/30min","sent","hoa",""
"Block & Associates Realty","","nblock@blockrealty.com","https://www.blockrealty.com/","Process question","Hey,

When a board member asks for a status update on an open violation, how long does it take your team to pull that together?

We've been working on cutting that time down. Happy to show you what we built if it's relevant.


We offer a 7-day free trial. No cost, no contract. You see it running before committing to anything.
Gray Horizons Enterprise

To opt out of future emails, reply with REMOVE.
https://calendly.com/grayhorizonsenterprise/30min","sent","hoa",""
"Columbia Property Management","","rentals@landmarkcolumbia.com","https://www.landmarkcolumbia.com/","How do you handle this?","
We offer a 7-day free trial. No cost, no contract. You see it running before committing to anything.
Gray Horizons Enterprise here.

HOA teams we've worked with had the same problem - violations documented at the start, then lost somewhere between board review and resolution.

We built a system that tracks the full lifecycle automatically so nothing slips.

I can show you exactly how it works and get it running for your team this week.

Gray Horizons Enterprise

To opt out of future emails, reply with REMOVE.
https://calendly.com/grayhorizonsenterprise/30min","sent","hoa",""
"Ascend Mechanical","","agonzalez@ascendmechanical.com","https://www.ascendmechanical.com/heating---cooling","Quick question","Hi,

The average HVAC company loses $45,000-$120,000 per year to missed and unreturned calls. Most owners don't realize it because there's no system tracking what's being lost.

We fix that. I can show you exactly what it looks like for a shop your size in 20 minutes.

https://calendly.com/grayhorizonsenterprise/30min


We offer a 7-day free trial. No cost, no contract. You see it running before committing to anything.
Gray Horizons Enterprise

To opt out of future emails, reply with REMOVE.","sent","hvac",""
"steadfastnwi.com","","kris@steadfastnwi.com","https://steadfastnwi.com/residential-hvac-services/","How do you handle this?","Hi,

The average HVAC company loses $45,000-$120,000 per year to missed and unreturned calls. Most owners don't realize it because there's no system tracking what's being lost.

We fix that. I can show you exactly what it looks like for a shop your size in 20 minutes.

https://calendly.com/grayhorizonsenterprise/30min


We offer a 7-day free trial. No cost, no contract. You see it running before committing to anything.
Gray Horizons Enterprise

To opt out of future emails, reply with REMOVE.","sent","hvac",""
"Triangle Plumbing and Heating","","triangleplumbing@verizon.net","https://triangleplumbingandheating.com/","Question for you","Hey,

The biggest revenue leak for most plumbing companies is missed calls - the customer calls once, nobody answers, and they book someone else before you call back.

We built a system that captures every missed call and gets it back into your pipeline automatically.

I can show you exactly how it works this week.


We offer a 7-day free trial. No cost, no contract. You see it running before committing to anything.
Gray Horizons Enterprise

To opt out of future emails, reply with REMOVE.
https://calendly.com/grayhorizonsenterprise/30min","sent","plumbing",""
"Rochester Plumbers | Pride Plumbing of Rochester","","contactus@prideplumbingofrochester.com","https://www.prideplumbingofrochester.com/","How do you handle missed calls?","Hey,

Post-job follow-up almost never happens in plumbing - no check-in call, no review request, no next service reminder.

We built that entire process into a system that runs automatically after every job closes.

I can show you what it looks like and get it running for your team this week.


We offer a 7-day free trial. No cost, no contract. You see it running before committing to anything.
Gray Horizons Enterprise

To opt out of future emails, reply with REMOVE.
https://calendly.com/grayhorizonsenterprise/30min","sent","plumbing",""
"GLR, Inc. | General Contractors in Commercial Construction","","glr@glrinc.net","https://glrinc.net/","Question for you","Hey,

After-hours inquiries from homeowners are some of the highest-intent leads a contractor gets - and most of them go unanswered until the next day.

We built a system that captures and responds to those leads automatically so you are always first to respond.

I can show you how we set it up this week.


We offer a 7-day free trial. No cost, no contract. You see it running before committing to anything.
Gray Horizons Enterprise

To opt out of future emails, reply with REMOVE.
https://calendly.com/grayhorizonsenterprise/30min","sent","contractor",""
"ExpertHOAManagementServices in... - SilverleafManagementGroup","","lturner@silverleafmanagement.com","https://silverleafmanagement.com/","Quick question","
We offer a 7-day free trial. No cost, no contract. You see it running before committing to anything.
Gray Horizons Enterprise here.

The gap between a homeowner filing a report and that violation being fully resolved is where HOA teams take on the most risk.

We built a system that locks that gap down - every step tracked, documented, and followed up automatically.

I can get you set up in about a week. Let me know and I'll show you exactly how it works.

Gray Horizons Enterprise

To opt out of future emails, reply with REMOVE.
https://calendly.com/grayhorizonsenterprise/30min","sent","hoa",""
"Welcome to Providence HOA","","Jmacias@actionlife.com","https://theprovidencehoa.com/","How do you handle this?","
We offer a 7-day free trial. No cost, no contract. You see it running before committing to anything.
Gray Horizons Enterprise here.

Violation follow-up is where most HOA teams lose time - the documentation exists but pulling it together for a board review or audit takes way longer than it should.

We fixed that for a handful of firms and now it runs on its own.

I can walk you through the setup this week and show you what it looks like in practice.

Gray Horizons Enterprise

To opt out of future emails, reply with REMOVE.
https://calendly.com/grayhorizonsenterprise/30min","sent","hoa",""
"Viking Mergers & Acquisitions","","trevor@vikingmergers.com","https://www.vikingmergers.com/valuation-multiples-by-industry/selling-a-property-management-business/","Something we built for HOA teams","Hey,

Quick question - when a violation gets reported, what does your process look like from that initial report to final resolution? Is there a system tracking each step or is it mostly email threads?

That gap is where most HOA teams run into problems.


We offer a 7-day free trial. No cost, no contract. You see it running before committing to anything.
Gray Horizons Enterprise

To opt out of future emails, reply with REMOVE.
https://calendly.com/grayhorizonsenterprise/30min","sent","hoa",""
"HVACContractors| Salisbury,MD| Cool Runnings","","aaron@coolrunningsmd.com","https://www.coolrunningsmd.com/","Something we built","Hey,

Most HVAC owners I talk to say the same thing - the jobs they lose aren't from bad work, they're from slow follow-up. Estimate sent, no response, job goes to whoever follows up first.

We built an automated system that follows up on every open estimate and every missed inquiry without anyone on your team having to do it manually.

If that sounds like something worth looking at, grab a time here: https://calendly.com/grayhorizonsenterprise/30min.


We offer a 7-day free trial. No cost, no contract. You see it running before committing to anything.
Gray Horizons Enterprise

To opt out of future emails, reply with REMOVE.","sent","hvac",""
"All Smiles Dental Studio","","frontdesk@allsmilesds.com","https://encinitasallsmilesdental.com/dentist-near-me-accepting-new-patients-encinitas-ca/","How do you handle this?","Hi,

Quick question for you - when a new patient submits a form on your website at 8pm on a Tuesday, what happens to that inquiry?

If it sits until the next morning, research shows 78% of those patients have already booked somewhere else by the time you call back.

We fix that with an automated follow-up system. Three practices we've set this up for saw immediate increases in new patient bookings in the first 30 days.

Worth 20 minutes to see the setup? https://calendly.com/grayhorizonsenterprise/30min.


We offer a 7-day free trial. No cost, no contract. You see it running before committing to anything.
Gray Horizons Enterprise

To opt out of future emails, reply with REMOVE.","sent","dental",""
"Legacy Community Health","","compliance@legacycommunityhealth.org","https://www.legacycommunityhealth.org/welcome-stafford-fountains-fort-bend/","Quick question","Hi,

Patient no-shows cost the average dental practice $50,000-$150,000 per year in lost chair time. Most practices send one reminder. We send an automated sequence that cuts no-show rates by 40-60%.

Happy to walk you through exactly how it works: https://calendly.com/grayhorizonsenterprise/30min.


We offer a 7-day free trial. No cost, no contract. You see it running before committing to anything.
Gray Horizons Enterprise

To opt out of future emails, reply with REMOVE.","sent","dental",""
"Find a dentist","","nhswebsite.servicedesk@nhs.net","https://www.nhs.uk/service-search/find-a-dentist/","Question for you","Hey,

The average dental practice loses 8-12 new patients every month to slow follow-up. A patient submits a form or calls after hours, nobody responds until the next morning, and by then they've booked somewhere else.

At $1,200 average lifetime value per new patient, that's $9,600-$14,400 a month slipping through.

We built a follow-up system that responds to every new patient inquiry immediately - even at 11pm - and keeps them engaged until they're booked. Happy to show you how it works in 20 minutes.

https://calendly.com/grayhorizonsenterprise/30min


We offer a 7-day free trial. No cost, no contract. You see it running before committing to anything.
Gray Horizons Enterprise

To opt out of future emails, reply with REMOVE.","sent","dental",""
"Accelerate Dental Marketing","","geron.evanson@acceleratenowdental.com","https://acceleratedentalmarketing.com/5-ideas-to-grow-your-practice/","Question for you","Hey,

The average dental practice loses 8-12 new patients every month to slow follow-up. A patient submits a form or calls after hours, nobody responds until the next morning, and by then they've booked somewhere else.

At $1,200 average lifetime value per new patient, that's $9,600-$14,400 a month slipping through.

We built a follow-up system that responds to every new patient inquiry immediately - even at 11pm - and keeps them engaged until they're booked. Happy to show you how it works in 20 minutes.

https://calendly.com/grayhorizonsenterprise/30min


We offer a 7-day free trial. No cost, no contract. You see it running before committing to anything.
Gray Horizons Enterprise

To opt out of future emails, reply with REMOVE.","sent","dental",""
"Blough - Labuda Janice I DMD PA","","drbloughlabuda@atlanticbbn.net","https://drbloughlabudadmd.com/","How do you handle this?","Hey,

Most practices have 200-400 patients who called or filled out a form, never booked, and were never followed up with again. That's $240,000-$480,000 in lost lifetime value sitting in a spreadsheet or voicemail box.

We built a reactivation system that reaches back out to those patients automatically and gets them back on the schedule.

I can show you what this looks like for your practice in 20 minutes: https://calendly.com/grayhorizonsenterprise/30min.


We offer a 7-day free trial. No cost, no contract. You see it running before committing to anything.
Gray Horizons Enterprise

To opt out of future emails, reply with REMOVE.","sent","dental",""
"Mission of Mercy - Maryland-Pennsylvania Location","","rkellum@amissionofmercy.org","https://www.amissionofmercy.org/maryland-pennsylvania/our-services/","Something we built for practices","Hey,

The average dental practice loses 8-12 new patients every month to slow follow-up. A patient submits a form or calls after hours, nobody responds until the next morning, and by then they've booked somewhere else.

At $1,200 average lifetime value per new patient, that's $9,600-$14,400 a month slipping through.

We built a follow-up system that responds to every new patient inquiry immediately - even at 11pm - and keeps them engaged until they're booked. Happy to show you how it works in 20 minutes.

https://calendly.com/grayhorizonsenterprise/30min


We offer a 7-day free trial. No cost, no contract. You see it running before committing to anything.
Gray Horizons Enterprise

To opt out of future emails, reply with REMOVE.","sent","dental",""
"Welcome to Our Practice","","cathy@rockvilledentalcenter.com","https://www.rockvilledentalcenter.com/","Quick question","Hey,

The average dental practice loses 8-12 new patients every month to slow follow-up. A patient submits a form or calls after hours, nobody responds until the next morning, and by then they've booked somewhere else.

At $1,200 average lifetime value per new patient, that's $9,600-$14,400 a month slipping through.

We built a follow-up system that responds to every new patient inquiry immediately - even at 11pm - and keeps them engaged until they're booked. Happy to show you how it works in 20 minutes.

https://calendly.com/grayhorizonsenterprise/30min


We offer a 7-day free trial. No cost, no contract. You see it running before committing to anything.
Gray Horizons Enterprise

To opt out of future emails, reply with REMOVE.","sent","dental",""
"MedPro Disposal","","dan.hansen@medprodisposal.com","https://www.medprodisposal.com/locations/new-york/","Something we built for practices","Hi,

Quick question for you - when a new patient submits a form on your website at 8pm on a Tuesday, what happens to that inquiry?

If it sits until the next morning, research shows 78% of those patients have already booked somewhere else by the time you call back.

We fix that with an automated follow-up system. Three practices we've set this up for saw immediate increases in new patient bookings in the first 30 days.

Worth 20 minutes to see the setup? https://calendly.com/grayhorizonsenterprise/30min.


We offer a 7-day free trial. No cost, no contract. You see it running before committing to anything.
Gray Horizons Enterprise

To opt out of future emails, reply with REMOVE.","sent","dental",""
"Housing Assistance Council","","hac@ruralhome.org","https://ruralhome.org/hurricane-helene-disaster-guide/","Something we built for practices","Hi,

Patient no-shows cost the average dental practice $50,000-$150,000 per year in lost chair time. Most practices send one reminder. We send an automated sequence that cuts no-show rates by 40-60%.

Happy to walk you through exactly how it works: https://calendly.com/grayhorizonsenterprise/30min.


We offer a 7-day free trial. No cost, no contract. You see it running before committing to anything.
Gray Horizons Enterprise

To opt out of future emails, reply with REMOVE.","sent","dental",""
"Barrett & Farahany","","leads@justiceatwork.com","https://www.justiceatwork.com/supreme-court-to-hear-challenge-of-discrimination-case-dismissal-against-atlanta-das-office/","How do you handle this?","Hey,

The average dental practice loses 8-12 new patients every month to slow follow-up. A patient submits a form or calls after hours, nobody responds until the next morning, and by then they've booked somewhere else.

At $1,200 average lifetime value per new patient, that's $9,600-$14,400 a month slipping through.

We built a follow-up system that responds to every new patient inquiry immediately - even at 11pm - and keeps them engaged until they're booked. Happy to show you how it works in 20 minutes.

https://calendly.com/grayhorizonsenterprise/30min


We offer a 7-day free trial. No cost, no contract. You see it running before committing to anything.
Gray Horizons Enterprise

To opt out of future emails, reply with REMOVE.","sent","dental",""
"Walnut Grove Dental Group","","frontdesk@walnutgrovedentalgroup.com","https://walnutgrovedentalgroup.com/dental-articles/kiss-a-donkey-to-relieve-a-toothache-other-old-school-dental-care/","Question for you","Hey,

The average dental practice loses 8-12 new patients every month to slow follow-up. A patient submits a form or calls after hours, nobody responds until the next morning, and by then they've booked somewhere else.

At $1,200 average lifetime value per new patient, that's $9,600-$14,400 a month slipping through.

We built a follow-up system that responds to every new patient inquiry immediately - even at 11pm - and keeps them engaged until they're booked. Happy to show you how it works in 20 minutes.

https://calendly.com/grayhorizonsenterprise/30min


We offer a 7-day free trial. No cost, no contract. You see it running before committing to anything.
Gray Horizons Enterprise

To opt out of future emails, reply with REMOVE.","sent","dental",""
"Plumbing Contractors Serving Orange Park, FL","","jpelky@claycountymasterplumbing.com","https://www.claycountymasterplumbing.com/","How do you handle missed calls?","Hi,

After-hours and weekend calls are where most plumbing companies lose the most jobs - by the time someone calls back the customer has already moved on.

We built a system that captures and responds to those inquiries automatically so you stop losing jobs to whoever answers first.

I can show you exactly how we set it up this week.


We offer a 7-day free trial. No cost, no contract. You see it running before committing to anything.
Gray Horizons Enterprise

To opt out of future emails, reply with REMOVE.
https://calendly.com/grayhorizonsenterprise/30min","sent","plumbing",""
"DND Plumbing","","sam@cota-media.com","https://dndplumbing.co/","How do you handle missed calls?","Hey,

Post-job follow-up almost never happens in plumbing - no check-in call, no review request, no next service reminder.

We built that entire process into a system that runs automatically after every job closes.

I can show you what it looks like and get it running for your team this week.


We offer a 7-day free trial. No cost, no contract. You see it running before committing to anything.
Gray Horizons Enterprise

To opt out of future emails, reply with REMOVE.
https://calendly.com/grayhorizonsenterprise/30min","sent","plumbing",""
"Noonan Energy","","chad@l4groupllc.com","https://www.noonanenergy.com/plumbing/your-spring-plumbing-maintenance-guide/","Question for you","Hey,

Most plumbing companies we work with had no system for job tracking across crews - status updates required calling the tech directly every time.

We fixed that with a system that keeps every job visible from dispatch to close-out without anyone having to chase it down.

I can get you set up in about a week.


We offer a 7-day free trial. No cost, no contract. You see it running before committing to anything.
Gray Horizons Enterprise

To opt out of future emails, reply with REMOVE.
https://calendly.com/grayhorizonsenterprise/30min","sent","plumbing",""
"TJ Construction, LLC.","","ted@tj-construction.com","http://tj-construction.com/","Question for you","Hi,

The window between sending an estimate and hearing back is where most contracting jobs go cold - the customer gets another quote and signs with whoever follows up first.

We built a system that handles automatic follow-up so you stop losing jobs to faster competitors.

I can walk you through it this week.


We offer a 7-day free trial. No cost, no contract. You see it running before committing to anything.
Gray Horizons Enterprise

To opt out of future emails, reply with REMOVE.
https://calendly.com/grayhorizonsenterprise/30min","sent","contractor",""
"Smith Contracting","","BRIAN@SMITHCONTRACTINGNC.COM","https://smithcontractingnc.com/","Question for you","Hi,

The gap between a lead reaching out and your team getting them a quote is usually where the job goes to a competitor.

We built a system that cuts that response time down and automates the follow-up so no lead goes cold.

I can get you set up in about a week. Let me know and I will show you exactly how it works.


We offer a 7-day free trial. No cost, no contract. You see it running before committing to anything.
Gray Horizons Enterprise

To opt out of future emails, reply with REMOVE.
https://calendly.com/grayhorizonsenterprise/30min","sent","contractor",""
"GeoSearch Services","","brent@geosearchservices.com","https://www.geosearchservices.com/client-list","Question for you","Hey,

After-hours inquiries from homeowners are some of the highest-intent leads a contractor gets - and most of them go unanswered until the next day.

We built a system that captures and responds to those leads automatically so you are always first to respond.

I can show you how we set it up this week.


We offer a 7-day free trial. No cost, no contract. You see it running before committing to anything.
Gray Horizons Enterprise

To opt out of future emails, reply with REMOVE.
https://calendly.com/grayhorizonsenterprise/30min","sent","contractor",""
"Midwest Green Lawn Care & Landscaping LLC","","tim@midwestgreenlawncare.com","https://midwestgreenlawncare.com/","Something we built","Hey,

The first company to respond to an estimate request in landscaping almost always wins the job - most homeowners book whoever gets back to them first.

We built a system that captures new inquiries and responds automatically so you are always first.

I can show you exactly how it works this week.


We offer a 7-day free trial. No cost, no contract. You see it running before committing to anything.
Gray Horizons Enterprise

To opt out of future emails, reply with REMOVE.
https://calendly.com/grayhorizonsenterprise/30min","sent","landscaping",""
"AMAZING HOME CONTRACTORS, INC.","","justus@amazinghomecontractors.com","https://amazinghomecontractorsfl.com/about-us/","Quick question","Hey,

Quick one: after a storm comes through your area, how does your team handle the wave of calls that come in? Is there a system to track each one or does it get a little chaotic?

We've been helping roofing companies manage exactly that.


We offer a 7-day free trial. No cost, no contract. You see it running before committing to anything.
Gray Horizons Enterprise

To opt out of future emails, reply with REMOVE.
https://calendly.com/grayhorizonsenterprise/30min","sent","roofing",""
"F & G Roofing Company LLC.","","receptionist@fandgroofing.com","https://fandgroofing.com/","Something we built for roofers","Hey,

Quick one: after a storm comes through your area, how does your team handle the wave of calls that come in? Is there a system to track each one or does it get a little chaotic?

We've been helping roofing companies manage exactly that.


We offer a 7-day free trial. No cost, no contract. You see it running before committing to anything.
Gray Horizons Enterprise

To opt out of future emails, reply with REMOVE.
https://calendly.com/grayhorizonsenterprise/30min","sent","roofing",""
"So Cal |","","frontdesk@socalenterprise.com","https://socalenterprise.com/hoa-services/","Something we built for HOA teams","
We offer a 7-day free trial. No cost, no contract. You see it running before committing to anything.
Gray Horizons Enterprise here.

Violation follow-up is where most HOA teams lose time - the documentation exists but pulling it together for a board review or audit takes way longer than it should.

We fixed that for a handful of firms and now it runs on its own.

I can walk you through the setup this week and show you what it looks like in practice.

Gray Horizons Enterprise

To opt out of future emails, reply with REMOVE.
https://calendly.com/grayhorizonsenterprise/30min","sent","hoa",""
"HOA & Condominium Management Services","","Lee-Anne.Palin@associa.us","https://www.somersetassociations.com/","How do you handle this?","Hey,

When a board member asks for a status update on an open violation, how long does it take your team to pull that together?

We've been working on cutting that time down. Happy to show you what we built if it's relevant.


We offer a 7-day free trial. No cost, no contract. You see it running before committing to anything.
Gray Horizons Enterprise

To opt out of future emails, reply with REMOVE.
https://calendly.com/grayhorizonsenterprise/30min","sent","hoa",""
"BestHOALawyer","","milan@milanslegal.com","https://besthoalawyer.com/","How do you handle this?","
We offer a 7-day free trial. No cost, no contract. You see it running before committing to anything.
Gray Horizons Enterprise here.

The gap between a homeowner filing a report and that violation being fully resolved is where HOA teams take on the most risk.

We built a system that locks that gap down - every step tracked, documented, and followed up automatically.

I can get you set up in about a week. Let me know and I'll show you exactly how it works.

Gray Horizons Enterprise

To opt out of future emails, reply with REMOVE.
https://calendly.com/grayhorizonsenterprise/30min","sent","hoa",""
"Trestle Community Management","","hi@trestlecm.com","https://www.trestlecm.com/8-tips-for-running-a-successful-condo-owners-association/","Quick question","
We offer a 7-day free trial. No cost, no contract. You see it running before committing to anything.
Gray Horizons Enterprise here.

Straight to it - we help HOA management teams stop losing violations in the handoff between report, tracking, and resolution.

Most teams we work with had it happening constantly and didn't realize how much time it was costing.

I can show you exactly how we fixed it this week if you want to see it.

Gray Horizons Enterprise

To opt out of future emails, reply with REMOVE.
https://calendly.com/grayhorizonsenterprise/30min","sent","hoa",""
"Senga","","amaguire@sengaprop.com","https://senga-property-management-llc.multiscreensite.com/","How do you handle this?","Hey,

Quick question - when a violation gets reported, what does your process look like from that initial report to final resolution? Is there a system tracking each step or is it mostly email threads?

That gap is where most HOA teams run into problems.


We offer a 7-day free trial. No cost, no contract. You see it running before committing to anything.
Gray Horizons Enterprise

To opt out of future emails, reply with REMOVE.
https://calendly.com/grayhorizonsenterprise/30min","sent","hoa",""
"Livability.com","","aellis@livability.com","https://livability.com/ia/des-moines/","Quick question","
We offer a 7-day free trial. No cost, no contract. You see it running before committing to anything.
Gray Horizons Enterprise here.

The gap between a homeowner filing a report and that violation being fully resolved is where HOA teams take on the most risk.

We built a system that locks that gap down - every step tracked, documented, and followed up automatically.

I can get you set up in about a week. Let me know and I'll show you exactly how it works.

Gray Horizons Enterprise

To opt out of future emails, reply with REMOVE.
https://calendly.com/grayhorizonsenterprise/30min","sent","hoa",""
"HOAs","","edgarb@vpmco.com","https://www.vpmco.com/hoas/","Process question","Hey,

When a board member asks for a status update on an open violation, how long does it take your team to pull that together?

We've been working on cutting that time down. Happy to show you what we built if it's relevant.


We offer a 7-day free trial. No cost, no contract. You see it running before committing to anything.
Gray Horizons Enterprise

To opt out of future emails, reply with REMOVE.
https://calendly.com/grayhorizonsenterprise/30min","sent","hoa",""
"Dan's Top Notch","","marcus@danstopnotch.com","https://www.danstopnotchhvac.com/","Question for you","Hi,

The average HVAC company loses $45,000-$120,000 per year to missed and unreturned calls. Most owners don't realize it because there's no system tracking what's being lost.

We fix that. I can show you exactly what it looks like for a shop your size in 20 minutes.

https://calendly.com/grayhorizonsenterprise/30min


We offer a 7-day free trial. No cost, no contract. You see it running before committing to anything.
Gray Horizons Enterprise

To opt out of future emails, reply with REMOVE.","sent","hvac",""
"Quality Heating & Cooling Services","","airhandlers1inla@att.net","https://airhandlers1.com/","Question for you","Hi,

Quick question - when your line is busy or it's after hours and a customer calls about a broken AC or furnace, what happens to that call?

If it goes to voicemail, research shows 80% of those customers book the next company that answers before you call back.

We built a follow-up system that responds to those inquiries automatically and keeps them engaged until your team can get them on the schedule. Happy to show you how it works in 20 minutes.

https://calendly.com/grayhorizonsenterprise/30min


We offer a 7-day free trial. No cost, no contract. You see it running before committing to anything.
Gray Horizons Enterprise

To opt out of future emails, reply with REMOVE.","sent","hvac",""
"Complex","","tara.mahadevan-freelancer@complex.com","https://www.complex.com/life/a/cmplxtara-mahadevan/dentist-karen-threatens-lawsuit-dental-office-face-mask-temperature","How do you handle this?","Hey,

Most practices have 200-400 patients who called or filled out a form, never booked, and were never followed up with again. That's $240,000-$480,000 in lost lifetime value sitting in a spreadsheet or voicemail box.

We built a reactivation system that reaches back out to those patients automatically and gets them back on the schedule.

I can show you what this looks like for your practice in 20 minutes: https://calendly.com/grayhorizonsenterprise/30min.


We offer a 7-day free trial. No cost, no contract. You see it running before committing to anything.
Gray Horizons Enterprise

To opt out of future emails, reply with REMOVE.","sent","dental",""
"Dr. Anthony Henegar, DDS","","host@optimalwp.com","https://anthonyhenegardental.com/","Quick question","Hi,

Patient no-shows cost the average dental practice $50,000-$150,000 per year in lost chair time. Most practices send one reminder. We send an automated sequence that cuts no-show rates by 40-60%.

Happy to walk you through exactly how it works: https://calendly.com/grayhorizonsenterprise/30min.


We offer a 7-day free trial. No cost, no contract. You see it running before committing to anything.
Gray Horizons Enterprise

To opt out of future emails, reply with REMOVE.","sent","dental",""
"BDS","","services@blackdiamondservicesllc.com","https://www.blackdiamondservicesllc.com/our-story","Quick question","Hi,

After-hours and weekend calls are where most plumbing companies lose the most jobs - by the time someone calls back the customer has already moved on.

We built a system that captures and responds to those inquiries automatically so you stop losing jobs to whoever answers first.

I can show you exactly how we set it up this week.


We offer a 7-day free trial. No cost, no contract. You see it running before committing to anything.
Gray Horizons Enterprise

To opt out of future emails, reply with REMOVE.
https://calendly.com/grayhorizonsenterprise/30min","sent","plumbing",""
"Building Trust with Quality Work","","lewis@westpeakconstructionllc.com","https://westpeakconstructionllc.com/","Question for you","Hey,

After-hours inquiries from homeowners are some of the highest-intent leads a contractor gets - and most of them go unanswered until the next day.

We built a system that captures and responds to those leads automatically so you are always first to respond.

I can show you how we set it up this week.


We offer a 7-day free trial. No cost, no contract. You see it running before committing to anything.
Gray Horizons Enterprise

To opt out of future emails, reply with REMOVE.
https://calendly.com/grayhorizonsenterprise/30min","sent","contractor",""
"DH Homes Boise","","CHRIS@DHHOMESBOISE.COM","https://dhhomesboise.com/services/","Quick question","Hi,

The window between sending an estimate and hearing back is where most contracting jobs go cold - the customer gets another quote and signs with whoever follows up first.

We built a system that handles automatic follow-up so you stop losing jobs to faster competitors.

I can walk you through it this week.


We offer a 7-day free trial. No cost, no contract. You see it running before committing to anything.
Gray Horizons Enterprise

To opt out of future emails, reply with REMOVE.
https://calendly.com/grayhorizonsenterprise/30min","sent","contractor",""
"Midwest Mowing Company","","astigma@astigmatic.com","https://midwestmowingcompany.com/","Quick question","Hey,

Not trying to waste your time - just wanted to ask: when you have a full schedule and someone new reaches out, how does your team capture that lead without it getting lost?

That overflow moment is usually where companies either grow or miss out.


We offer a 7-day free trial. No cost, no contract. You see it running before committing to anything.
Gray Horizons Enterprise

To opt out of future emails, reply with REMOVE.
https://calendly.com/grayhorizonsenterprise/30min","sent","landscaping",""
"yardudes","","tsm@yardudes.com","https://yardudes.com/","How do you handle overflow leads?","Hi,

Seasonal clients who go quiet between services are lost revenue that most landscaping companies never recover.

We built a system that keeps every recurring client on schedule with automatic reminders and follow-up.

I can walk you through it this week and show you what it looks like running.


We offer a 7-day free trial. No cost, no contract. You see it running before committing to anything.
Gray Horizons Enterprise

To opt out of future emails, reply with REMOVE.
https://calendly.com/grayhorizonsenterprise/30min","sent","landscaping",""
"Roofing Contractor Services","","kate@shoemakerroofingok.com","https://shoemakerroofingok.com/","Something we built for roofers","Hey,

Quick one: after a storm comes through your area, how does your team handle the wave of calls that come in? Is there a system to track each one or does it get a little chaotic?

We've been helping roofing companies manage exactly that.


We offer a 7-day free trial. No cost, no contract. You see it running before committing to anything.
Gray Horizons Enterprise

To opt out of future emails, reply with REMOVE.
https://calendly.com/grayhorizonsenterprise/30min","sent","roofing",""
"Moneywise","","tips@moneywise.com","https://moneywise.com/news/top-stories/georgia-homeowners-scared-of-their-hoa-say-they-could-lose-their-homes-over-nonstop-fines-is-it-even-legal","How do you handle this?","
We offer a 7-day free trial. No cost, no contract. You see it running before committing to anything.
Gray Horizons Enterprise here.

Most HOA teams we've worked with were losing track of violations between the initial report and final resolution.

We fixed that with a simple system that handles tracking and follow-ups automatically.

If this is even slightly an issue on your side, I can show you exactly how we set it up this week.

Gray Horizons Enterprise

To opt out of future emails, reply with REMOVE.
https://calendly.com/grayhorizonsenterprise/30min","sent","hoa",""
"PMI Capital District","","jholland@propertymanagementinc.com","https://www.albanypropertymanagementinc.com/albany-association-management","Something we built for HOA teams","
We offer a 7-day free trial. No cost, no contract. You see it running before committing to anything.
Gray Horizons Enterprise here.

HOA teams we've worked with had the same problem - violations documented at the start, then lost somewhere between board review and resolution.

We built a system that tracks the full lifecycle automatically so nothing slips.

I can show you exactly how it works and get it running for your team this week.

Gray Horizons Enterprise

To opt out of future emails, reply with REMOVE.
https://calendly.com/grayhorizonsenterprise/30min","sent","hoa",""
"Spinnaker Management","","katie@spinnakerusa.com","https://spinnakerusa.com/","Quick question","Hey,

Quick question - when a violation gets reported, what does your process look like from that initial report to final resolution? Is there a system tracking each step or is it mostly email threads?

That gap is where most HOA teams run into problems.


We offer a 7-day free trial. No cost, no contract. You see it running before committing to anything.
Gray Horizons Enterprise

To opt out of future emails, reply with REMOVE.
https://calendly.com/grayhorizonsenterprise/30min","sent","hoa",""
"Worcester Property Management You Can Trust","","mark@pmiworcester.com","https://www.worcesterpropertymanagementinc.com/","How do you handle this?","
We offer a 7-day free trial. No cost, no contract. You see it running before committing to anything.
Gray Horizons Enterprise here.

HOA teams we've worked with had the same problem - violations documented at the start, then lost somewhere between board review and resolution.

We built a system that tracks the full lifecycle automatically so nothing slips.

I can show you exactly how it works and get it running for your team this week.

Gray Horizons Enterprise

To opt out of future emails, reply with REMOVE.
https://calendly.com/grayhorizonsenterprise/30min","sent","hoa",""
"Phoenix Company, Inc.","","adam@pci-1.net","https://pci-1.net/","How do you handle this?","
We offer a 7-day free trial. No cost, no contract. You see it running before committing to anything.
Gray Horizons Enterprise here.

The biggest issue we keep seeing with HOA teams is violations getting lost between report, board review, and resolution.

We built a system that locks that entire process down so nothing slips through.

If you want, I can walk you through it and get something similar set up for you quickly.

Gray Horizons Enterprise

To opt out of future emails, reply with REMOVE.
https://calendly.com/grayhorizonsenterprise/30min","sent","hoa",""
"Association Management Services","","mark@amskentucky.com","https://www.amskentucky.com/","Quick question","Hey,

When a board member asks for a status update on an open violation, how long does it take your team to pull that together?

We've been working on cutting that time down. Happy to show you what we built if it's relevant.


We offer a 7-day free trial. No cost, no contract. You see it running before committing to anything.
Gray Horizons Enterprise

To opt out of future emails, reply with REMOVE.
https://calendly.com/grayhorizonsenterprise/30min","sent","hoa",""
"Hoa Management Speci","","tammy@yourcoastalcam.com","https://www.hoamanagementspecialists.com/","Something we built for HOA teams","Hey,

Quick question - when a violation gets reported, what does your process look like from that initial report to final resolution? Is there a system tracking each step or is it mostly email threads?

That gap is where most HOA teams run into problems.


We offer a 7-day free trial. No cost, no contract. You see it running before committing to anything.
Gray Horizons Enterprise

To opt out of future emails, reply with REMOVE.
https://calendly.com/grayhorizonsenterprise/30min","sent","hoa",""
"myHomeSpot.com","","Inbox@myHomeSpot.com","https://myhomespot.com/","Something we built for HOA teams","
We offer a 7-day free trial. No cost, no contract. You see it running before committing to anything.
Gray Horizons Enterprise here.

Straight to it - we help HOA management teams stop losing violations in the handoff between report, tracking, and resolution.

Most teams we work with had it happening constantly and didn't realize how much time it was costing.

I can show you exactly how we fixed it this week if you want to see it.

Gray Horizons Enterprise

To opt out of future emails, reply with REMOVE.
https://calendly.com/grayhorizonsenterprise/30min","sent","hoa",""
"Air Dynamics","","cs@airdynamicsaz.com","https://www.airdynamicsaz.com/licensed-heating-and-air-conditioning-contractor-phoenix-az/","Question for you","Hi,

Quick question - when your line is busy or it's after hours and a customer calls about a broken AC or furnace, what happens to that call?

If it goes to voicemail, research shows 80% of those customers book the next company that answers before you call back.

We built a follow-up system that responds to those inquiries automatically and keeps them engaged until your team can get them on the schedule. Happy to show you how it works in 20 minutes.

https://calendly.com/grayhorizonsenterprise/30min


We offer a 7-day free trial. No cost, no contract. You see it running before committing to anything.
Gray Horizons Enterprise

To opt out of future emails, reply with REMOVE.","sent","hvac",""
"Heating, Cooling, And Electrical Services","","palkoc@familyheating.com","https://www.familyheating.com/","How do you handle this?","Hey,

Most HVAC owners I talk to say the same thing - the jobs they lose aren't from bad work, they're from slow follow-up. Estimate sent, no response, job goes to whoever follows up first.

We built an automated system that follows up on every open estimate and every missed inquiry without anyone on your team having to do it manually.

If that sounds like something worth looking at, grab a time here: https://calendly.com/grayhorizonsenterprise/30min.


We offer a 7-day free trial. No cost, no contract. You see it running before committing to anything.
Gray Horizons Enterprise

To opt out of future emails, reply with REMOVE.","sent","hvac",""
"Deliver Comfort Across Every Minnesota Season","","mario@minnmechanical.com","https://www.minnmechanical.com/","Question for you","Hey,

HVAC companies with a full schedule typically miss 15-20 calls a week during peak season. At an average job value of $450, that's $6,750-$9,000 walking out the door every week.

We set up an automated follow-up system for HVAC shops that catches every missed inquiry and follows up immediately - so the customer hears from you before they book someone else.

Three shops we've set this up for recovered 6-10 jobs in the first month they'd have otherwise lost.

Worth a 20-minute call to see if it fits? https://calendly.com/grayhorizonsenterprise/30min.


We offer a 7-day free trial. No cost, no contract. You see it running before committing to anything.
Gray Horizons Enterprise

To opt out of future emails, reply with REMOVE.","sent","hvac",""
"Call Chris Martin Mechanical","","chris@callchrismartin.com","https://callchrismartin.com/","How do you handle this?","Hey,

HVAC companies with a full schedule typically miss 15-20 calls a week during peak season. At an average job value of $450, that's $6,750-$9,000 walking out the door every week.

We set up an automated follow-up system for HVAC shops that catches every missed inquiry and follows up immediately - so the customer hears from you before they book someone else.

Three shops we've set this up for recovered 6-10 jobs in the first month they'd have otherwise lost.

Worth a 20-minute call to see if it fits? https://calendly.com/grayhorizonsenterprise/30min.


We offer a 7-day free trial. No cost, no contract. You see it running before committing to anything.
Gray Horizons Enterprise

To opt out of future emails, reply with REMOVE.","sent","hvac",""
"Making Your Home a Comfort Zone!","","plumber36@optonline.net","https://jsheatcooling.com/","Something we built","Hi,

The average HVAC company loses $45,000-$120,000 per year to missed and unreturned calls. Most owners don't realize it because there's no system tracking what's being lost.

We fix that. I can show you exactly what it looks like for a shop your size in 20 minutes.

https://calendly.com/grayhorizonsenterprise/30min


We offer a 7-day free trial. No cost, no contract. You see it running before committing to anything.
Gray Horizons Enterprise

To opt out of future emails, reply with REMOVE.","sent","hvac",""
"Next Heating & Cooling","","hvac@nextservicegroup.com","https://nextheatcool.com/next-home-comfort-tips/why-is-my-air-conditioning-unit-so-loud-michigan-hvac-tech","Question for you","Hey,

Most HVAC owners I talk to say the same thing - the jobs they lose aren't from bad work, they're from slow follow-up. Estimate sent, no response, job goes to whoever follows up first.

We built an automated system that follows up on every open estimate and every missed inquiry without anyone on your team having to do it manually.

If that sounds like something worth looking at, grab a time here: https://calendly.com/grayhorizonsenterprise/30min.


We offer a 7-day free trial. No cost, no contract. You see it running before committing to anything.
Gray Horizons Enterprise

To opt out of future emails, reply with REMOVE.","sent","hvac",""
"Laird & Son Heating & Air Conditioning","","inquiries@lairdandson.com","https://www.lairdandson.com/neighbourhoods/banbury-don-mills-heating-and-air-conditioning-services-keeping-north-york-homes-comfortable/","Quick question","Hi,

Quick question - when your line is busy or it's after hours and a customer calls about a broken AC or furnace, what happens to that call?

If it goes to voicemail, research shows 80% of those customers book the next company that answers before you call back.

We built a follow-up system that responds to those inquiries automatically and keeps them engaged until your team can get them on the schedule. Happy to show you how it works in 20 minutes.

https://calendly.com/grayhorizonsenterprise/30min


We offer a 7-day free trial. No cost, no contract. You see it running before committing to anything.
Gray Horizons Enterprise

To opt out of future emails, reply with REMOVE.","sent","hvac",""
"O'Donnell Heating & Air Conditioning, Inc.","","odonnellheating@verizon.net","https://odonnellheating.com/","Question for you","Hey,

Most HVAC owners I talk to say the same thing - the jobs they lose aren't from bad work, they're from slow follow-up. Estimate sent, no response, job goes to whoever follows up first.

We built an automated system that follows up on every open estimate and every missed inquiry without anyone on your team having to do it manually.

If that sounds like something worth looking at, grab a time here: https://calendly.com/grayhorizonsenterprise/30min.


We offer a 7-day free trial. No cost, no contract. You see it running before committing to anything.
Gray Horizons Enterprise

To opt out of future emails, reply with REMOVE.","sent","hvac",""
"HVAC Service Provider","","belknap@belknapheating.com","https://www.belknapheating.com/","Quick question","Hey,

Most HVAC owners I talk to say the same thing - the jobs they lose aren't from bad work, they're from slow follow-up. Estimate sent, no response, job goes to whoever follows up first.

We built an automated system that follows up on every open estimate and every missed inquiry without anyone on your team having to do it manually.

If that sounds like something worth looking at, grab a time here: https://calendly.com/grayhorizonsenterprise/30min.


We offer a 7-day free trial. No cost, no contract. You see it running before committing to anything.
Gray Horizons Enterprise

To opt out of future emails, reply with REMOVE.","sent","hvac",""
"Zenner & Ritter Home Services","","advice@zennerandritter.com","https://zennerandritter.com/","Quick question","Hey,

HVAC companies with a full schedule typically miss 15-20 calls a week during peak season. At an average job value of $450, that's $6,750-$9,000 walking out the door every week.

We set up an automated follow-up system for HVAC shops that catches every missed inquiry and follows up immediately - so the customer hears from you before they book someone else.

Three shops we've set this up for recovered 6-10 jobs in the first month they'd have otherwise lost.

Worth a 20-minute call to see if it fits? https://calendly.com/grayhorizonsenterprise/30min.


We offer a 7-day free trial. No cost, no contract. You see it running before committing to anything.
Gray Horizons Enterprise

To opt out of future emails, reply with REMOVE.","sent","hvac",""
"ARi Climate Solutions","","nateb@ariclimate.com","https://ariclimate.com/","Quick question","Hi,

The average HVAC company loses $45,000-$120,000 per year to missed and unreturned calls. Most owners don't realize it because there's no system tracking what's being lost.

We fix that. I can show you exactly what it looks like for a shop your size in 20 minutes.

https://calendly.com/grayhorizonsenterprise/30min


We offer a 7-day free trial. No cost, no contract. You see it running before committing to anything.
Gray Horizons Enterprise

To opt out of future emails, reply with REMOVE.","sent","hvac",""
"Bozeman, MT","","ken@3rivers.net","https://www.montanamechanicalswmt.com/","Something we built","Hey,

HVAC companies with a full schedule typically miss 15-20 calls a week during peak season. At an average job value of $450, that's $6,750-$9,000 walking out the door every week.

We set up an automated follow-up system for HVAC shops that catches every missed inquiry and follows up immediately - so the customer hears from you before they book someone else.

Three shops we've set this up for recovered 6-10 jobs in the first month they'd have otherwise lost.

Worth a 20-minute call to see if it fits? https://calendly.com/grayhorizonsenterprise/30min.


We offer a 7-day free trial. No cost, no contract. You see it running before committing to anything.
Gray Horizons Enterprise

To opt out of future emails, reply with REMOVE.","sent","hvac",""
"Summit Dental","","summitdental@summitdental.ca","https://www.summitdental.ca/accepting-new-patients/","Quick question","Hey,

Most practices have 200-400 patients who called or filled out a form, never booked, and were never followed up with again. That's $240,000-$480,000 in lost lifetime value sitting in a spreadsheet or voicemail box.

We built a reactivation system that reaches back out to those patients automatically and gets them back on the schedule.

I can show you what this looks like for your practice in 20 minutes: https://calendly.com/grayhorizonsenterprise/30min.


We offer a 7-day free trial. No cost, no contract. You see it running before committing to anything.
Gray Horizons Enterprise

To opt out of future emails, reply with REMOVE.","sent","dental",""
"Acceptingnewpatients| Little ItalyDentistry|","","smile@littleitalydentistry.ca","https://littleitalydentistry.ca/accepting-new-patients/","How do you handle this?","Hi,

Patient no-shows cost the average dental practice $50,000-$150,000 per year in lost chair time. Most practices send one reminder. We send an automated sequence that cuts no-show rates by 40-60%.

Happy to walk you through exactly how it works: https://calendly.com/grayhorizonsenterprise/30min.


We offer a 7-day free trial. No cost, no contract. You see it running before committing to anything.
Gray Horizons Enterprise

To opt out of future emails, reply with REMOVE.","sent","dental",""
"Daily Mirror","","jess.knibbs@reachplc.com","https://www.mirror.co.uk/news/health/can-nhs-dentist-remove-you-27698661","Question for you","Hey,

The average dental practice loses 8-12 new patients every month to slow follow-up. A patient submits a form or calls after hours, nobody responds until the next morning, and by then they've booked somewhere else.

At $1,200 average lifetime value per new patient, that's $9,600-$14,400 a month slipping through.

We built a follow-up system that responds to every new patient inquiry immediately - even at 11pm - and keeps them engaged until they're booked. Happy to show you how it works in 20 minutes.

https://calendly.com/grayhorizonsenterprise/30min


We offer a 7-day free trial. No cost, no contract. You see it running before committing to anything.
Gray Horizons Enterprise

To opt out of future emails, reply with REMOVE.","sent","dental",""
"Mail Online","","joe.davies@mailonline.co.uk","https://www.dailymail.co.uk/health/article-11091029/NHS-dentistry-hits-tipping-point-9-10-practices-not-accepting-new-patients.html","Question for you","Hey,

The average dental practice loses 8-12 new patients every month to slow follow-up. A patient submits a form or calls after hours, nobody responds until the next morning, and by then they've booked somewhere else.

At $1,200 average lifetime value per new patient, that's $9,600-$14,400 a month slipping through.

We built a follow-up system that responds to every new patient inquiry immediately - even at 11pm - and keeps them engaged until they're booked. Happy to show you how it works in 20 minutes.

https://calendly.com/grayhorizonsenterprise/30min


We offer a 7-day free trial. No cost, no contract. You see it running before committing to anything.
Gray Horizons Enterprise

To opt out of future emails, reply with REMOVE.","sent","dental",""
"Perio Implant Advisory","","vcheeseman@endeavorb2b.com","https://www.perioimplantadvisory.com/clinical-tips/best-practice/article/14176171/how-one-dentist-in-new-york-city-is-making-his-dental-office-a-safe-place-postcovid-19","Quick question","Hi,

Patient no-shows cost the average dental practice $50,000-$150,000 per year in lost chair time. Most practices send one reminder. We send an automated sequence that cuts no-show rates by 40-60%.

Happy to walk you through exactly how it works: https://calendly.com/grayhorizonsenterprise/30min.


We offer a 7-day free trial. No cost, no contract. You see it running before committing to anything.
Gray Horizons Enterprise

To opt out of future emails, reply with REMOVE.","sent","dental",""
"Triforce Digital Marketing","","austin@triforce.io","https://triforce.io/digital-marketing-services/dental-practices/","How do you handle this?","Hi,

Quick question for you - when a new patient submits a form on your website at 8pm on a Tuesday, what happens to that inquiry?

If it sits until the next morning, research shows 78% of those patients have already booked somewhere else by the time you call back.

We fix that with an automated follow-up system. Three practices we've set this up for saw immediate increases in new patient bookings in the first 30 days.

Worth 20 minutes to see the setup? https://calendly.com/grayhorizonsenterprise/30min.


We offer a 7-day free trial. No cost, no contract. You see it running before committing to anything.
Gray Horizons Enterprise

To opt out of future emails, reply with REMOVE.","sent","dental",""
"Dentist in Chicago | Associates for Dental Care","","adc@gldpdental.com","https://www.associatesfordentalcare.com/","How do you handle this?","Hey,

Most practices have 200-400 patients who called or filled out a form, never booked, and were never followed up with again. That's $240,000-$480,000 in lost lifetime value sitting in a spreadsheet or voicemail box.

We built a reactivation system that reaches back out to those patients automatically and gets them back on the schedule.

I can show you what this looks like for your practice in 20 minutes: https://calendly.com/grayhorizonsenterprise/30min.


We offer a 7-day free trial. No cost, no contract. You see it running before committing to anything.
Gray Horizons Enterprise

To opt out of future emails, reply with REMOVE.","sent","dental",""
"Dentist Boynton Beach","","boyntonbeacheast@yourfamilydentaloffice.com","https://www.familydentalboynton.com/","How do you handle this?","Hi,

Quick question for you - when a new patient submits a form on your website at 8pm on a Tuesday, what happens to that inquiry?

If it sits until the next morning, research shows 78% of those patients have already booked somewhere else by the time you call back.

We fix that with an automated follow-up system. Three practices we've set this up for saw immediate increases in new patient bookings in the first 30 days.

Worth 20 minutes to see the setup? https://calendly.com/grayhorizonsenterprise/30min.


We offer a 7-day free trial. No cost, no contract. You see it running before committing to anything.
Gray Horizons Enterprise

To opt out of future emails, reply with REMOVE.","sent","dental",""
"Contact us • Midwest Digital Dental Solutions","","DrGlow@MidwestDDS.org","https://midwestdds.org/contact/","Quick question","Hey,

Most practices have 200-400 patients who called or filled out a form, never booked, and were never followed up with again. That's $240,000-$480,000 in lost lifetime value sitting in a spreadsheet or voicemail box.

We built a reactivation system that reaches back out to those patients automatically and gets them back on the schedule.

I can show you what this looks like for your practice in 20 minutes: https://calendly.com/grayhorizonsenterprise/30min.


We offer a 7-day free trial. No cost, no contract. You see it running before committing to anything.
Gray Horizons Enterprise

To opt out of future emails, reply with REMOVE.","sent","dental",""
"Affinity Family Dentists","","Shelbyville@affinityfamilydentists.com","https://affinityfamilydentists.com/contact-us/","Something we built for practices","Hi,

Patient no-shows cost the average dental practice $50,000-$150,000 per year in lost chair time. Most practices send one reminder. We send an automated sequence that cuts no-show rates by 40-60%.

Happy to walk you through exactly how it works: https://calendly.com/grayhorizonsenterprise/30min.


We offer a 7-day free trial. No cost, no contract. You see it running before committing to anything.
Gray Horizons Enterprise

To opt out of future emails, reply with REMOVE.","sent","dental",""
"CDPAP NY","","cdpapny@edisonhhc.com","https://cdpapny.org/","Question for you","Hey,

The average dental practice loses 8-12 new patients every month to slow follow-up. A patient submits a form or calls after hours, nobody responds until the next morning, and by then they've booked somewhere else.

At $1,200 average lifetime value per new patient, that's $9,600-$14,400 a month slipping through.

We built a follow-up system that responds to every new patient inquiry immediately - even at 11pm - and keeps them engaged until they're booked. Happy to show you how it works in 20 minutes.

https://calendly.com/grayhorizonsenterprise/30min


We offer a 7-day free trial. No cost, no contract. You see it running before committing to anything.
Gray Horizons Enterprise

To opt out of future emails, reply with REMOVE.","sent","dental",""
"ProGrin Dental","","BoilingSprings@ProGrin.com","https://progrin.com/","Question for you","Hi,

Quick question for you - when a new patient submits a form on your website at 8pm on a Tuesday, what happens to that inquiry?

If it sits until the next morning, research shows 78% of those patients have already booked somewhere else by the time you call back.

We fix that with an automated follow-up system. Three practices we've set this up for saw immediate increases in new patient bookings in the first 30 days.

Worth 20 minutes to see the setup? https://calendly.com/grayhorizonsenterprise/30min.


We offer a 7-day free trial. No cost, no contract. You see it running before committing to anything.
Gray Horizons Enterprise

To opt out of future emails, reply with REMOVE.","sent","dental",""
"Triad Kids Dental","","contact-tkd-burlington@triadkidsdental.com","https://triadkidsdental.com/locations","Quick question","Hi,

Patient no-shows cost the average dental practice $50,000-$150,000 per year in lost chair time. Most practices send one reminder. We send an automated sequence that cuts no-show rates by 40-60%.

Happy to walk you through exactly how it works: https://calendly.com/grayhorizonsenterprise/30min.


We offer a 7-day free trial. No cost, no contract. You see it running before committing to anything.
Gray Horizons Enterprise

To opt out of future emails, reply with REMOVE.","sent","dental",""
"Medimap","","not-yet-onboarded@medimap.ca","https://medimap.ca/clinics/walk-in-clinics/ab/edmonton","Question for you","Hi,

Patient no-shows cost the average dental practice $50,000-$150,000 per year in lost chair time. Most practices send one reminder. We send an automated sequence that cuts no-show rates by 40-60%.

Happy to walk you through exactly how it works: https://calendly.com/grayhorizonsenterprise/30min.


We offer a 7-day free trial. No cost, no contract. You see it running before committing to anything.
Gray Horizons Enterprise

To opt out of future emails, reply with REMOVE.","sent","dental",""
"Baton Rouge Clinic","","mychart@brclinic.com","https://batonrougeclinic.com/provider/patricia-d-whatley-md/","How do you handle this?","Hey,

Most practices have 200-400 patients who called or filled out a form, never booked, and were never followed up with again. That's $240,000-$480,000 in lost lifetime value sitting in a spreadsheet or voicemail box.

We built a reactivation system that reaches back out to those patients automatically and gets them back on the schedule.

I can show you what this looks like for your practice in 20 minutes: https://calendly.com/grayhorizonsenterprise/30min.


We offer a 7-day free trial. No cost, no contract. You see it running before committing to anything.
Gray Horizons Enterprise

To opt out of future emails, reply with REMOVE.","sent","dental",""
"rome2rio","","ifsr@greyhound.com","https://www.rome2rio.com/s/Birmingham-AL-USA/Baton-Rouge","How do you handle this?","Hi,

Patient no-shows cost the average dental practice $50,000-$150,000 per year in lost chair time. Most practices send one reminder. We send an automated sequence that cuts no-show rates by 40-60%.

Happy to walk you through exactly how it works: https://calendly.com/grayhorizonsenterprise/30min.


We offer a 7-day free trial. No cost, no contract. You see it running before committing to anything.
Gray Horizons Enterprise

To opt out of future emails, reply with REMOVE.","sent","dental",""
"Ocean Dental","","Des.Moines@oceandental.net","https://oceandental.net/locations/ia-des-moines/","Quick question","Hey,

The average dental practice loses 8-12 new patients every month to slow follow-up. A patient submits a form or calls after hours, nobody responds until the next morning, and by then they've booked somewhere else.

At $1,200 average lifetime value per new patient, that's $9,600-$14,400 a month slipping through.

We built a follow-up system that responds to every new patient inquiry immediately - even at 11pm - and keeps them engaged until they're booked. Happy to show you how it works in 20 minutes.

https://calendly.com/grayhorizonsenterprise/30min


We offer a 7-day free trial. No cost, no contract. You see it running before committing to anything.
Gray Horizons Enterprise

To opt out of future emails, reply with REMOVE.","sent","dental",""
"Professional plumbing and remodeling services across","","bids@endoplumbingca.com","https://endoplumbingca.com/","How do you handle missed calls?","Hi,

When you finish a job, what does the follow-up process look like? Is there anything automated that checks in with the customer, or does it depend on the tech remembering to do it?

We've built that whole post-job flow into a system. Happy to show you how it works.


We offer a 7-day free trial. No cost, no contract. You see it running before committing to anything.
Gray Horizons Enterprise

To opt out of future emails, reply with REMOVE.
https://calendly.com/grayhorizonsenterprise/30min","sent","plumbing",""
"Alpine Plumbing, LLC: Reliable Vancouver Plumbing Contractor","","lukeek@alpineplumbing.biz","https://alpineplumbing.biz/","How do you handle missed calls?","Hey,

Direct question - when an emergency call comes in at night and your main line is busy, how does your team handle it? Does it route somewhere or go to voicemail?

That's usually the biggest gap I hear about from plumbing companies.


We offer a 7-day free trial. No cost, no contract. You see it running before committing to anything.
Gray Horizons Enterprise

To opt out of future emails, reply with REMOVE.
https://calendly.com/grayhorizonsenterprise/30min","sent","plumbing",""
"83 Construction LLc","","john@83construction.com","https://83construction.com/","Quick question","Hey,

After-hours inquiries from homeowners are some of the highest-intent leads a contractor gets - and most of them go unanswered until the next day.

We built a system that captures and responds to those leads automatically so you are always first to respond.

I can show you how we set it up this week.


We offer a 7-day free trial. No cost, no contract. You see it running before committing to anything.
Gray Horizons Enterprise

To opt out of future emails, reply with REMOVE.
https://calendly.com/grayhorizonsenterprise/30min","sent","contractor",""
"Tennessee House Works","","max@nexusdigitaladvertising.com","https://tnhouseworks.com/","Quick question","Hi,

The window between sending an estimate and hearing back is where most contracting jobs go cold - the customer gets another quote and signs with whoever follows up first.

We built a system that handles automatic follow-up so you stop losing jobs to faster competitors.

I can walk you through it this week.


We offer a 7-day free trial. No cost, no contract. You see it running before committing to anything.
Gray Horizons Enterprise

To opt out of future emails, reply with REMOVE.
https://calendly.com/grayhorizonsenterprise/30min","sent","contractor",""
"Jones Landscape","","bryson@joneslandscapeconstruction.com","https://www.joneslandscapeconstruction.com/","Something we built","Hey,

When your schedule is full and a new lead comes in it almost always gets lost - there is no system to capture it for later.

We built a system that holds every overflow lead and follows up automatically when your schedule opens.

I can show you how we set it up this week.


We offer a 7-day free trial. No cost, no contract. You see it running before committing to anything.
Gray Horizons Enterprise

To opt out of future emails, reply with REMOVE.
https://calendly.com/grayhorizonsenterprise/30min","sent","landscaping",""
"RiCal Construction LLC","","rical@earthlink.net","https://ricalconstruction.com/","Quick question","Hey,

Direct question: when a homeowner calls about a leak or damage and you can't get to them for three days, how do you keep them from calling someone else in the meantime?

That's usually the biggest gap I hear about. Happy to share what we've built if it's useful.


We offer a 7-day free trial. No cost, no contract. You see it running before committing to anything.
Gray Horizons Enterprise

To opt out of future emails, reply with REMOVE.
https://calendly.com/grayhorizonsenterprise/30min","sent","roofing",""
"Wichita Dental Group PA Email Format - RocketReach","","janed@wichitadental.com","https://rocketreach.co/wichita-dental-group-pa-email-format_b45b721bfc587a17","Quick question","Hi,

Patient no-shows cost the average dental practice $50,000-$150,000 per year in lost chair time. Most practices send one reminder. We send an automated sequence that cuts no-show rates by 40-60%.

Happy to walk you through exactly how it works: https://calendly.com/grayhorizonsenterprise/30min.


We offer a 7-day free trial. No cost, no contract. You see it running before committing to anything.
Gray Horizons Enterprise

To opt out of future emails, reply with REMOVE.","sent","dental",""
"A New Approach to HOA Management","","eresa@southpointpm.com","https://www.southpointpm.com/","How do you handle this?","Hey,

When a board member asks for a status update on an open violation, how long does it take your team to pull that together?

We've been working on cutting that time down. Happy to show you what we built if it's relevant.


We offer a 7-day free trial. No cost, no contract. You see it running before committing to anything.
Gray Horizons Enterprise

To opt out of future emails, reply with REMOVE.
https://calendly.com/grayhorizonsenterprise/30min","sent","hoa",""
"Jersey City & Northern NJ","","rocky@smallandmightyjc.com","https://www.smallandmightyjc.com/","How do you handle this?","
We offer a 7-day free trial. No cost, no contract. You see it running before committing to anything.
Gray Horizons Enterprise here.

Violation follow-up is where most HOA teams lose time - the documentation exists but pulling it together for a board review or audit takes way longer than it should.

We fixed that for a handful of firms and now it runs on its own.

I can walk you through the setup this week and show you what it looks like in practice.

Gray Horizons Enterprise

To opt out of future emails, reply with REMOVE.
https://calendly.com/grayhorizonsenterprise/30min","sent","hoa",""
"PMI Queen City","","kevin@pmiqueencity.com","https://www.charlotteassociationmanagementinc.com/blog/important-things-hoa-management-companies-can-do-for-your-community-in-charlotte-nc","Something we built for HOA teams","Hey,

Quick question - when a violation gets reported, what does your process look like from that initial report to final resolution? Is there a system tracking each step or is it mostly email threads?

That gap is where most HOA teams run into problems.


We offer a 7-day free trial. No cost, no contract. You see it running before committing to anything.
Gray Horizons Enterprise

To opt out of future emails, reply with REMOVE.
https://calendly.com/grayhorizonsenterprise/30min","sent","hoa",""
"Weldon L. Brown Company, Inc.","","Bud@weldonbrownco.com","https://weldonbrown.com/homeowners-association-hoa/","Quick question","
We offer a 7-day free trial. No cost, no contract. You see it running before committing to anything.
Gray Horizons Enterprise here.

The biggest issue we keep seeing with HOA teams is violations getting lost between report, board review, and resolution.

We built a system that locks that entire process down so nothing slips through.

If you want, I can walk you through it and get something similar set up for you quickly.

Gray Horizons Enterprise

To opt out of future emails, reply with REMOVE.
https://calendly.com/grayhorizonsenterprise/30min","sent","hoa",""
"AZ HVAC Solutions","","matt@azhvacsolutions.com","https://www.azhvacsolutions.com/","Question for you","Hey,

HVAC companies with a full schedule typically miss 15-20 calls a week during peak season. At an average job value of $450, that's $6,750-$9,000 walking out the door every week.

We set up an automated follow-up system for HVAC shops that catches every missed inquiry and follows up immediately - so the customer hears from you before they book someone else.

Three shops we've set this up for recovered 6-10 jobs in the first month they'd have otherwise lost.

Worth a 20-minute call to see if it fits? https://calendly.com/grayhorizonsenterprise/30min.


We offer a 7-day free trial. No cost, no contract. You see it running before committing to anything.
Gray Horizons Enterprise

To opt out of future emails, reply with REMOVE.","sent","hvac",""
"Nash PM","","twebber@nashpm.com","https://www.nashpm.com/","Something we built","Hi,

After-hours and weekend calls are where most plumbing companies lose the most jobs - by the time someone calls back the customer has already moved on.

We built a system that captures and responds to those inquiries automatically so you stop losing jobs to whoever answers first.

I can show you exactly how we set it up this week.


We offer a 7-day free trial. No cost, no contract. You see it running before committing to anything.
Gray Horizons Enterprise

To opt out of future emails, reply with REMOVE.
https://calendly.com/grayhorizonsenterprise/30min","sent","plumbing",""
"PCS Plumbing & Heating, Inc.","","ryan.mullen@pcsplumbing.com","https://pcsplumbing.com/","Question for you","Hey,

Most plumbing companies we work with had no system for job tracking across crews - status updates required calling the tech directly every time.

We fixed that with a system that keeps every job visible from dispatch to close-out without anyone having to chase it down.

I can get you set up in about a week.


We offer a 7-day free trial. No cost, no contract. You see it running before committing to anything.
Gray Horizons Enterprise

To opt out of future emails, reply with REMOVE.
https://calendly.com/grayhorizonsenterprise/30min","sent","plumbing",""
"BOND","","tpeer@bondbrothers.com","https://bondbrothers.com/","Question for you","Hey,

Most contractors we work with were losing jobs not because of the work but because estimate follow-up was not happening consistently.

We built a system that tracks every open bid and follows up automatically until you get a response.

I can show you exactly how it works and get it running for your team this week.


We offer a 7-day free trial. No cost, no contract. You see it running before committing to anything.
Gray Horizons Enterprise

To opt out of future emails, reply with REMOVE.
https://calendly.com/grayhorizonsenterprise/30min","sent","contractor",""
"Handyman Connection of Ann Arbor","","HC2300@handymanconnection.com","https://handymanconnection.com/ann-arbor/free-estimate/","Quick question","Hi,

The gap between a lead reaching out and your team getting them a quote is usually where the job goes to a competitor.

We built a system that cuts that response time down and automates the follow-up so no lead goes cold.

I can get you set up in about a week. Let me know and I will show you exactly how it works.


We offer a 7-day free trial. No cost, no contract. You see it running before committing to anything.
Gray Horizons Enterprise

To opt out of future emails, reply with REMOVE.
https://calendly.com/grayhorizonsenterprise/30min","sent","contractor",""
"Mc\'Daniels Lawn Care","","mike@mcdanielslawncare.com","https://www.mcdanielslawncare.com/","Quick question","Hey,

When your schedule is full and a new lead comes in it almost always gets lost - there is no system to capture it for later.

We built a system that holds every overflow lead and follows up automatically when your schedule opens.

I can show you how we set it up this week.


We offer a 7-day free trial. No cost, no contract. You see it running before committing to anything.
Gray Horizons Enterprise

To opt out of future emails, reply with REMOVE.
https://calendly.com/grayhorizonsenterprise/30min","sent","landscaping",""
"Hauser Homes LLC","","Michael@hauserhomes.co","https://hauserhomes.co/","How do you handle overflow leads?","Hey,

The first company to respond to an estimate request in landscaping almost always wins the job - most homeowners book whoever gets back to them first.

We built a system that captures new inquiries and responds automatically so you are always first.

I can show you exactly how it works this week.


We offer a 7-day free trial. No cost, no contract. You see it running before committing to anything.
Gray Horizons Enterprise

To opt out of future emails, reply with REMOVE.
https://calendly.com/grayhorizonsenterprise/30min","sent","landscaping",""
"SEO Pro Freelancer","","harris@seoprofreelancer.com","https://seoprofreelancer.com/landscaping-seo-boise-id/","How do you handle overflow leads?","Hey,

Not trying to waste your time - just wanted to ask: when you have a full schedule and someone new reaches out, how does your team capture that lead without it getting lost?

That overflow moment is usually where companies either grow or miss out.


We offer a 7-day free trial. No cost, no contract. You see it running before committing to anything.
Gray Horizons Enterprise

To opt out of future emails, reply with REMOVE.
https://calendly.com/grayhorizonsenterprise/30min","sent","landscaping",""
"Sun PhuQuoc Airways","","19001599@sunphuquocairways.com","https://www.sunphuquocairways.com/vn/en","How do you handle overflow leads?","Hey,

When your schedule is full and a new lead comes in it almost always gets lost - there is no system to capture it for later.

We built a system that holds every overflow lead and follows up automatically when your schedule opens.

I can show you how we set it up this week.


We offer a 7-day free trial. No cost, no contract. You see it running before committing to anything.
Gray Horizons Enterprise

To opt out of future emails, reply with REMOVE.
https://calendly.com/grayhorizonsenterprise/30min","sent","landscaping",""
"The Tile Shop","","027manager@tileshop.com","https://www.tileshop.com/store-locator/des-moines","Quick question","Hey,

When your schedule is full and a new lead comes in it almost always gets lost - there is no system to capture it for later.

We built a system that holds every overflow lead and follows up automatically when your schedule opens.

I can show you how we set it up this week.


We offer a 7-day free trial. No cost, no contract. You see it running before committing to anything.
Gray Horizons Enterprise

To opt out of future emails, reply with REMOVE.
https://calendly.com/grayhorizonsenterprise/30min","sent","landscaping",""
"Experienced Contracting Services","","tyler@tr-contracting.com","https://www.tr-contracting.com/","Something we built for roofers","Hey,

Quick one: after a storm comes through your area, how does your team handle the wave of calls that come in? Is there a system to track each one or does it get a little chaotic?

We've been helping roofing companies manage exactly that.


We offer a 7-day free trial. No cost, no contract. You see it running before committing to anything.
Gray Horizons Enterprise

To opt out of future emails, reply with REMOVE.
https://calendly.com/grayhorizonsenterprise/30min","sent","roofing",""
"Precision Roofing Inc.","","officemanager@precisionroofinginc.com","https://precisionroofinginc.com/","Question for you","Hi there,

How are you following up on estimates that went out but never got a response? In roofing those can be pretty high-value jobs to let slip.

Just curious what your current process looks like.


We offer a 7-day free trial. No cost, no contract. You see it running before committing to anything.
Gray Horizons Enterprise

To opt out of future emails, reply with REMOVE.
https://calendly.com/grayhorizonsenterprise/30min","sent","roofing",""
"Condos for Sale in Los Angeles, CA - Redfin","","peter.santos@redfin.com","https://www.redfin.com/city/11203/CA/Los-Angeles/condos","Something we built for HOA teams","Hey,

Quick question - when a violation gets reported, what does your process look like from that initial report to final resolution? Is there a system tracking each step or is it mostly email threads?

That gap is where most HOA teams run into problems.


We offer a 7-day free trial. No cost, no contract. You see it running before committing to anything.
Gray Horizons Enterprise

To opt out of future emails, reply with REMOVE.
https://calendly.com/grayhorizonsenterprise/30min","sent","hoa",""
"San Fernando, California 91340 - The Weather Channel","","twcwx.cmssvc@weather.com","https://weather.com/weather/today/l/San+Fernando+California+91340?canonicalCityId=161f71668518304498fd0d0f927f40ea","Quick question","Hey,

Quick one: after a storm comes through your area, how does your team handle the wave of calls that come in? Is there a system to track each one or does it get a little chaotic?

We've been helping roofing companies manage exactly that.


We offer a 7-day free trial. No cost, no contract. You see it running before committing to anything.
Gray Horizons Enterprise

To opt out of future emails, reply with REMOVE.
https://calendly.com/grayhorizonsenterprise/30min","sent","roofing",""
"HVAC Company | San Jose HVAC Сontractors | Freon Service","","install@freonhvac.com","https://www.freonhvac.com/","Question for you","Hi,

The average HVAC company loses $45,000-$120,000 per year to missed and unreturned calls. Most owners don't realize it because there's no system tracking what's being lost.

We fix that. I can show you exactly what it looks like for a shop your size in 20 minutes.

https://calendly.com/grayhorizonsenterprise/30min


We offer a 7-day free trial. No cost, no contract. You see it running before committing to anything.
Gray Horizons Enterprise

To opt out of future emails, reply with REMOVE.","sent","hvac",""
"Contact | Admiral Climate Control","","admiral@admiralclimate.com","http://www.admiralclimate.com/contact/","Something we built","Hi,

Quick question - when your line is busy or it's after hours and a customer calls about a broken AC or furnace, what happens to that call?

If it goes to voicemail, research shows 80% of those customers book the next company that answers before you call back.

We built a follow-up system that responds to those inquiries automatically and keeps them engaged until your team can get them on the schedule. Happy to show you how it works in 20 minutes.

https://calendly.com/grayhorizonsenterprise/30min


We offer a 7-day free trial. No cost, no contract. You see it running before committing to anything.
Gray Horizons Enterprise

To opt out of future emails, reply with REMOVE.","sent","hvac",""
"Irrigation Supply & Sprinkler Supply - Cortez Pump & Sprinkl","","cortezpump@cortezpump.com","https://cortezpump.com/","Something we built","Hey,

Not trying to waste your time - just wanted to ask: when you have a full schedule and someone new reaches out, how does your team capture that lead without it getting lost?

That overflow moment is usually where companies either grow or miss out.


We offer a 7-day free trial. No cost, no contract. You see it running before committing to anything.
Gray Horizons Enterprise

To opt out of future emails, reply with REMOVE.
https://calendly.com/grayhorizonsenterprise/30min","sent","landscaping",""
"Hamilton Realty Group","","andrew.genitti@exprealty.com","https://www.hamiltonrealtygroupnc.com/roster/","Something we built for HOA teams","Hey,

When a board member asks for a status update on an open violation, how long does it take your team to pull that together?

We've been working on cutting that time down. Happy to show you what we built if it's relevant.


We offer a 7-day free trial. No cost, no contract. You see it running before committing to anything.
Gray Horizons Enterprise

To opt out of future emails, reply with REMOVE.
https://calendly.com/grayhorizonsenterprise/30min","sent","hoa",""
"Slidell Geothermal AC Repair Slidell- Mega Air Inc. 641-1299 Bosch BOVA","","dennis@megaair.com","https://megaair.com/","Something we built","Hi,

The average HVAC company loses $45,000-$120,000 per year to missed and unreturned calls. Most owners don't realize it because there's no system tracking what's being lost.

We fix that. I can show you exactly what it looks like for a shop your size in 20 minutes.

https://calendly.com/grayhorizonsenterprise/30min


We offer a 7-day free trial. No cost, no contract. You see it running before committing to anything.
Gray Horizons Enterprise

To opt out of future emails, reply with REMOVE.","sent","hvac",""
"Dowd Heat and Air | Your Tulsa HVAC Company","","abigail@dowdheatandair.com","https://dowdheatandair.com/","Question for you","Hey,

HVAC companies with a full schedule typically miss 15-20 calls a week during peak season. At an average job value of $450, that's $6,750-$9,000 walking out the door every week.

We set up an automated follow-up system for HVAC shops that catches every missed inquiry and follows up immediately - so the customer hears from you before they book someone else.

Three shops we've set this up for recovered 6-10 jobs in the first month they'd have otherwise lost.

Worth a 20-minute call to see if it fits? https://calendly.com/grayhorizonsenterprise/30min.


We offer a 7-day free trial. No cost, no contract. You see it running before committing to anything.
Gray Horizons Enterprise

To opt out of future emails, reply with REMOVE.","sent","hvac",""
"HVAC Contractors","","hvac@wondercooling.com","https://wondercooling.com/","Question for you","Hey,

HVAC companies with a full schedule typically miss 15-20 calls a week during peak season. At an average job value of $450, that's $6,750-$9,000 walking out the door every week.

We set up an automated follow-up system for HVAC shops that catches every missed inquiry and follows up immediately - so the customer hears from you before they book someone else.

Three shops we've set this up for recovered 6-10 jobs in the first month they'd have otherwise lost.

Worth a 20-minute call to see if it fits? https://calendly.com/grayhorizonsenterprise/30min.


We offer a 7-day free trial. No cost, no contract. You see it running before committing to anything.
Gray Horizons Enterprise

To opt out of future emails, reply with REMOVE.","sent","hvac",""
"https://www.azfamily.com","","programming@azfamily.com","https://www.azfamily.com/2025/05/26/hoa-orders-surprise-family-take-down-memorial-day-display-fallen-soldier/","Quick question","
We offer a 7-day free trial. No cost, no contract. You see it running before committing to anything.
Gray Horizons Enterprise here.

The gap between a homeowner filing a report and that violation being fully resolved is where HOA teams take on the most risk.

We built a system that locks that gap down - every step tracked, documented, and followed up automatically.

I can get you set up in about a week. Let me know and I'll show you exactly how it works.

Gray Horizons Enterprise

To opt out of future emails, reply with REMOVE.
https://calendly.com/grayhorizonsenterprise/30min","sent","hoa",""
"Sterling ASI","","houston@sterlingasi.com","https://sterlingasi.com/","Process question","
We offer a 7-day free trial. No cost, no contract. You see it running before committing to anything.
Gray Horizons Enterprise here.

Straight to it - we help HOA management teams stop losing violations in the handoff between report, tracking, and resolution.

Most teams we work with had it happening constantly and didn't realize how much time it was costing.

I can show you exactly how we fixed it this week if you want to see it.

Gray Horizons Enterprise

To opt out of future emails, reply with REMOVE.
https://calendly.com/grayhorizonsenterprise/30min","sent","hoa",""
"PMI San Tan","","eric@pmisantan.com","https://www.phoenixpropertymanagementinc.co/blog/3-things-to-look-for-in-a-good-association-manager-in-phoenix-arizona","Something we built for HOA teams","
We offer a 7-day free trial. No cost, no contract. You see it running before committing to anything.
Gray Horizons Enterprise here.

HOA teams we've worked with had the same problem - violations documented at the start, then lost somewhere between board review and resolution.

We built a system that tracks the full lifecycle automatically so nothing slips.

I can show you exactly how it works and get it running for your team this week.

Gray Horizons Enterprise

To opt out of future emails, reply with REMOVE.
https://calendly.com/grayhorizonsenterprise/30min","sent","hoa",""
"New Horizon Home Buyers","","erik@newhorizonhomebuyers.com","https://www.newhorizonhomebuyers.com/a-guide-to-selling-a-house-by-owner-in-tn/","Something we built for HOA teams","Hey,

When a board member asks for a status update on an open violation, how long does it take your team to pull that together?

We've been working on cutting that time down. Happy to show you what we built if it's relevant.


We offer a 7-day free trial. No cost, no contract. You see it running before committing to anything.
Gray Horizons Enterprise

To opt out of future emails, reply with REMOVE.
https://calendly.com/grayhorizonsenterprise/30min","sent","hoa",""
"Revise Heating and Cooling","","hvacoffice@callrevise.com","https://reviseheatingandcooling.com/","How do you handle this?","Hey,

Most HVAC owners I talk to say the same thing - the jobs they lose aren't from bad work, they're from slow follow-up. Estimate sent, no response, job goes to whoever follows up first.

We built an automated system that follows up on every open estimate and every missed inquiry without anyone on your team having to do it manually.

If that sounds like something worth looking at, grab a time here: https://calendly.com/grayhorizonsenterprise/30min.


We offer a 7-day free trial. No cost, no contract. You see it running before committing to anything.
Gray Horizons Enterprise

To opt out of future emails, reply with REMOVE.","sent","hvac",""
"Frontline Source Group","","shelly.hubble@frtline.com","https://www.frontlinesourcegroup.com/dental-staffing-agency.html?trk=article-ssr-frontend-pulse_little-text-block","Quick question","Hi,

Patient no-shows cost the average dental practice $50,000-$150,000 per year in lost chair time. Most practices send one reminder. We send an automated sequence that cuts no-show rates by 40-60%.

Happy to walk you through exactly how it works: https://calendly.com/grayhorizonsenterprise/30min.


We offer a 7-day free trial. No cost, no contract. You see it running before committing to anything.
Gray Horizons Enterprise

To opt out of future emails, reply with REMOVE.","sent","dental",""
"Creating Happy Smiles","","cherryhilloffice@holdbrookdental.com","https://www.my1stdentist.com/","Question for you","Hey,

The average dental practice loses 8-12 new patients every month to slow follow-up. A patient submits a form or calls after hours, nobody responds until the next morning, and by then they've booked somewhere else.

At $1,200 average lifetime value per new patient, that's $9,600-$14,400 a month slipping through.

We built a follow-up system that responds to every new patient inquiry immediately - even at 11pm - and keeps them engaged until they're booked. Happy to show you how it works in 20 minutes.

https://calendly.com/grayhorizonsenterprise/30min


We offer a 7-day free trial. No cost, no contract. You see it running before committing to anything.
Gray Horizons Enterprise

To opt out of future emails, reply with REMOVE.","sent","dental",""
"Simon's Plumbing","","simon@simonsplumbingaz.com","https://simonsplumbingaz.com/","How do you handle missed calls?","Hey,

Direct question - when an emergency call comes in at night and your main line is busy, how does your team handle it? Does it route somewhere or go to voicemail?

That's usually the biggest gap I hear about from plumbing companies.


We offer a 7-day free trial. No cost, no contract. You see it running before committing to anything.
Gray Horizons Enterprise

To opt out of future emails, reply with REMOVE.
https://calendly.com/grayhorizonsenterprise/30min","sent","plumbing",""
"Allstate HOA Management – Providing comprehensive financial,","","info@hoamgmt.com","https://hoamgmt.com/","Quick question","Hey,

Quick question - when a violation gets reported, what does your process look like from that initial report to final resolution? Is there a system tracking each step or is it mostly email threads?

That gap is where most HOA teams run into problems.


We offer a 7-day free trial. No cost, no contract. You see it running before committing to anything.
Gray Horizons Enterprise

To opt out of future emails, reply with REMOVE.
https://calendly.com/grayhorizonsenterprise/30min","skipped","hoa",""
"The #1 Landscaping & Lawn Care Company In Vancouver, WA","","info@simplelawns.com","https://www.simplelawnslandscaping.com/","Quick question","Hey,

When your schedule is full and a new lead comes in it almost always gets lost - there is no system to capture it for later.

We built a system that holds every overflow lead and follows up automatically when your schedule opens.

I can show you how we set it up this week.


We offer a 7-day free trial. No cost, no contract. You see it running before committing to anything.
Gray Horizons Enterprise

To opt out of future emails, reply with REMOVE.
https://calendly.com/grayhorizonsenterprise/30min","skipped","landscaping",""
"Plumber in Menifee, CA | Menifee Valley Plumbing","","info@menifeevalleyplumbing.com","https://www.menifeevalleyplumbing.com/","Question for you","Hi,

When you finish a job, what does the follow-up process look like? Is there anything automated that checks in with the customer, or does it depend on the tech remembering to do it?

We've built that whole post-job flow into a system. Happy to show you how it works.


We offer a 7-day free trial. No cost, no contract. You see it running before committing to anything.
Gray Horizons Enterprise

To opt out of future emails, reply with REMOVE.
https://calendly.com/grayhorizonsenterprise/30min","skipped","plumbing",""
"Best Dentists Near Me in Chula Vista, California | Delta Den","","info@chulavistaperiodontics.com","https://www.deltadental.com/member/find-a-dentist/california/chula-vista-dentists/","How do you handle this?","Hey,

Most practices have 200-400 patients who called or filled out a form, never booked, and were never followed up with again. That's $240,000-$480,000 in lost lifetime value sitting in a spreadsheet or voicemail box.

We built a reactivation system that reaches back out to those patients automatically and gets them back on the schedule.

I can show you what this looks like for your practice in 20 minutes: https://calendly.com/grayhorizonsenterprise/30min.


We offer a 7-day free trial. No cost, no contract. You see it running before committing to anything.
Gray Horizons Enterprise

To opt out of future emails, reply with REMOVE.","skipped","dental",""
"Furnaces | HVACDirect.com","","info@hvacdirect.com","https://hvacdirect.com/furnaces.html?msockid=2cc0816a569c64dc39ef9616570965ab","Something we built","Hey,

HVAC companies with a full schedule typically miss 15-20 calls a week during peak season. At an average job value of $450, that's $6,750-$9,000 walking out the door every week.

We set up an automated follow-up system for HVAC shops that catches every missed inquiry and follows up immediately - so the customer hears from you before they book someone else.

Three shops we've set this up for recovered 6-10 jobs in the first month they'd have otherwise lost.

Worth a 20-minute call to see if it fits? https://calendly.com/grayhorizonsenterprise/30min.


We offer a 7-day free trial. No cost, no contract. You see it running before committing to anything.
Gray Horizons Enterprise

To opt out of future emails, reply with REMOVE.","skipped","hvac",""
"Best General Contractor in Santa Rosa, CA | Top Rated Builders","","hector@floresgeneralconstruction.com","https://floresgeneralconstruction.com/","Something we built for contractors","Hi,

The window between sending an estimate and hearing back is where most contracting jobs go cold - the customer gets another quote and signs with whoever follows up first.

We built a system that handles automatic follow-up so you stop losing jobs to faster competitors.

I can walk you through it this week.


We offer a 7-day free trial. No cost, no contract. You see it running before committing to anything.
Gray Horizons Enterprise

To opt out of future emails, reply with REMOVE.
https://calendly.com/grayhorizonsenterprise/30min","sent","contractor",""
"ON POINT CONSTRUCTION","","roger@on-point-construction.com","https://www.on-point-construction.com/","How do you handle this?","Hi,

The window between sending an estimate and hearing back is where most contracting jobs go cold - the customer gets another quote and signs with whoever follows up first.

We built a system that handles automatic follow-up so you stop losing jobs to faster competitors.

I can walk you through it this week.


We offer a 7-day free trial. No cost, no contract. You see it running before committing to anything.
Gray Horizons Enterprise

To opt out of future emails, reply with REMOVE.
https://calendly.com/grayhorizonsenterprise/30min","sent","contractor",""
"GC & Home Remodeling","","dispatch@hqrpro.com","https://homequalityremodeling.com/services/home-remodeling-general-contractor/","Question for you","Hi,

When a homeowner submits a project request through your website or Google listing after hours it almost always sits until the next day.

By then they have already called two more contractors.

We built a system that responds immediately and keeps them engaged until your team is available.

I can show you how it works this week.


We offer a 7-day free trial. No cost, no contract. You see it running before committing to anything.
Gray Horizons Enterprise

To opt out of future emails, reply with REMOVE.
https://calendly.com/grayhorizonsenterprise/30min","sent","contractor",""
"A-Z Services General Contracting","","Jon@az-contracting.com","https://az-contracting.com/","Quick question","Hey,

Most contractors we work with were losing jobs not because of the work but because estimate follow-up was not happening consistently.

We built a system that tracks every open bid and follows up automatically until you get a response.

I can show you exactly how it works and get it running for your team this week.


We offer a 7-day free trial. No cost, no contract. You see it running before committing to anything.
Gray Horizons Enterprise

To opt out of future emails, reply with REMOVE.
https://calendly.com/grayhorizonsenterprise/30min","sent","contractor",""
"AZ Dynamic Builders","","Steve@azdynamic.com","https://azdynamic.com/","How do you handle this?","Hi,

When a homeowner submits a project request through your website or Google listing after hours it almost always sits until the next day.

By then they have already called two more contractors.

We built a system that responds immediately and keeps them engaged until your team is available.

I can show you how it works this week.


We offer a 7-day free trial. No cost, no contract. You see it running before committing to anything.
Gray Horizons Enterprise

To opt out of future emails, reply with REMOVE.
https://calendly.com/grayhorizonsenterprise/30min","sent","contractor",""
"Devett Development LLC- Lake Havasu Framing Contractor","","brad@devettdevelopment.com","https://devettdevelopment.com/about-us/","Something we built for contractors","Hi,

The gap between a lead reaching out and your team getting them a quote is usually where the job goes to a competitor.

We built a system that cuts that response time down and automates the follow-up so no lead goes cold.

I can get you set up in about a week. Let me know and I will show you exactly how it works.


We offer a 7-day free trial. No cost, no contract. You see it running before committing to anything.
Gray Horizons Enterprise

To opt out of future emails, reply with REMOVE.
https://calendly.com/grayhorizonsenterprise/30min","sent","contractor",""
"Woodson Chamber","","director@woodsoncountychamber.org","https://www.woodsoncountychamber.org/construction-and-remodeling","Quick question","Hi,

When a homeowner submits a project request through your website or Google listing after hours it almost always sits until the next day.

By then they have already called two more contractors.

We built a system that responds immediately and keeps them engaged until your team is available.

I can show you how it works this week.


We offer a 7-day free trial. No cost, no contract. You see it running before committing to anything.
Gray Horizons Enterprise

To opt out of future emails, reply with REMOVE.
https://calendly.com/grayhorizonsenterprise/30min","sent","contractor",""
"Window Installation Services","","henryg@redline-construction.com","https://redline-construction.com/services/window-installation/","Question for you","Hi,

After-hours leads from homeowners - when they come in through your website or Google listing at night, what happens to them? Does something catch it automatically or does it sit until morning?

Just asking because that's usually where the fastest-responding contractor wins the job.


We offer a 7-day free trial. No cost, no contract. You see it running before committing to anything.
Gray Horizons Enterprise

To opt out of future emails, reply with REMOVE.
https://calendly.com/grayhorizonsenterprise/30min","sent","contractor",""
"412 Home Remodeling LLC","","nick@412homeremodeling.com","https://412homeremodeling.com/","Question for you","Hi,

When a homeowner submits a project request through your website or Google listing after hours it almost always sits until the next day.

By then they have already called two more contractors.

We built a system that responds immediately and keeps them engaged until your team is available.

I can show you how it works this week.


We offer a 7-day free trial. No cost, no contract. You see it running before committing to anything.
Gray Horizons Enterprise

To opt out of future emails, reply with REMOVE.
https://calendly.com/grayhorizonsenterprise/30min","sent","contractor",""
"Southern Contractors LLC","","todd@southerncontractorsllc.com","https://southerncontractorsllc.com/","Question for you","Hi,

After-hours leads from homeowners - when they come in through your website or Google listing at night, what happens to them? Does something catch it automatically or does it sit until morning?

Just asking because that's usually where the fastest-responding contractor wins the job.


We offer a 7-day free trial. No cost, no contract. You see it running before committing to anything.
Gray Horizons Enterprise

To opt out of future emails, reply with REMOVE.
https://calendly.com/grayhorizonsenterprise/30min","sent","contractor",""
"wordpress-1610149-6331893.cloudwaysapps.com","","e.romero@romeroconstruct.com","https://wordpress-1610149-6331893.cloudwaysapps.com/","Question for you","Hi,

When a homeowner submits a project request through your website or Google listing after hours it almost always sits until the next day.

By then they have already called two more contractors.

We built a system that responds immediately and keeps them engaged until your team is available.

I can show you how it works this week.


We offer a 7-day free trial. No cost, no contract. You see it running before committing to anything.
Gray Horizons Enterprise

To opt out of future emails, reply with REMOVE.
https://calendly.com/grayhorizonsenterprise/30min","sent","contractor",""
"Blueram General Cont","","estimates@blueram.com","https://www.bluerampainting.com/","Quick question","Hi,

The window between sending an estimate and hearing back is where most contracting jobs go cold - the customer gets another quote and signs with whoever follows up first.

We built a system that handles automatic follow-up so you stop losing jobs to faster competitors.

I can walk you through it this week.


We offer a 7-day free trial. No cost, no contract. You see it running before committing to anything.
Gray Horizons Enterprise

To opt out of future emails, reply with REMOVE.
https://calendly.com/grayhorizonsenterprise/30min","sent","contractor",""
"rjmasonry","","estimating@rjmasonryinc.com","https://www.rjmasonryinc.com/","How do you handle overflow leads?","Hi,

Seasonal clients who go quiet between services are lost revenue that most landscaping companies never recover.

We built a system that keeps every recurring client on schedule with automatic reminders and follow-up.

I can walk you through it this week and show you what it looks like running.


We offer a 7-day free trial. No cost, no contract. You see it running before committing to anything.
Gray Horizons Enterprise

To opt out of future emails, reply with REMOVE.
https://calendly.com/grayhorizonsenterprise/30min","sent","landscaping",""
"Condos for Sale in Palo Alto, CA - Redfin","","amit.singh@redfin.com","https://www.redfin.com/city/14325/CA/Palo-Alto/condos","Something we built for HOA teams","
We offer a 7-day free trial. No cost, no contract. You see it running before committing to anything.
Gray Horizons Enterprise here.

Violation follow-up is where most HOA teams lose time - the documentation exists but pulling it together for a board review or audit takes way longer than it should.

We fixed that for a handful of firms and now it runs on its own.

I can walk you through the setup this week and show you what it looks like in practice.

Gray Horizons Enterprise

To opt out of future emails, reply with REMOVE.
https://calendly.com/grayhorizonsenterprise/30min","sent","hoa",""
"Makeup, Skincare, Fragrance, Hair & Beauty Products | Sephor","","emaildistributionlist-canada.compliance@sephora.com","https://www.sephora.com/","Question for you","Hi,

Quick question for you - when a new patient submits a form on your website at 8pm on a Tuesday, what happens to that inquiry?

If it sits until the next morning, research shows 78% of those patients have already booked somewhere else by the time you call back.

We fix that with an automated follow-up system. Three practices we've set this up for saw immediate increases in new patient bookings in the first 30 days.

Worth 20 minutes to see the setup? https://calendly.com/grayhorizonsenterprise/30min.


We offer a 7-day free trial. No cost, no contract. You see it running before committing to anything.
Gray Horizons Enterprise

To opt out of future emails, reply with REMOVE.","sent","dental",""
"Plumbing | Merced CA | E & J Elite Plumbing","","james@ejeliteplumbing.com","https://www.ejeliteplumbing.com/","Question for you","Hi,

After-hours and weekend calls are where most plumbing companies lose the most jobs - by the time someone calls back the customer has already moved on.

We built a system that captures and responds to those inquiries automatically so you stop losing jobs to whoever answers first.

I can show you exactly how we set it up this week.


We offer a 7-day free trial. No cost, no contract. You see it running before committing to anything.
Gray Horizons Enterprise

To opt out of future emails, reply with REMOVE.
https://calendly.com/grayhorizonsenterprise/30min","sent","plumbing",""
"Best Dentists Near Me in Los Angeles, California | Delta Den","","dtla@alifetimedental.com","https://www.deltadental.com/member/find-a-dentist/california/los-angeles-dentists/","Question for you","Hi,

Quick question for you - when a new patient submits a form on your website at 8pm on a Tuesday, what happens to that inquiry?

If it sits until the next morning, research shows 78% of those patients have already booked somewhere else by the time you call back.

We fix that with an automated follow-up system. Three practices we've set this up for saw immediate increases in new patient bookings in the first 30 days.

Worth 20 minutes to see the setup? https://calendly.com/grayhorizonsenterprise/30min.


We offer a 7-day free trial. No cost, no contract. You see it running before committing to anything.
Gray Horizons Enterprise

To opt out of future emails, reply with REMOVE.","sent","dental",""
"Roof Replacement & Free Inspections - Best Choice Roofing -","","yournewroof@bestchoiceroofing.com","https://bestchoiceroofing.com/","Something we built for roofers","Hey,

Direct question: when a homeowner calls about a leak or damage and you can't get to them for three days, how do you keep them from calling someone else in the meantime?

That's usually the biggest gap I hear about. Happy to share what we've built if it's useful.


We offer a 7-day free trial. No cost, no contract. You see it running before committing to anything.
Gray Horizons Enterprise

To opt out of future emails, reply with REMOVE.
https://calendly.com/grayhorizonsenterprise/30min","sent","roofing",""
"3 Best Roofing Contractors in Pasadena, CA","","staff@jandjroofing.com","https://threebestrated.com/roofing-contractors-in-pasadena-ca","How do you handle this?","Hey,

Quick one: after a storm comes through your area, how does your team handle the wave of calls that come in? Is there a system to track each one or does it get a little chaotic?

We've been helping roofing companies manage exactly that.


We offer a 7-day free trial. No cost, no contract. You see it running before committing to anything.
Gray Horizons Enterprise

To opt out of future emails, reply with REMOVE.
https://calendly.com/grayhorizonsenterprise/30min","sent","roofing",""
"Bisnow","","catie@bisnow.com","https://www.bisnow.com/dallas-ft-worth/news/deal-sheet/this-weeks-dallas-fort-worth-deal-sheet-92024","Quick question","Hey,

When a board member asks for a status update on an open violation, how long does it take your team to pull that together?

We've been working on cutting that time down. Happy to show you what we built if it's relevant.


We offer a 7-day free trial. No cost, no contract. You see it running before committing to anything.
Gray Horizons Enterprise

To opt out of future emails, reply with REMOVE.
https://calendly.com/grayhorizonsenterprise/30min","sent","hoa",""
"Fieldstone Realty Partners","","Fieldstone@FieldstoneRP.com","https://www.fieldstonerp.com/","Process question","
We offer a 7-day free trial. No cost, no contract. You see it running before committing to anything.
Gray Horizons Enterprise here.

Straight to it - we help HOA management teams stop losing violations in the handoff between report, tracking, and resolution.

Most teams we work with had it happening constantly and didn't realize how much time it was costing.

I can show you exactly how we fixed it this week if you want to see it.

Gray Horizons Enterprise

To opt out of future emails, reply with REMOVE.
https://calendly.com/grayhorizonsenterprise/30min","sent","hoa",""
"Spokane HOA Management","","doc@cobalt.management","https://www.rentcobalt.com/spokane-hoa-management","How do you handle this?","Hey,

When a board member asks for a status update on an open violation, how long does it take your team to pull that together?

We've been working on cutting that time down. Happy to show you what we built if it's relevant.


We offer a 7-day free trial. No cost, no contract. You see it running before committing to anything.
Gray Horizons Enterprise

To opt out of future emails, reply with REMOVE.
https://calendly.com/grayhorizonsenterprise/30min","sent","hoa",""
"Smillie Dental","","portorange@smilliedental.com","https://smilliedental.com/services/port-orange-same-day-appointments/","How do you handle this?","Hi,

Quick question for you - when a new patient submits a form on your website at 8pm on a Tuesday, what happens to that inquiry?

If it sits until the next morning, research shows 78% of those patients have already booked somewhere else by the time you call back.

We fix that with an automated follow-up system. Three practices we've set this up for saw immediate increases in new patient bookings in the first 30 days.

Worth 20 minutes to see the setup? https://calendly.com/grayhorizonsenterprise/30min.


We offer a 7-day free trial. No cost, no contract. You see it running before committing to anything.
Gray Horizons Enterprise

To opt out of future emails, reply with REMOVE.","sent","dental",""
"Albuquerque, NM","","kdonner@donnerplumbing.com","https://www.donnerplumbing.com/","Something we built","Hi,

After-hours and weekend calls are where most plumbing companies lose the most jobs - by the time someone calls back the customer has already moved on.

We built a system that captures and responds to those inquiries automatically so you stop losing jobs to whoever answers first.

I can show you exactly how we set it up this week.


We offer a 7-day free trial. No cost, no contract. You see it running before committing to anything.
Gray Horizons Enterprise

To opt out of future emails, reply with REMOVE.
https://calendly.com/grayhorizonsenterprise/30min","sent","plumbing",""
"A.C. Moate Industries, Inc","","kartzt@acmoate.com","https://www.acmoate.com/","How do you handle this?","Hey,

Most contractors we work with were losing jobs not because of the work but because estimate follow-up was not happening consistently.

We built a system that tracks every open bid and follows up automatically until you get a response.

I can show you exactly how it works and get it running for your team this week.


We offer a 7-day free trial. No cost, no contract. You see it running before committing to anything.
Gray Horizons Enterprise

To opt out of future emails, reply with REMOVE.
https://calendly.com/grayhorizonsenterprise/30min","sent","contractor",""
"Thunder Bay Roofing Solutions LLC","","tyler@thunderbay.solutions","https://thunderbay.solutions/","Question for you","Hi there,

How are you following up on estimates that went out but never got a response? In roofing those can be pretty high-value jobs to let slip.

Just curious what your current process looks like.


We offer a 7-day free trial. No cost, no contract. You see it running before committing to anything.
Gray Horizons Enterprise

To opt out of future emails, reply with REMOVE.
https://calendly.com/grayhorizonsenterprise/30min","sent","roofing",""
"Metal Supplier in Fresno, California - Ryerson","","edgar.rocha@ryerson.com","https://www.ryerson.com/locations/united-states/california/fresno","Something we built for roofers","Hi there,

How are you following up on estimates that went out but never got a response? In roofing those can be pretty high-value jobs to let slip.

Just curious what your current process looks like.


We offer a 7-day free trial. No cost, no contract. You see it running before committing to anything.
Gray Horizons Enterprise

To opt out of future emails, reply with REMOVE.
https://calendly.com/grayhorizonsenterprise/30min","sent","roofing",""
"Family Orthodontist | Dr. Lili & Associates | Braces, Invisa","","koosha.samani@drliliortho.com","https://drliliortho.com/","Question for you","Hey,

The average dental practice loses 8-12 new patients every month to slow follow-up. A patient submits a form or calls after hours, nobody responds until the next morning, and by then they've booked somewhere else.

At $1,200 average lifetime value per new patient, that's $9,600-$14,400 a month slipping through.

We built a follow-up system that responds to every new patient inquiry immediately - even at 11pm - and keeps them engaged until they're booked. Happy to show you how it works in 20 minutes.

https://calendly.com/grayhorizonsenterprise/30min


We offer a 7-day free trial. No cost, no contract. You see it running before committing to anything.
Gray Horizons Enterprise

To opt out of future emails, reply with REMOVE.","sent","dental",""
"Blue Horizons - Important Numbers and Community Contacts","","andrew.fernandez@associatedasset.com","https://www.bluehorizonsca.org/page/24963~831754/Important-Numbers-and-Community-Contacts","How do you handle this?","
We offer a 7-day free trial. No cost, no contract. You see it running before committing to anything.
Gray Horizons Enterprise here.

HOA teams we've worked with had the same problem - violations documented at the start, then lost somewhere between board review and resolution.

We built a system that tracks the full lifecycle automatically so nothing slips.

I can show you exactly how it works and get it running for your team this week.

Gray Horizons Enterprise

To opt out of future emails, reply with REMOVE.
https://calendly.com/grayhorizonsenterprise/30min","sent","hoa",""
"Sundance Adult Village - Important Numbers and Community Con","","cclinton@aamaz.com","https://www.sundanceadulthoa.org/Page/11938~53141/Important-Numbers-and-Community-Contacts","Something we built for HOA teams","Hey,

Quick question - when a violation gets reported, what does your process look like from that initial report to final resolution? Is there a system tracking each step or is it mostly email threads?

That gap is where most HOA teams run into problems.


We offer a 7-day free trial. No cost, no contract. You see it running before committing to anything.
Gray Horizons Enterprise

To opt out of future emails, reply with REMOVE.
https://calendly.com/grayhorizonsenterprise/30min","sent","hoa",""
"Homeowner Management Services","","hms@hms-inc.net","https://hms-inc.net/","Something we built for HOA teams","
We offer a 7-day free trial. No cost, no contract. You see it running before committing to anything.
Gray Horizons Enterprise here.

Violation follow-up is where most HOA teams lose time - the documentation exists but pulling it together for a board review or audit takes way longer than it should.

We fixed that for a handful of firms and now it runs on its own.

I can walk you through the setup this week and show you what it looks like in practice.

Gray Horizons Enterprise

To opt out of future emails, reply with REMOVE.
https://calendly.com/grayhorizonsenterprise/30min","sent","hoa",""
"Condos for Rent in South San Jose Hills, CA - Redfin","","stop@rent.com","https://www.redfin.com/city/26092/CA/South-San-Jose-Hills/condos-for-rent?msockid=2b150224144f6c6d3bfe157815166d06","Something we built for HOA teams","
We offer a 7-day free trial. No cost, no contract. You see it running before committing to anything.
Gray Horizons Enterprise here.

Most HOA teams we've worked with were losing track of violations between the initial report and final resolution.

We fixed that with a simple system that handles tracking and follow-ups automatically.

If this is even slightly an issue on your side, I can show you exactly how we set it up this week.

Gray Horizons Enterprise

To opt out of future emails, reply with REMOVE.
https://calendly.com/grayhorizonsenterprise/30min","sent","hoa",""
"Addition: Definition, Properties, and Examples","","jessica.kaminski@brighterly.com","https://brighterly.com/math/addition/","Something we built for contractors","Hey,

Contractors lose more jobs to slow follow-up than to price - the client moves on before the estimate even gets a response.

We fixed that for several firms with a system that tracks every estimate and follows up automatically.

I can show you what that looks like this week.


We offer a 7-day free trial. No cost, no contract. You see it running before committing to anything.
Gray Horizons Enterprise

To opt out of future emails, reply with REMOVE.
https://calendly.com/grayhorizonsenterprise/30min","sent","contractor",""
"Chicago Northwest Landscaping and Hardscaping (Brick Work: P","","matt@agardenguylandscaping.com","http://www.agardenguylandscaping.com/contact.php","Something we built","Hey,

When your schedule is full and a new lead comes in it almost always gets lost - there is no system to capture it for later.

We built a system that holds every overflow lead and follows up automatically when your schedule opens.

I can show you how we set it up this week.


We offer a 7-day free trial. No cost, no contract. You see it running before committing to anything.
Gray Horizons Enterprise

To opt out of future emails, reply with REMOVE.
https://calendly.com/grayhorizonsenterprise/30min","sent","landscaping",""
"Russel J. Lokun Landscape Design: Premier Hardscape and Maso","","server@beautifullandscapes.net","https://beautifullandscapes.net/landscapers-near-me/russel-j-lokun-landscape-design","How do you handle overflow leads?","Hey,

Not trying to waste your time - just wanted to ask: when you have a full schedule and someone new reaches out, how does your team capture that lead without it getting lost?

That overflow moment is usually where companies either grow or miss out.


We offer a 7-day free trial. No cost, no contract. You see it running before committing to anything.
Gray Horizons Enterprise

To opt out of future emails, reply with REMOVE.
https://calendly.com/grayhorizonsenterprise/30min","sent","landscaping",""
"Bulls Shut Down Jalen Smith & Jaden Ivey for the Season ...","","onsireview@minutemedia.com","https://www.si.com/nba/bulls/onsi/news/bulls-shut-down-jalen-smith-jaden-ivey-for-the-season-creating-one-big-question","Quick question","Hi,

Seasonal clients who go quiet between services are lost revenue that most landscaping companies never recover.

We built a system that keeps every recurring client on schedule with automatic reminders and follow-up.

I can walk you through it this week and show you what it looks like running.


We offer a 7-day free trial. No cost, no contract. You see it running before committing to anything.
Gray Horizons Enterprise

To opt out of future emails, reply with REMOVE.
https://calendly.com/grayhorizonsenterprise/30min","sent","landscaping",""
"How Much Does a Sewer Line Replacement Cost? - This Old Hous","","reviews@thisoldhousereviews.com","https://thisoldhouse.com/plumbing/sewer-line-replacement-cost","How do you handle missed calls?","Hi,

The gap between a job finishing and the customer leaving a review is where most plumbing companies lose their referral pipeline.

We built a system that handles post-job follow-up and review collection automatically.

I can show you how it works this week.


We offer a 7-day free trial. No cost, no contract. You see it running before committing to anything.
Gray Horizons Enterprise

To opt out of future emails, reply with REMOVE.
https://calendly.com/grayhorizonsenterprise/30min","sent","plumbing",""
"Todd's Plumbing","","brian@toddsplumbing.com","https://toddsplumbing.com/","Question for you","Hey,

The biggest revenue leak for most plumbing companies is missed calls - the customer calls once, nobody answers, and they book someone else before you call back.

We built a system that captures every missed call and gets it back into your pipeline automatically.

I can show you exactly how it works this week.


We offer a 7-day free trial. No cost, no contract. You see it running before committing to anything.
Gray Horizons Enterprise

To opt out of future emails, reply with REMOVE.
https://calendly.com/grayhorizonsenterprise/30min","sent","plumbing",""
"Total Property Management, Inc.","","corporate@totalpm.com","https://totalpm.com/","How do you handle this?","
We offer a 7-day free trial. No cost, no contract. You see it running before committing to anything.
Gray Horizons Enterprise here.

The gap between a homeowner filing a report and that violation being fully resolved is where HOA teams take on the most risk.

We built a system that locks that gap down - every step tracked, documented, and followed up automatically.

I can get you set up in about a week. Let me know and I'll show you exactly how it works.

Gray Horizons Enterprise

To opt out of future emails, reply with REMOVE.
https://calendly.com/grayhorizonsenterprise/30min","sent","hoa",""
"PMI Central Oregon","","oliver@pmicentraloregon.com","https://www.bendpropertymanagementinc.com/blog/3-benefits-of-hiring-community-association-management-services-in-bend-oregon","Something we built for HOA teams","
We offer a 7-day free trial. No cost, no contract. You see it running before committing to anything.
Gray Horizons Enterprise here.

HOA teams we've worked with had the same problem - violations documented at the start, then lost somewhere between board review and resolution.

We built a system that tracks the full lifecycle automatically so nothing slips.

I can show you exactly how it works and get it running for your team this week.

Gray Horizons Enterprise

To opt out of future emails, reply with REMOVE.
https://calendly.com/grayhorizonsenterprise/30min","sent","hoa",""
"Cadden Community Management","","statements@cadden.com","https://cadden.com/","Process question","Hey,

When a board member asks for a status update on an open violation, how long does it take your team to pull that together?

We've been working on cutting that time down. Happy to show you what we built if it's relevant.


We offer a 7-day free trial. No cost, no contract. You see it running before committing to anything.
Gray Horizons Enterprise

To opt out of future emails, reply with REMOVE.
https://calendly.com/grayhorizonsenterprise/30min","sent","hoa",""
"Air Conditioning","","bhughes@541hvac.com","https://www.541hvac.com/","Something we built","Hey,

HVAC companies with a full schedule typically miss 15-20 calls a week during peak season. At an average job value of $450, that's $6,750-$9,000 walking out the door every week.

We set up an automated follow-up system for HVAC shops that catches every missed inquiry and follows up immediately - so the customer hears from you before they book someone else.

Three shops we've set this up for recovered 6-10 jobs in the first month they'd have otherwise lost.

Worth a 20-minute call to see if it fits? https://calendly.com/grayhorizonsenterprise/30min.


We offer a 7-day free trial. No cost, no contract. You see it running before committing to anything.
Gray Horizons Enterprise

To opt out of future emails, reply with REMOVE.","sent","hvac",""
"Springer Bros Air Conditioning and Heating","","derek@springerbrosac.com","https://springerbros.net/","Something we built","Hey,

HVAC companies with a full schedule typically miss 15-20 calls a week during peak season. At an average job value of $450, that's $6,750-$9,000 walking out the door every week.

We set up an automated follow-up system for HVAC shops that catches every missed inquiry and follows up immediately - so the customer hears from you before they book someone else.

Three shops we've set this up for recovered 6-10 jobs in the first month they'd have otherwise lost.

Worth a 20-minute call to see if it fits? https://calendly.com/grayhorizonsenterprise/30min.


We offer a 7-day free trial. No cost, no contract. You see it running before committing to anything.
Gray Horizons Enterprise

To opt out of future emails, reply with REMOVE.","sent","hvac",""
"Home","","lddrum@caprock-spur.com","https://drumplumbingheatingair.com/","How do you handle this?","Hi,

The average HVAC company loses $45,000-$120,000 per year to missed and unreturned calls. Most owners don't realize it because there's no system tracking what's being lost.

We fix that. I can show you exactly what it looks like for a shop your size in 20 minutes.

https://calendly.com/grayhorizonsenterprise/30min


We offer a 7-day free trial. No cost, no contract. You see it running before committing to anything.
Gray Horizons Enterprise

To opt out of future emails, reply with REMOVE.","sent","hvac",""
"Dental Advice Grampian","","gram.dentalinstitute@nhs.scot","https://www.grampiandental.com/dental-practice-registration-availability/","Quick question","Hi,

Patient no-shows cost the average dental practice $50,000-$150,000 per year in lost chair time. Most practices send one reminder. We send an automated sequence that cuts no-show rates by 40-60%.

Happy to walk you through exactly how it works: https://calendly.com/grayhorizonsenterprise/30min.


We offer a 7-day free trial. No cost, no contract. You see it running before committing to anything.
Gray Horizons Enterprise

To opt out of future emails, reply with REMOVE.","sent","dental",""
"Byou Dentistry - Emergency Dental Office in Suwanee","","byd@byoudentistry.com","https://byoudentistry.com/","How do you handle this?","Hi,

Patient no-shows cost the average dental practice $50,000-$150,000 per year in lost chair time. Most practices send one reminder. We send an automated sequence that cuts no-show rates by 40-60%.

Happy to walk you through exactly how it works: https://calendly.com/grayhorizonsenterprise/30min.


We offer a 7-day free trial. No cost, no contract. You see it running before committing to anything.
Gray Horizons Enterprise

To opt out of future emails, reply with REMOVE.","sent","dental",""
"Briargate Dental Center","","bdental@briargatedental.com","https://briargatedental.com/new-patient-center/","Quick question","Hey,

The average dental practice loses 8-12 new patients every month to slow follow-up. A patient submits a form or calls after hours, nobody responds until the next morning, and by then they've booked somewhere else.

At $1,200 average lifetime value per new patient, that's $9,600-$14,400 a month slipping through.

We built a follow-up system that responds to every new patient inquiry immediately - even at 11pm - and keeps them engaged until they're booked. Happy to show you how it works in 20 minutes.

https://calendly.com/grayhorizonsenterprise/30min


We offer a 7-day free trial. No cost, no contract. You see it running before committing to anything.
Gray Horizons Enterprise

To opt out of future emails, reply with REMOVE.","sent","dental",""
"The National","","jbell@thenational.ae","https://www.thenationalnews.com/uae/cleveland-clinic-abu-dhabi-opens-its-doors-for-patients-1.45838/","Something we built for practices","Hi,

Quick question for you - when a new patient submits a form on your website at 8pm on a Tuesday, what happens to that inquiry?

If it sits until the next morning, research shows 78% of those patients have already booked somewhere else by the time you call back.

We fix that with an automated follow-up system. Three practices we've set this up for saw immediate increases in new patient bookings in the first 30 days.

Worth 20 minutes to see the setup? https://calendly.com/grayhorizonsenterprise/30min.


We offer a 7-day free trial. No cost, no contract. You see it running before committing to anything.
Gray Horizons Enterprise

To opt out of future emails, reply with REMOVE.","sent","dental",""
"Bartlett Plumbing and Heating","","emilyb@bartlettplumbingheating.net","https://bartlettplumbingheatingmi.com/","Question for you","Hey,

Most plumbing companies we work with had no system for job tracking across crews - status updates required calling the tech directly every time.

We fixed that with a system that keeps every job visible from dispatch to close-out without anyone having to chase it down.

I can get you set up in about a week.


We offer a 7-day free trial. No cost, no contract. You see it running before committing to anything.
Gray Horizons Enterprise

To opt out of future emails, reply with REMOVE.
https://calendly.com/grayhorizonsenterprise/30min","sent","plumbing",""
"Your Trusted Plumbing Experts","","scheduling@blitzplumbingandrooter.com","https://www.blitzplumbingandrooter.com/","Question for you","Hey,

Direct question - when an emergency call comes in at night and your main line is busy, how does your team handle it? Does it route somewhere or go to voicemail?

That's usually the biggest gap I hear about from plumbing companies.


We offer a 7-day free trial. No cost, no contract. You see it running before committing to anything.
Gray Horizons Enterprise

To opt out of future emails, reply with REMOVE.
https://calendly.com/grayhorizonsenterprise/30min","sent","plumbing",""
"Oasis Sprinklers: Expert irrigation and lawn care in Logan U","","info@oasissprinklerscc.com","https://oasissprinklerscc.com/","How do you handle overflow leads?","Hey,

When your schedule is full and a new lead comes in it almost always gets lost - there is no system to capture it for later.

We built a system that holds every overflow lead and follows up automatically when your schedule opens.

I can show you how we set it up this week.


We offer a 7-day free trial. No cost, no contract. You see it running before committing to anything.
Gray Horizons Enterprise

To opt out of future emails, reply with REMOVE.
https://calendly.com/grayhorizonsenterprise/30min","skipped","landscaping",""
"Find your family. Free Genealogy Archives - FamilySearch","","info@familysearch.org","https://www.familysearch.org/en/united-states/","How do you handle this?","Hey,

Most practices have 200-400 patients who called or filled out a form, never booked, and were never followed up with again. That's $240,000-$480,000 in lost lifetime value sitting in a spreadsheet or voicemail box.

We built a reactivation system that reaches back out to those patients automatically and gets them back on the schedule.

I can show you what this looks like for your practice in 20 minutes: https://calendly.com/grayhorizonsenterprise/30min.


We offer a 7-day free trial. No cost, no contract. You see it running before committing to anything.
Gray Horizons Enterprise

To opt out of future emails, reply with REMOVE.","skipped","dental",""
"Macca Plumbing & Heating","","bob@maccaplumbing.com","https://www.maccaplumbing.com/","Something we built","Hi,

When you finish a job, what does the follow-up process look like? Is there anything automated that checks in with the customer, or does it depend on the tech remembering to do it?

We've built that whole post-job flow into a system. Happy to show you how it works.


We offer a 7-day free trial. No cost, no contract. You see it running before committing to anything.
Gray Horizons Enterprise

To opt out of future emails, reply with REMOVE.
https://calendly.com/grayhorizonsenterprise/30min","sent","plumbing",""
"Summit Roofing Professionals","","davis@summitroofingprofessionals.com","https://www.summitroofingprofessionals.com/","How do you handle this?","Hey,

After-hours inquiries from homeowners are some of the highest-intent leads a contractor gets - and most of them go unanswered until the next day.

We built a system that captures and responds to those leads automatically so you are always first to respond.

I can show you how we set it up this week.


We offer a 7-day free trial. No cost, no contract. You see it running before committing to anything.
Gray Horizons Enterprise

To opt out of future emails, reply with REMOVE.
https://calendly.com/grayhorizonsenterprise/30min","sent","contractor",""
"RaJaM Enterprises, Inc.","","davisc@rajaminc.com","https://rajaminc.com/","How do you handle this?","Hey,

After-hours inquiries from homeowners are some of the highest-intent leads a contractor gets - and most of them go unanswered until the next day.

We built a system that captures and responds to those leads automatically so you are always first to respond.

I can show you how we set it up this week.


We offer a 7-day free trial. No cost, no contract. You see it running before committing to anything.
Gray Horizons Enterprise

To opt out of future emails, reply with REMOVE.
https://calendly.com/grayhorizonsenterprise/30min","sent","contractor",""
"Rustic Floor Supply","","norcross@rusticwoodfloorsupply.com","https://rusticwoodfloorsupply.com/find-a-flooring-contractor/boise-id/","Something we built for contractors","Hey,

After-hours inquiries from homeowners are some of the highest-intent leads a contractor gets - and most of them go unanswered until the next day.

We built a system that captures and responds to those leads automatically so you are always first to respond.

I can show you how we set it up this week.


We offer a 7-day free trial. No cost, no contract. You see it running before committing to anything.
Gray Horizons Enterprise

To opt out of future emails, reply with REMOVE.
https://calendly.com/grayhorizonsenterprise/30min","sent","contractor",""
"Montana Made Barns | Calnan & Tracy","","timtracy@montanamadebarns.com","https://www.montanamadebarns.com/portfolio","How do you handle this?","Hi,

The gap between a lead reaching out and your team getting them a quote is usually where the job goes to a competitor.

We built a system that cuts that response time down and automates the follow-up so no lead goes cold.

I can get you set up in about a week. Let me know and I will show you exactly how it works.


We offer a 7-day free trial. No cost, no contract. You see it running before committing to anything.
Gray Horizons Enterprise

To opt out of future emails, reply with REMOVE.
https://calendly.com/grayhorizonsenterprise/30min","sent","contractor",""
"Rob Dilugi General","","rob@robdilugicontracting.com","https://www.robdilugicontracting.com/","Question for you","Hi,

The gap between a lead reaching out and your team getting them a quote is usually where the job goes to a competitor.

We built a system that cuts that response time down and automates the follow-up so no lead goes cold.

I can get you set up in about a week. Let me know and I will show you exactly how it works.


We offer a 7-day free trial. No cost, no contract. You see it running before committing to anything.
Gray Horizons Enterprise

To opt out of future emails, reply with REMOVE.
https://calendly.com/grayhorizonsenterprise/30min","sent","contractor",""
"General Contracting Company in Dunwoody","","will@milestonedesigngroup.com","https://milestonedesigngroup.com/areas-of-service/dunwoody-general-contracting-company/","Quick question","Hi,

When a homeowner submits a project request through your website or Google listing after hours it almost always sits until the next day.

By then they have already called two more contractors.

We built a system that responds immediately and keeps them engaged until your team is available.

I can show you how it works this week.


We offer a 7-day free trial. No cost, no contract. You see it running before committing to anything.
Gray Horizons Enterprise

To opt out of future emails, reply with REMOVE.
https://calendly.com/grayhorizonsenterprise/30min","sent","contractor",""
"Savings you expect. Protection you deserve.","","overseas@geico.com","https://www.geico.com/","Quick question","Hey,

The first company to respond to an estimate request in landscaping almost always wins the job - most homeowners book whoever gets back to them first.

We built a system that captures new inquiries and responds automatically so you are always first.

I can show you exactly how it works this week.


We offer a 7-day free trial. No cost, no contract. You see it running before committing to anything.
Gray Horizons Enterprise

To opt out of future emails, reply with REMOVE.
https://calendly.com/grayhorizonsenterprise/30min","sent","landscaping",""
"DesignScapes of NC, Ltd.","","susan@designscapesofnc.com","https://www.designscapesofnc.com/small-space-gardening/dont-ditch-your-pots/","How do you handle overflow leads?","Hi,

Seasonal clients who go quiet between services are lost revenue that most landscaping companies never recover.

We built a system that keeps every recurring client on schedule with automatic reminders and follow-up.

I can walk you through it this week and show you what it looks like running.


We offer a 7-day free trial. No cost, no contract. You see it running before committing to anything.
Gray Horizons Enterprise

To opt out of future emails, reply with REMOVE.
https://calendly.com/grayhorizonsenterprise/30min","sent","landscaping",""
"3mg.com","","estimate@3mgroofing.com","https://3mg.com/location/raleigh-nc/","How do you handle this?","Hey,

Quick one: after a storm comes through your area, how does your team handle the wave of calls that come in? Is there a system to track each one or does it get a little chaotic?

We've been helping roofing companies manage exactly that.


We offer a 7-day free trial. No cost, no contract. You see it running before committing to anything.
Gray Horizons Enterprise

To opt out of future emails, reply with REMOVE.
https://calendly.com/grayhorizonsenterprise/30min","sent","roofing",""
"A&M Roofing","","contactus@amroofingva.com","https://www.amroofingva.com/roof-installation-springfield-va","Question for you","Hey,

Quick one: after a storm comes through your area, how does your team handle the wave of calls that come in? Is there a system to track each one or does it get a little chaotic?

We've been helping roofing companies manage exactly that.


We offer a 7-day free trial. No cost, no contract. You see it running before committing to anything.
Gray Horizons Enterprise

To opt out of future emails, reply with REMOVE.
https://calendly.com/grayhorizonsenterprise/30min","sent","roofing",""
"Nuggets' playoff flop didn’t cost David Adelman but the ...","","astapleton@ap.org","https://apnews.com/article/nuggets-david-adelman-josh-kroenke-ca1bdadcdf34afad8cedd5aad22915d5","Quick question","Hi,

After-hours leads from homeowners - when they come in through your website or Google listing at night, what happens to them? Does something catch it automatically or does it sit until morning?

Just asking because that's usually where the fastest-responding contractor wins the job.


We offer a 7-day free trial. No cost, no contract. You see it running before committing to anything.
Gray Horizons Enterprise

To opt out of future emails, reply with REMOVE.
https://calendly.com/grayhorizonsenterprise/30min","sent","contractor",""
"16 Best Hotels in Redmond, Washington. Hotels from $128/nigh","","k4b-am@kayak.com","https://www.kayak.com/Redmond-Hotels.22196.hotel.ksp?msockid=1698b8be481261a6190bafe0493c606a","How do you handle this?","
We offer a 7-day free trial. No cost, no contract. You see it running before committing to anything.
Gray Horizons Enterprise here.

Straight to it - we help HOA management teams stop losing violations in the handoff between report, tracking, and resolution.

Most teams we work with had it happening constantly and didn't realize how much time it was costing.

I can show you exactly how we fixed it this week if you want to see it.

Gray Horizons Enterprise

To opt out of future emails, reply with REMOVE.
https://calendly.com/grayhorizonsenterprise/30min","sent","hoa",""
"3 Best Landscaping Companies in Torrance, CA","","jake@groundedlandscapesllc.com","https://threebestrated.com/landscaping-companies-in-torrance-ca","Something we built","Hey,

The first company to respond to an estimate request in landscaping almost always wins the job - most homeowners book whoever gets back to them first.

We built a system that captures new inquiries and responds automatically so you are always first.

I can show you exactly how it works this week.


We offer a 7-day free trial. No cost, no contract. You see it running before committing to anything.
Gray Horizons Enterprise

To opt out of future emails, reply with REMOVE.
https://calendly.com/grayhorizonsenterprise/30min","sent","landscaping",""
"DRAIN","","james@southernstateartistmgmt.com","https://drain831.com/","Something we built","Hi,

When you finish a job, what does the follow-up process look like? Is there anything automated that checks in with the customer, or does it depend on the tech remembering to do it?

We've built that whole post-job flow into a system. Happy to show you how it works.


We offer a 7-day free trial. No cost, no contract. You see it running before committing to anything.
Gray Horizons Enterprise

To opt out of future emails, reply with REMOVE.
https://calendly.com/grayhorizonsenterprise/30min","sent","plumbing",""
"Hydes AC, Heating & Electrical Services - AC Repair Indio CA","","judy@hydesac.com","https://www.hydesac.com/","Quick question","Hey,

HVAC companies with a full schedule typically miss 15-20 calls a week during peak season. At an average job value of $450, that's $6,750-$9,000 walking out the door every week.

We set up an automated follow-up system for HVAC shops that catches every missed inquiry and follows up immediately - so the customer hears from you before they book someone else.

Three shops we've set this up for recovered 6-10 jobs in the first month they'd have otherwise lost.

Worth a 20-minute call to see if it fits? https://calendly.com/grayhorizonsenterprise/30min.


We offer a 7-day free trial. No cost, no contract. You see it running before committing to anything.
Gray Horizons Enterprise

To opt out of future emails, reply with REMOVE.","sent","hvac",""
"Reiseikai Media (Cambodia) Co., Ltd | Reiseikai Media","","kanthabopha@camnet.com.kh","https://www.reiseikai-media.org/cambodia/phnompenh_medical-e.html","Question for you","Hi,

Patient no-shows cost the average dental practice $50,000-$150,000 per year in lost chair time. Most practices send one reminder. We send an automated sequence that cuts no-show rates by 40-60%.

Happy to walk you through exactly how it works: https://calendly.com/grayhorizonsenterprise/30min.


We offer a 7-day free trial. No cost, no contract. You see it running before committing to anything.
Gray Horizons Enterprise

To opt out of future emails, reply with REMOVE.","sent","dental",""
"Porter Roofing | Roof Install / Repair | Sacramento CA","","dave@porterroofs.com","https://www.porterroofs.com/","How do you handle this?","Hi there,

How are you following up on estimates that went out but never got a response? In roofing those can be pretty high-value jobs to let slip.

Just curious what your current process looks like.


We offer a 7-day free trial. No cost, no contract. You see it running before committing to anything.
Gray Horizons Enterprise

To opt out of future emails, reply with REMOVE.
https://calendly.com/grayhorizonsenterprise/30min","sent","roofing",""
"HVAC Contractors in Salt Lake City, Utah | Lee's Heating & A","","josh@leesheatac.com","https://www.leesheatac.com/","Something we built","Hey,

HVAC companies with a full schedule typically miss 15-20 calls a week during peak season. At an average job value of $450, that's $6,750-$9,000 walking out the door every week.

We set up an automated follow-up system for HVAC shops that catches every missed inquiry and follows up immediately - so the customer hears from you before they book someone else.

Three shops we've set this up for recovered 6-10 jobs in the first month they'd have otherwise lost.

Worth a 20-minute call to see if it fits? https://calendly.com/grayhorizonsenterprise/30min.


We offer a 7-day free trial. No cost, no contract. You see it running before committing to anything.
Gray Horizons Enterprise

To opt out of future emails, reply with REMOVE.","sent","hvac",""
"Heat is set to blast much of California, topping 100 degrees","","ron.lin@latimes.com","https://www.latimes.com/california/story/2026-05-08/california-weather-heat-wave-100-degrees","How do you handle this?","Hey,

Most HVAC owners I talk to say the same thing - the jobs they lose aren't from bad work, they're from slow follow-up. Estimate sent, no response, job goes to whoever follows up first.

We built an automated system that follows up on every open estimate and every missed inquiry without anyone on your team having to do it manually.

If that sounds like something worth looking at, grab a time here: https://calendly.com/grayhorizonsenterprise/30min.


We offer a 7-day free trial. No cost, no contract. You see it running before committing to anything.
Gray Horizons Enterprise

To opt out of future emails, reply with REMOVE.","sent","hvac",""
"Condos for Sale in Los Angeles, CA - Redfin","","abigail.esquibel@redfin.com","https://www.redfin.com/city/11203/CA/Los-Angeles/condos?msockid=2653a62964a162830ff8b177657463d1","Something we built for HOA teams","
We offer a 7-day free trial. No cost, no contract. You see it running before committing to anything.
Gray Horizons Enterprise here.

The biggest issue we keep seeing with HOA teams is violations getting lost between report, board review, and resolution.

We built a system that locks that entire process down so nothing slips through.

If you want, I can walk you through it and get something similar set up for you quickly.

Gray Horizons Enterprise

To opt out of future emails, reply with REMOVE.
https://calendly.com/grayhorizonsenterprise/30min","sent","hoa",""
"Rowland Heights, California 91748 - The Weather Channel","","shaun.wallace@weather.com","https://weather.com/weather/tenday/l/Rowland+Heights+California+91748?canonicalCityId=b1d95bf60a1e7717f2f9bb662e891b52","Something we built for roofers","Hey,

Quick one: after a storm comes through your area, how does your team handle the wave of calls that come in? Is there a system to track each one or does it get a little chaotic?

We've been helping roofing companies manage exactly that.


We offer a 7-day free trial. No cost, no contract. You see it running before committing to anything.
Gray Horizons Enterprise

To opt out of future emails, reply with REMOVE.
https://calendly.com/grayhorizonsenterprise/30min","sent","roofing",""
"PMI Oakridge Management","","wes.moore@pmiwesternohio.com","https://www.pmioakridgemanagement.com/blog/what-is-hoa-management-in-troy-ohio","Process question","
We offer a 7-day free trial. No cost, no contract. You see it running before committing to anything.
Gray Horizons Enterprise here.

Violation follow-up is where most HOA teams lose time - the documentation exists but pulling it together for a board review or audit takes way longer than it should.

We fixed that for a handful of firms and now it runs on its own.

I can walk you through the setup this week and show you what it looks like in practice.

Gray Horizons Enterprise

To opt out of future emails, reply with REMOVE.
https://calendly.com/grayhorizonsenterprise/30min","sent","hoa",""
"M and M Heating","","information@mandmheating.com","https://mandmheating.com/","Quick question","Hey,

Most HVAC owners I talk to say the same thing - the jobs they lose aren't from bad work, they're from slow follow-up. Estimate sent, no response, job goes to whoever follows up first.

We built an automated system that follows up on every open estimate and every missed inquiry without anyone on your team having to do it manually.

If that sounds like something worth looking at, grab a time here: https://calendly.com/grayhorizonsenterprise/30min.


We offer a 7-day free trial. No cost, no contract. You see it running before committing to anything.
Gray Horizons Enterprise

To opt out of future emails, reply with REMOVE.","sent","hvac",""
"Age Heating & Cooling","","unsubscribe@mg.stratam.app","https://www.ageheatingandcooling.com/locations/post-falls/air-conditioning-repair-post-falls/","Something we built","Hi,

Quick question - when your line is busy or it's after hours and a customer calls about a broken AC or furnace, what happens to that call?

If it goes to voicemail, research shows 80% of those customers book the next company that answers before you call back.

We built a follow-up system that responds to those inquiries automatically and keeps them engaged until your team can get them on the schedule. Happy to show you how it works in 20 minutes.

https://calendly.com/grayhorizonsenterprise/30min


We offer a 7-day free trial. No cost, no contract. You see it running before committing to anything.
Gray Horizons Enterprise

To opt out of future emails, reply with REMOVE.","sent","hvac",""
"CBC","","Mrinali.anchan@cbc.ca","https://www.cbc.ca/news/canada/edmonton/why-it-s-hard-to-find-a-female-family-doctor-accepting-patients-in-edmonton-1.7021392","How do you handle this?","Hey,

Most practices have 200-400 patients who called or filled out a form, never booked, and were never followed up with again. That's $240,000-$480,000 in lost lifetime value sitting in a spreadsheet or voicemail box.

We built a reactivation system that reaches back out to those patients automatically and gets them back on the schedule.

I can show you what this looks like for your practice in 20 minutes: https://calendly.com/grayhorizonsenterprise/30min.


We offer a 7-day free trial. No cost, no contract. You see it running before committing to anything.
Gray Horizons Enterprise

To opt out of future emails, reply with REMOVE.","sent","dental",""
"Plumber in Newnan GA","","patrick@onlyplumbing.net","https://www.onlyplumbing.co/","How do you handle missed calls?","Hi,

The gap between a job finishing and the customer leaving a review is where most plumbing companies lose their referral pipeline.

We built a system that handles post-job follow-up and review collection automatically.

I can show you how it works this week.


We offer a 7-day free trial. No cost, no contract. You see it running before committing to anything.
Gray Horizons Enterprise

To opt out of future emails, reply with REMOVE.
https://calendly.com/grayhorizonsenterprise/30min","sent","plumbing",""
"Cornerstone Plumbing & Mechanical","","michael@cstonepm.com","https://cornerstoneplumbingga.com/","Quick question","Hi,

Emergency calls are where plumbing companies win or lose customers - the ones who respond fastest get the job.

We built a dispatch system that routes emergency calls to the right tech instantly and keeps the customer updated automatically.

I can walk you through it this week and show you what it looks like running.


We offer a 7-day free trial. No cost, no contract. You see it running before committing to anything.
Gray Horizons Enterprise

To opt out of future emails, reply with REMOVE.
https://calendly.com/grayhorizonsenterprise/30min","sent","plumbing",""
"Accell Construction","","nick@accellconstruction.com","https://www.aurora-remodeling.com/","Question for you","Hey,

Most plumbing companies we work with had no system for job tracking across crews - status updates required calling the tech directly every time.

We fixed that with a system that keeps every job visible from dispatch to close-out without anyone having to chase it down.

I can get you set up in about a week.


We offer a 7-day free trial. No cost, no contract. You see it running before committing to anything.
Gray Horizons Enterprise

To opt out of future emails, reply with REMOVE.
https://calendly.com/grayhorizonsenterprise/30min","sent","plumbing",""
"Santa Ana, CA","","john@bennettsplumbing.com","https://bennettsplumbing.com/","Question for you","Hi,

The gap between a job finishing and the customer leaving a review is where most plumbing companies lose their referral pipeline.

We built a system that handles post-job follow-up and review collection automatically.

I can show you how it works this week.


We offer a 7-day free trial. No cost, no contract. You see it running before committing to anything.
Gray Horizons Enterprise

To opt out of future emails, reply with REMOVE.
https://calendly.com/grayhorizonsenterprise/30min","sent","plumbing",""
"Tiny's Plumbing, Heating, A/C LLC","","tinysplumbing@comcast.net","https://tinysplumbing.com/","Something we built","Hi,

After-hours and weekend calls are where most plumbing companies lose the most jobs - by the time someone calls back the customer has already moved on.

We built a system that captures and responds to those inquiries automatically so you stop losing jobs to whoever answers first.

I can show you exactly how we set it up this week.


We offer a 7-day free trial. No cost, no contract. You see it running before committing to anything.
Gray Horizons Enterprise

To opt out of future emails, reply with REMOVE.
https://calendly.com/grayhorizonsenterprise/30min","sent","plumbing",""
"YMC Inc. Mechanical Contractor","","information@ymcinc.com","https://ymcinc.com/plumbers-in-boise-601929bc/","Quick question","Hey,

The biggest revenue leak for most plumbing companies is missed calls - the customer calls once, nobody answers, and they book someone else before you call back.

We built a system that captures every missed call and gets it back into your pipeline automatically.

I can show you exactly how it works this week.


We offer a 7-day free trial. No cost, no contract. You see it running before committing to anything.
Gray Horizons Enterprise

To opt out of future emails, reply with REMOVE.
https://calendly.com/grayhorizonsenterprise/30min","sent","plumbing",""
"Flatrate Remodeling Design - Construction services","","tal@flatrateremodeling.com","https://www.flatrateremodeling.com/home-remodeling-los-angeles/","Quick question","Hi,

The window between sending an estimate and hearing back is where most contracting jobs go cold - the customer gets another quote and signs with whoever follows up first.

We built a system that handles automatic follow-up so you stop losing jobs to faster competitors.

I can walk you through it this week.


We offer a 7-day free trial. No cost, no contract. You see it running before committing to anything.
Gray Horizons Enterprise

To opt out of future emails, reply with REMOVE.
https://calendly.com/grayhorizonsenterprise/30min","sent","contractor",""
"Cornerstone Contracting NC, LLC","","chelsey@cornerstonecontractingnc.com","https://www.cornerstonecontractingnc.com/","Quick question","Hi,

The window between sending an estimate and hearing back is where most contracting jobs go cold - the customer gets another quote and signs with whoever follows up first.

We built a system that handles automatic follow-up so you stop losing jobs to faster competitors.

I can walk you through it this week.


We offer a 7-day free trial. No cost, no contract. You see it running before committing to anything.
Gray Horizons Enterprise

To opt out of future emails, reply with REMOVE.
https://calendly.com/grayhorizonsenterprise/30min","sent","contractor",""
"JR Hobbs - LIVE","","salesengineer@jrhobbs.com","https://www.jrhobbs.com/","Question for you","Hi,

The average HVAC company loses $45,000-$120,000 per year to missed and unreturned calls. Most owners don't realize it because there's no system tracking what's being lost.

We fix that. I can show you exactly what it looks like for a shop your size in 20 minutes.

https://calendly.com/grayhorizonsenterprise/30min


We offer a 7-day free trial. No cost, no contract. You see it running before committing to anything.
Gray Horizons Enterprise

To opt out of future emails, reply with REMOVE.","sent","hvac",""
"Select Dental Management","","partner@selectdentalmanagement.com","https://selectdentalmanagement.com/","How do you handle this?","Hi,

Patient no-shows cost the average dental practice $50,000-$150,000 per year in lost chair time. Most practices send one reminder. We send an automated sequence that cuts no-show rates by 40-60%.

Happy to walk you through exactly how it works: https://calendly.com/grayhorizonsenterprise/30min.


We offer a 7-day free trial. No cost, no contract. You see it running before committing to anything.
Gray Horizons Enterprise

To opt out of future emails, reply with REMOVE.","sent","dental",""
"Magic Electric, Plumbing, Heating & Air","","Magicboise.ccr@anyhour.com","https://www.themagicteam.com/boise/","Something we built","Hi,

The gap between a job finishing and the customer leaving a review is where most plumbing companies lose their referral pipeline.

We built a system that handles post-job follow-up and review collection automatically.

I can show you how it works this week.


We offer a 7-day free trial. No cost, no contract. You see it running before committing to anything.
Gray Horizons Enterprise

To opt out of future emails, reply with REMOVE.
https://calendly.com/grayhorizonsenterprise/30min","sent","plumbing",""
"Albarran General Contracting LLC","","jozelle@albarrangc.com","https://www.albarrangc.com/","Something we built for contractors","Hey,

Most contractors we work with were losing jobs not because of the work but because estimate follow-up was not happening consistently.

We built a system that tracks every open bid and follows up automatically until you get a response.

I can show you exactly how it works and get it running for your team this week.


We offer a 7-day free trial. No cost, no contract. You see it running before committing to anything.
Gray Horizons Enterprise

To opt out of future emails, reply with REMOVE.
https://calendly.com/grayhorizonsenterprise/30min","sent","contractor",""
"Chattanooga, TN & North GA","","jhwiii@jhwcc.com","https://www.jhwcc.com/contact_jamehwright","How do you handle this?","Hey,

Most contractors we work with were losing jobs not because of the work but because estimate follow-up was not happening consistently.

We built a system that tracks every open bid and follows up automatically until you get a response.

I can show you exactly how it works and get it running for your team this week.


We offer a 7-day free trial. No cost, no contract. You see it running before committing to anything.
Gray Horizons Enterprise

To opt out of future emails, reply with REMOVE.
https://calendly.com/grayhorizonsenterprise/30min","sent","contractor",""
"General Contractor","","roberto@dangondconstruction.com","https://dangondconstruction.com/construction/","Question for you","Hey,

After-hours inquiries from homeowners are some of the highest-intent leads a contractor gets - and most of them go unanswered until the next day.

We built a system that captures and responds to those leads automatically so you are always first to respond.

I can show you how we set it up this week.


We offer a 7-day free trial. No cost, no contract. You see it running before committing to anything.
Gray Horizons Enterprise

To opt out of future emails, reply with REMOVE.
https://calendly.com/grayhorizonsenterprise/30min","sent","contractor",""
"Sentinel Contractors LLC","","heather@sentinelcontractors.com","https://www.sentinelcontractors.com/","How do you handle this?","Hey,

When you send out an estimate and don't hear back, what does your follow-up process look like? Is there a system tracking each open bid or does it depend on whoever sent it remembering to follow up?

That's usually where jobs go cold.


We offer a 7-day free trial. No cost, no contract. You see it running before committing to anything.
Gray Horizons Enterprise

To opt out of future emails, reply with REMOVE.
https://calendly.com/grayhorizonsenterprise/30min","sent","contractor",""
"Elite Custom Construction","","Anthony@Elite-CustomConstruction.com","https://elitecustomconstructionllc.com/","Quick question","Hi,

The gap between a lead reaching out and your team getting them a quote is usually where the job goes to a competitor.

We built a system that cuts that response time down and automates the follow-up so no lead goes cold.

I can get you set up in about a week. Let me know and I will show you exactly how it works.


We offer a 7-day free trial. No cost, no contract. You see it running before committing to anything.
Gray Horizons Enterprise

To opt out of future emails, reply with REMOVE.
https://calendly.com/grayhorizonsenterprise/30min","sent","contractor",""
"Plain & Fancy Cabinetry","","michael@michaeljamesdesign.com","https://plainfancycabinetry.com/showrooms/michael-james-design","How do you handle this?","Hi,

After-hours leads from homeowners - when they come in through your website or Google listing at night, what happens to them? Does something catch it automatically or does it sit until morning?

Just asking because that's usually where the fastest-responding contractor wins the job.


We offer a 7-day free trial. No cost, no contract. You see it running before committing to anything.
Gray Horizons Enterprise

To opt out of future emails, reply with REMOVE.
https://calendly.com/grayhorizonsenterprise/30min","sent","contractor",""
"Max's LLC","","max@maxsllc.com","https://www.maxsllc.com/","How do you handle overflow leads?","Hey,

The first company to respond to an estimate request in landscaping almost always wins the job - most homeowners book whoever gets back to them first.

We built a system that captures new inquiries and responds automatically so you are always first.

I can show you exactly how it works this week.


We offer a 7-day free trial. No cost, no contract. You see it running before committing to anything.
Gray Horizons Enterprise

To opt out of future emails, reply with REMOVE.
https://calendly.com/grayhorizonsenterprise/30min","sent","landscaping",""
"FRANK M. SMITH & ASS.","","sam@resortaz.com","","How do you handle this?","
We offer a 7-day free trial. No cost, no contract. You see it running before committing to anything.
Gray Horizons Enterprise here.

HOA teams we've worked with had the same problem - violations documented at the start, then lost somewhere between board review and resolution.

We built a system that tracks the full lifecycle automatically so nothing slips.

I can show you exactly how it works and get it running for your team this week.

Gray Horizons Enterprise

To opt out of future emails, reply with REMOVE.
https://calendly.com/grayhorizonsenterprise/30min","sent","hoa",""
"Cosmetic Dentistry Beverly Hills | Beverly Hills Dentistry","","edwinv@beverlyhillsdentistry.com","https://beverlyhillsdentistry.com/","Question for you","Hi,

Quick question for you - when a new patient submits a form on your website at 8pm on a Tuesday, what happens to that inquiry?

If it sits until the next morning, research shows 78% of those patients have already booked somewhere else by the time you call back.

We fix that with an automated follow-up system. Three practices we've set this up for saw immediate increases in new patient bookings in the first 30 days.

Worth 20 minutes to see the setup? https://calendly.com/grayhorizonsenterprise/30min.


We offer a 7-day free trial. No cost, no contract. You see it running before committing to anything.
Gray Horizons Enterprise

To opt out of future emails, reply with REMOVE.","sent","dental",""
"Best Water Company in Santa Clarita","","makeitrayne@raynewater.com","https://www.raynewater.com/santaclarita/","Something we built","Hi,

When you finish a job, what does the follow-up process look like? Is there anything automated that checks in with the customer, or does it depend on the tech remembering to do it?

We've built that whole post-job flow into a system. Happy to show you how it works.


We offer a 7-day free trial. No cost, no contract. You see it running before committing to anything.
Gray Horizons Enterprise

To opt out of future emails, reply with REMOVE.
https://calendly.com/grayhorizonsenterprise/30min","sent","plumbing",""
"Northwest Landscape Supply: Edmonds Landscape Supplies","","gary@nwlandscapesupply.com","https://www.nwlandscapesupply.com/","Quick question","Hey,

Not trying to waste your time - just wanted to ask: when you have a full schedule and someone new reaches out, how does your team capture that lead without it getting lost?

That overflow moment is usually where companies either grow or miss out.


We offer a 7-day free trial. No cost, no contract. You see it running before committing to anything.
Gray Horizons Enterprise

To opt out of future emails, reply with REMOVE.
https://calendly.com/grayhorizonsenterprise/30min","sent","landscaping",""
"Livermore outlets orthodontics – Invisalign Experts. Proven","","dr@livermoreoutletsorthodontics.com","https://livermoreoutletsorthodontics.com/","Quick question","Hi,

Patient no-shows cost the average dental practice $50,000-$150,000 per year in lost chair time. Most practices send one reminder. We send an automated sequence that cuts no-show rates by 40-60%.

Happy to walk you through exactly how it works: https://calendly.com/grayhorizonsenterprise/30min.


We offer a 7-day free trial. No cost, no contract. You see it running before committing to anything.
Gray Horizons Enterprise

To opt out of future emails, reply with REMOVE.","sent","dental",""
"Plumbing Company | Benjamin Franklin Plumbing® of Phoenix","","manager.bfp@benfranklinplumbingaz.com","https://www.benjaminfranklinplumbing.com/phoenix/","Question for you","Hey,

Most plumbing companies we work with had no system for job tracking across crews - status updates required calling the tech directly every time.

We fixed that with a system that keeps every job visible from dispatch to close-out without anyone having to chase it down.

I can get you set up in about a week.


We offer a 7-day free trial. No cost, no contract. You see it running before committing to anything.
Gray Horizons Enterprise

To opt out of future emails, reply with REMOVE.
https://calendly.com/grayhorizonsenterprise/30min","sent","plumbing",""
"JB Plumbing - Trusted Local Plumbers In San Dimas CA","","info@jbplumb.com","https://www.jbplumb.com/","Quick question","Hi,

The gap between a job finishing and the customer leaving a review is where most plumbing companies lose their referral pipeline.

We built a system that handles post-job follow-up and review collection automatically.

I can show you how it works this week.


We offer a 7-day free trial. No cost, no contract. You see it running before committing to anything.
Gray Horizons Enterprise

To opt out of future emails, reply with REMOVE.
https://calendly.com/grayhorizonsenterprise/30min","skipped","plumbing",""
"Bay Area’s Premier Plumbing Company | Guaranteed Plumbing","","info@guaranteedplumbing.com","https://guaranteedplumbing.com/","Question for you","Hey,

Most plumbing companies we work with had no system for job tracking across crews - status updates required calling the tech directly every time.

We fixed that with a system that keeps every job visible from dispatch to close-out without anyone having to chase it down.

I can get you set up in about a week.


We offer a 7-day free trial. No cost, no contract. You see it running before committing to anything.
Gray Horizons Enterprise

To opt out of future emails, reply with REMOVE.
https://calendly.com/grayhorizonsenterprise/30min","skipped","plumbing",""
"Danville Plumbers | URV Projects Plumbing Service","","info@urvprojects.com","https://urvprojects.com/","Something we built","Hi,

The gap between a job finishing and the customer leaving a review is where most plumbing companies lose their referral pipeline.

We built a system that handles post-job follow-up and review collection automatically.

I can show you how it works this week.


We offer a 7-day free trial. No cost, no contract. You see it running before committing to anything.
Gray Horizons Enterprise

To opt out of future emails, reply with REMOVE.
https://calendly.com/grayhorizonsenterprise/30min","skipped","plumbing",""
"HVAC Near Me · Wasatch Front, Utah | AC, Furnace, Plumbing","","office@yourservicepros.us","https://atyourservicepros.us/","Something we built","Hi,

Quick question - when your line is busy or it's after hours and a customer calls about a broken AC or furnace, what happens to that call?

If it goes to voicemail, research shows 80% of those customers book the next company that answers before you call back.

We built a follow-up system that responds to those inquiries automatically and keeps them engaged until your team can get them on the schedule. Happy to show you how it works in 20 minutes.

https://calendly.com/grayhorizonsenterprise/30min


We offer a 7-day free trial. No cost, no contract. You see it running before committing to anything.
Gray Horizons Enterprise

To opt out of future emails, reply with REMOVE.","skipped","hvac",""
"Contact Us","","amcouncils@associationmgnt.com","https://sites.google.com/a/associationmgnt.com/association-management-llc/contact-us","Something we built for HOA teams","
We offer a 7-day free trial. No cost, no contract. You see it running before committing to anything.
Gray Horizons Enterprise here.

The gap between a homeowner filing a report and that violation being fully resolved is where HOA teams take on the most risk.

We built a system that locks that gap down - every step tracked, documented, and followed up automatically.

I can get you set up in about a week. Let me know and I'll show you exactly how it works.

Gray Horizons Enterprise

To opt out of future emails, reply with REMOVE.
https://calendly.com/grayhorizonsenterprise/30min","sent","hoa",""
"HOA & Condominium Management Services","","EMGBedford@evergreenmgt.com","https://www.evergreenmgt.com/","Quick question","Hey,

Quick question - when a violation gets reported, what does your process look like from that initial report to final resolution? Is there a system tracking each step or is it mostly email threads?

That gap is where most HOA teams run into problems.


We offer a 7-day free trial. No cost, no contract. You see it running before committing to anything.
Gray Horizons Enterprise

To opt out of future emails, reply with REMOVE.
https://calendly.com/grayhorizonsenterprise/30min","sent","hoa",""
"Idaho AMS","","cheramy@idahoams.com","https://idahoams.net/","Quick question","
We offer a 7-day free trial. No cost, no contract. You see it running before committing to anything.
Gray Horizons Enterprise here.

HOA teams we've worked with had the same problem - violations documented at the start, then lost somewhere between board review and resolution.

We built a system that tracks the full lifecycle automatically so nothing slips.

I can show you exactly how it works and get it running for your team this week.

Gray Horizons Enterprise

To opt out of future emails, reply with REMOVE.
https://calendly.com/grayhorizonsenterprise/30min","sent","hoa",""
"NJR Home Services","","NJRHSServiceAdvisor@NJResources.com","https://www.njrhomeservices.com/","How do you handle this?","Hi,

The average HVAC company loses $45,000-$120,000 per year to missed and unreturned calls. Most owners don't realize it because there's no system tracking what's being lost.

We fix that. I can show you exactly what it looks like for a shop your size in 20 minutes.

https://calendly.com/grayhorizonsenterprise/30min


We offer a 7-day free trial. No cost, no contract. You see it running before committing to anything.
Gray Horizons Enterprise

To opt out of future emails, reply with REMOVE.","sent","hvac",""
"Montana APEX Accelerator","","apex@bigskyeda.org","https://www.montanaapex.org/locations/","Question for you","Hi,

The gap between a job finishing and the customer leaving a review is where most plumbing companies lose their referral pipeline.

We built a system that handles post-job follow-up and review collection automatically.

I can show you how it works this week.


We offer a 7-day free trial. No cost, no contract. You see it running before committing to anything.
Gray Horizons Enterprise

To opt out of future emails, reply with REMOVE.
https://calendly.com/grayhorizonsenterprise/30min","sent","plumbing",""
"Paniccia Construction Corp -","","mpaniccia@panicciacorp.com","https://panicciacorp.com/contact-us/","Question for you","Hi,

The window between sending an estimate and hearing back is where most contracting jobs go cold - the customer gets another quote and signs with whoever follows up first.

We built a system that handles automatic follow-up so you stop losing jobs to faster competitors.

I can walk you through it this week.


We offer a 7-day free trial. No cost, no contract. You see it running before committing to anything.
Gray Horizons Enterprise

To opt out of future emails, reply with REMOVE.
https://calendly.com/grayhorizonsenterprise/30min","sent","contractor",""
"Design and Architecture","","jeremiah@midwesteliteexterior.com","https://designarch.github.io/midwest-elite-exteriors-princeton-il/","Something we built for roofers","Hi there,

How are you following up on estimates that went out but never got a response? In roofing those can be pretty high-value jobs to let slip.

Just curious what your current process looks like.


We offer a 7-day free trial. No cost, no contract. You see it running before committing to anything.
Gray Horizons Enterprise

To opt out of future emails, reply with REMOVE.
https://calendly.com/grayhorizonsenterprise/30min","sent","roofing",""
"22 Pros And Cons Of Hoa Management Companies","","john@prospluscons.com","https://prospluscons.com/pros-and-cons-of-hoa-management-companies/","Something we built for HOA teams","
We offer a 7-day free trial. No cost, no contract. You see it running before committing to anything.
Gray Horizons Enterprise here.

HOA teams we've worked with had the same problem - violations documented at the start, then lost somewhere between board review and resolution.

We built a system that tracks the full lifecycle automatically so nothing slips.

I can show you exactly how it works and get it running for your team this week.

Gray Horizons Enterprise

To opt out of future emails, reply with REMOVE.
https://calendly.com/grayhorizonsenterprise/30min","sent","hoa",""
"California Estimating","","hey@californiaestimating.us","https://californiaestimating.us/","Question for you","Hi,

After-hours leads from homeowners - when they come in through your website or Google listing at night, what happens to them? Does something catch it automatically or does it sit until morning?

Just asking because that's usually where the fastest-responding contractor wins the job.


We offer a 7-day free trial. No cost, no contract. You see it running before committing to anything.
Gray Horizons Enterprise

To opt out of future emails, reply with REMOVE.
https://calendly.com/grayhorizonsenterprise/30min","sent","contractor",""
"Interactive Practice Quizzes for Biology Learners","","muskopf1@charter.net","https://www.biologycorner.com/quizzes/","Something we built for HOA teams","Hey,

Quick question - when a violation gets reported, what does your process look like from that initial report to final resolution? Is there a system tracking each step or is it mostly email threads?

That gap is where most HOA teams run into problems.


We offer a 7-day free trial. No cost, no contract. You see it running before committing to anything.
Gray Horizons Enterprise

To opt out of future emails, reply with REMOVE.
https://calendly.com/grayhorizonsenterprise/30min","sent","hoa",""
"Subway Locations in Austin, TX - DoorDash","","referral-affiliates@doordash.com","https://www.doordash.com/city/austin-tx/b/subway-3720/?msockid=18ec1e96c140690d074909f4c0b16852","How do you handle this?","Hi,

The gap between a lead reaching out and your team getting them a quote is usually where the job goes to a competitor.

We built a system that cuts that response time down and automates the follow-up so no lead goes cold.

I can get you set up in about a week. Let me know and I will show you exactly how it works.


We offer a 7-day free trial. No cost, no contract. You see it running before committing to anything.
Gray Horizons Enterprise

To opt out of future emails, reply with REMOVE.
https://calendly.com/grayhorizonsenterprise/30min","sent","contractor",""
"Jennifer Lopez – Jenny from the Block Lyrics | Genius Lyrics","","inquiry@genius.com","https://genius.com/Jennifer-lopez-jenny-from-the-block-lyrics","Question for you","Hi,

Quick question for you - when a new patient submits a form on your website at 8pm on a Tuesday, what happens to that inquiry?

If it sits until the next morning, research shows 78% of those patients have already booked somewhere else by the time you call back.

We fix that with an automated follow-up system. Three practices we've set this up for saw immediate increases in new patient bookings in the first 30 days.

Worth 20 minutes to see the setup? https://calendly.com/grayhorizonsenterprise/30min.


We offer a 7-day free trial. No cost, no contract. You see it running before committing to anything.
Gray Horizons Enterprise

To opt out of future emails, reply with REMOVE.","sent","dental",""
"Beacon Community Management","","services@mybeaconmanagement.com","https://beaconcommunitymanagement.com/","How do you handle this?","Hey,

When a board member asks for a status update on an open violation, how long does it take your team to pull that together?

We've been working on cutting that time down. Happy to show you what we built if it's relevant.


We offer a 7-day free trial. No cost, no contract. You see it running before committing to anything.
Gray Horizons Enterprise

To opt out of future emails, reply with REMOVE.
https://calendly.com/grayhorizonsenterprise/30min","sent","hoa",""
"PMI Fine Properties","","alyson.fine@pmifineproperties.com","https://www.houstonassociationmanagementinc.com/blog/effective-homeowners-association-management-strategies-in-houston-tx","Process question","
We offer a 7-day free trial. No cost, no contract. You see it running before committing to anything.
Gray Horizons Enterprise here.

The biggest issue we keep seeing with HOA teams is violations getting lost between report, board review, and resolution.

We built a system that locks that entire process down so nothing slips through.

If you want, I can walk you through it and get something similar set up for you quickly.

Gray Horizons Enterprise

To opt out of future emails, reply with REMOVE.
https://calendly.com/grayhorizonsenterprise/30min","sent","hoa",""
"Gallatin Watershed Council","","holly@gallatinwatershedcouncil.org","https://www.gallatinwatershedcouncil.org/board-and-staff","Something we built for HOA teams","
We offer a 7-day free trial. No cost, no contract. You see it running before committing to anything.
Gray Horizons Enterprise here.

The gap between a homeowner filing a report and that violation being fully resolved is where HOA teams take on the most risk.

We built a system that locks that gap down - every step tracked, documented, and followed up automatically.

I can get you set up in about a week. Let me know and I'll show you exactly how it works.

Gray Horizons Enterprise

To opt out of future emails, reply with REMOVE.
https://calendly.com/grayhorizonsenterprise/30min","sent","hoa",""
"Plumbing Services in Phoenix, AZ","","apacheplumbing@cox.net","https://www.apacheplumbingservices.com/","How do you handle missed calls?","Hi,

Emergency calls are where plumbing companies win or lose customers - the ones who respond fastest get the job.

We built a dispatch system that routes emergency calls to the right tech instantly and keeps the customer updated automatically.

I can walk you through it this week and show you what it looks like running.


We offer a 7-day free trial. No cost, no contract. You see it running before committing to anything.
Gray Horizons Enterprise

To opt out of future emails, reply with REMOVE.
https://calendly.com/grayhorizonsenterprise/30min","sent","plumbing",""
"Bay Area, CA","","ala@bluelineinteriors.com","https://www.blueline-ca.com/","How do you handle this?","Hey,

Most contractors we work with were losing jobs not because of the work but because estimate follow-up was not happening consistently.

We built a system that tracks every open bid and follows up automatically until you get a response.

I can show you exactly how it works and get it running for your team this week.


We offer a 7-day free trial. No cost, no contract. You see it running before committing to anything.
Gray Horizons Enterprise

To opt out of future emails, reply with REMOVE.
https://calendly.com/grayhorizonsenterprise/30min","sent","contractor",""
"Georgia Home Heating & Air","","georgiahome@georgiahomeac.com","https://georgiahomeac.com/","Quick question","Hey,

HVAC companies with a full schedule typically miss 15-20 calls a week during peak season. At an average job value of $450, that's $6,750-$9,000 walking out the door every week.

We set up an automated follow-up system for HVAC shops that catches every missed inquiry and follows up immediately - so the customer hears from you before they book someone else.

Three shops we've set this up for recovered 6-10 jobs in the first month they'd have otherwise lost.

Worth a 20-minute call to see if it fits? https://calendly.com/grayhorizonsenterprise/30min.


We offer a 7-day free trial. No cost, no contract. You see it running before committing to anything.
Gray Horizons Enterprise

To opt out of future emails, reply with REMOVE.","sent","hvac",""
"imacgroup","","kara.lurie@imac-group.com","https://www.imac-group.com/","How do you handle this?","Hi,

The window between sending an estimate and hearing back is where most contracting jobs go cold - the customer gets another quote and signs with whoever follows up first.

We built a system that handles automatic follow-up so you stop losing jobs to faster competitors.

I can walk you through it this week.


We offer a 7-day free trial. No cost, no contract. You see it running before committing to anything.
Gray Horizons Enterprise

To opt out of future emails, reply with REMOVE.
https://calendly.com/grayhorizonsenterprise/30min","sent","contractor",""
"Bono & Associates","","information@bonomgmt.com","https://www.bonomgmt.com/","Something we built for HOA teams","Hey,

When a board member asks for a status update on an open violation, how long does it take your team to pull that together?

We've been working on cutting that time down. Happy to show you what we built if it's relevant.


We offer a 7-day free trial. No cost, no contract. You see it running before committing to anything.
Gray Horizons Enterprise

To opt out of future emails, reply with REMOVE.
https://calendly.com/grayhorizonsenterprise/30min","sent","hoa",""
"Board Education Course Registration","","contactus@cardinal-online.com","https://www.cardinal-online.com/register-now","Quick question","
We offer a 7-day free trial. No cost, no contract. You see it running before committing to anything.
Gray Horizons Enterprise here.

Straight to it - we help HOA management teams stop losing violations in the handoff between report, tracking, and resolution.

Most teams we work with had it happening constantly and didn't realize how much time it was costing.

I can show you exactly how we fixed it this week if you want to see it.

Gray Horizons Enterprise

To opt out of future emails, reply with REMOVE.
https://calendly.com/grayhorizonsenterprise/30min","sent","hoa",""
"Anchor House Realty & Property Management","","aworthington@nexalending.com","https://www.anchorhouse.com/","Process question","Hey,

When a board member asks for a status update on an open violation, how long does it take your team to pull that together?

We've been working on cutting that time down. Happy to show you what we built if it's relevant.


We offer a 7-day free trial. No cost, no contract. You see it running before committing to anything.
Gray Horizons Enterprise

To opt out of future emails, reply with REMOVE.
https://calendly.com/grayhorizonsenterprise/30min","sent","hoa",""
"Steel T","","steelt@steelt.com","https://steelt.com/","Quick question","Hey,

HVAC companies with a full schedule typically miss 15-20 calls a week during peak season. At an average job value of $450, that's $6,750-$9,000 walking out the door every week.

We set up an automated follow-up system for HVAC shops that catches every missed inquiry and follows up immediately - so the customer hears from you before they book someone else.

Three shops we've set this up for recovered 6-10 jobs in the first month they'd have otherwise lost.

Worth a 20-minute call to see if it fits? https://calendly.com/grayhorizonsenterprise/30min.


We offer a 7-day free trial. No cost, no contract. You see it running before committing to anything.
Gray Horizons Enterprise

To opt out of future emails, reply with REMOVE.","sent","hvac",""
"ENOVA Heating & Air Conditioning","","enova@enovahvacr.com","https://enovaheatingairconditioning.com/","How do you handle this?","Hi,

The average HVAC company loses $45,000-$120,000 per year to missed and unreturned calls. Most owners don't realize it because there's no system tracking what's being lost.

We fix that. I can show you exactly what it looks like for a shop your size in 20 minutes.

https://calendly.com/grayhorizonsenterprise/30min


We offer a 7-day free trial. No cost, no contract. You see it running before committing to anything.
Gray Horizons Enterprise

To opt out of future emails, reply with REMOVE.","sent","hvac",""
"HVAC Services","","Barry@BreezeHVAC.com","https://www.breezehvac.com/","Something we built","Hi,

Quick question - when your line is busy or it's after hours and a customer calls about a broken AC or furnace, what happens to that call?

If it goes to voicemail, research shows 80% of those customers book the next company that answers before you call back.

We built a follow-up system that responds to those inquiries automatically and keeps them engaged until your team can get them on the schedule. Happy to show you how it works in 20 minutes.

https://calendly.com/grayhorizonsenterprise/30min


We offer a 7-day free trial. No cost, no contract. You see it running before committing to anything.
Gray Horizons Enterprise

To opt out of future emails, reply with REMOVE.","sent","hvac",""
"The Widow Collaborative","","resources@thewidowcollaborative.com","https://thewidowcollaborative.com/services/high-road-heating-cooling/","Quick question","Hey,

Most HVAC owners I talk to say the same thing - the jobs they lose aren't from bad work, they're from slow follow-up. Estimate sent, no response, job goes to whoever follows up first.

We built an automated system that follows up on every open estimate and every missed inquiry without anyone on your team having to do it manually.

If that sounds like something worth looking at, grab a time here: https://calendly.com/grayhorizonsenterprise/30min.


We offer a 7-day free trial. No cost, no contract. You see it running before committing to anything.
Gray Horizons Enterprise

To opt out of future emails, reply with REMOVE.","sent","hvac",""
"Mr. Roof","","smile@mrroof.com","https://www.mrroof.com/","Question for you","Hey,

Quick one: after a storm comes through your area, how does your team handle the wave of calls that come in? Is there a system to track each one or does it get a little chaotic?

We've been helping roofing companies manage exactly that.


We offer a 7-day free trial. No cost, no contract. You see it running before committing to anything.
Gray Horizons Enterprise

To opt out of future emails, reply with REMOVE.
https://calendly.com/grayhorizonsenterprise/30min","sent","roofing",""
"Midwest Roofing & Concrete","","joshk@midwestrandc.com","https://midwestrandc.com/","Quick question","Hey,

Direct question: when a homeowner calls about a leak or damage and you can't get to them for three days, how do you keep them from calling someone else in the meantime?

That's usually the biggest gap I hear about. Happy to share what we've built if it's useful.


We offer a 7-day free trial. No cost, no contract. You see it running before committing to anything.
Gray Horizons Enterprise

To opt out of future emails, reply with REMOVE.
https://calendly.com/grayhorizonsenterprise/30min","sent","roofing",""
"DSLR vs mirrorless cameras - Digital Camera World","","james.artaius@futurenet.com","https://www.digitalcameraworld.com/features/dslr-vs-mirrorless-cameras-how-do-they-compare","Question for you","Hi,

The average HVAC company loses $45,000-$120,000 per year to missed and unreturned calls. Most owners don't realize it because there's no system tracking what's being lost.

We fix that. I can show you exactly what it looks like for a shop your size in 20 minutes.

https://calendly.com/grayhorizonsenterprise/30min


We offer a 7-day free trial. No cost, no contract. You see it running before committing to anything.
Gray Horizons Enterprise

To opt out of future emails, reply with REMOVE.","sent","hvac",""
"DSLR vs. mirrorless cameras: Which is better for you?","","peter.wolinski@futurenet.com","https://www.tomsguide.com/face-off/dslr-vs-mirrorless-cameras","Question for you","Hey,

Most HVAC owners I talk to say the same thing - the jobs they lose aren't from bad work, they're from slow follow-up. Estimate sent, no response, job goes to whoever follows up first.

We built an automated system that follows up on every open estimate and every missed inquiry without anyone on your team having to do it manually.

If that sounds like something worth looking at, grab a time here: https://calendly.com/grayhorizonsenterprise/30min.


We offer a 7-day free trial. No cost, no contract. You see it running before committing to anything.
Gray Horizons Enterprise

To opt out of future emails, reply with REMOVE.","sent","hvac",""
"Air Conditioners Online (AC) at Best Prices in India - Flipk","","app-feedback@flipkart.com","https://www.flipkart.com/air-conditioners/pr?sid=j9e,abm,c54","Question for you","Hey,

HVAC companies with a full schedule typically miss 15-20 calls a week during peak season. At an average job value of $450, that's $6,750-$9,000 walking out the door every week.

We set up an automated follow-up system for HVAC shops that catches every missed inquiry and follows up immediately - so the customer hears from you before they book someone else.

Three shops we've set this up for recovered 6-10 jobs in the first month they'd have otherwise lost.

Worth a 20-minute call to see if it fits? https://calendly.com/grayhorizonsenterprise/30min.


We offer a 7-day free trial. No cost, no contract. You see it running before committing to anything.
Gray Horizons Enterprise

To opt out of future emails, reply with REMOVE.","sent","hvac",""
"Most Visited Websites in the World - Exploding Topics","","emily@egcreativecontent.com","https://analytics.explodingtopics.com/website","How do you handle overflow leads?","Hey,

The first company to respond to an estimate request in landscaping almost always wins the job - most homeowners book whoever gets back to them first.

We built a system that captures new inquiries and responds automatically so you are always first.

I can show you exactly how it works this week.


We offer a 7-day free trial. No cost, no contract. You see it running before committing to anything.
Gray Horizons Enterprise

To opt out of future emails, reply with REMOVE.
https://calendly.com/grayhorizonsenterprise/30min","sent","landscaping",""
"PMI County Line","","jim@pmi-cl.com","https://www.lapropertymanagementinc.com/blog/your-guide-to-hoa-management-services-in-los-angeles","Something we built for HOA teams","Hey,

Quick question - when a violation gets reported, what does your process look like from that initial report to final resolution? Is there a system tracking each step or is it mostly email threads?

That gap is where most HOA teams run into problems.


We offer a 7-day free trial. No cost, no contract. You see it running before committing to anything.
Gray Horizons Enterprise

To opt out of future emails, reply with REMOVE.
https://calendly.com/grayhorizonsenterprise/30min","sent","hoa",""
"Community & HOA Management Services","","kristine.bates@associanewyork.com","https://www.associanewyork.com/","Quick question","
We offer a 7-day free trial. No cost, no contract. You see it running before committing to anything.
Gray Horizons Enterprise here.

Violation follow-up is where most HOA teams lose time - the documentation exists but pulling it together for a board review or audit takes way longer than it should.

We fixed that for a handful of firms and now it runs on its own.

I can walk you through the setup this week and show you what it looks like in practice.

Gray Horizons Enterprise

To opt out of future emails, reply with REMOVE.
https://calendly.com/grayhorizonsenterprise/30min","sent","hoa",""
"Repair and Maintenance","","services@hitechcentralair.com","https://www.hitechcentralairinc.com/free-estimate.php","Question for you","Hi,

Quick question - when your line is busy or it's after hours and a customer calls about a broken AC or furnace, what happens to that call?

If it goes to voicemail, research shows 80% of those customers book the next company that answers before you call back.

We built a follow-up system that responds to those inquiries automatically and keeps them engaged until your team can get them on the schedule. Happy to show you how it works in 20 minutes.

https://calendly.com/grayhorizonsenterprise/30min


We offer a 7-day free trial. No cost, no contract. You see it running before committing to anything.
Gray Horizons Enterprise

To opt out of future emails, reply with REMOVE.","sent","hvac",""
"PMI Brand Promise","","Association@Birdy.com","https://www.birdyassociationmanagement.com/","Quick question","
We offer a 7-day free trial. No cost, no contract. You see it running before committing to anything.
Gray Horizons Enterprise here.

Straight to it - we help HOA management teams stop losing violations in the handoff between report, tracking, and resolution.

Most teams we work with had it happening constantly and didn't realize how much time it was costing.

I can show you exactly how we fixed it this week if you want to see it.

Gray Horizons Enterprise

To opt out of future emails, reply with REMOVE.
https://calendly.com/grayhorizonsenterprise/30min","sent","hoa",""
"VerraTerra Property Management","","onboarding@verraterra.com","https://www.verraterra.com/7-compelling-reasons-to-hire-an-hoa-management-company","Something we built for HOA teams","
We offer a 7-day free trial. No cost, no contract. You see it running before committing to anything.
Gray Horizons Enterprise here.

Violation follow-up is where most HOA teams lose time - the documentation exists but pulling it together for a board review or audit takes way longer than it should.

We fixed that for a handful of firms and now it runs on its own.

I can walk you through the setup this week and show you what it looks like in practice.

Gray Horizons Enterprise

To opt out of future emails, reply with REMOVE.
https://calendly.com/grayhorizonsenterprise/30min","sent","hoa",""
"Tolley Community Management","","jen@Backyardrealty.com","https://www.tolleycm.com/","Quick question","
We offer a 7-day free trial. No cost, no contract. You see it running before committing to anything.
Gray Horizons Enterprise here.

The biggest issue we keep seeing with HOA teams is violations getting lost between report, board review, and resolution.

We built a system that locks that entire process down so nothing slips through.

If you want, I can walk you through it and get something similar set up for you quickly.

Gray Horizons Enterprise

To opt out of future emails, reply with REMOVE.
https://calendly.com/grayhorizonsenterprise/30min","sent","hoa",""
"Millennium Real Estate & Management, LLC","","bryanna@millenniumrem.com","https://millenniumrem.com/real-estate-and-management-montana/","How do you handle this?","Hey,

When a board member asks for a status update on an open violation, how long does it take your team to pull that together?

We've been working on cutting that time down. Happy to show you what we built if it's relevant.


We offer a 7-day free trial. No cost, no contract. You see it running before committing to anything.
Gray Horizons Enterprise

To opt out of future emails, reply with REMOVE.
https://calendly.com/grayhorizonsenterprise/30min","sent","hoa",""
"AMR in the Community","","oxnardfax@gmr.net","https://www.amr.net/","Question for you","Hi,

Quick question - when your line is busy or it's after hours and a customer calls about a broken AC or furnace, what happens to that call?

If it goes to voicemail, research shows 80% of those customers book the next company that answers before you call back.

We built a follow-up system that responds to those inquiries automatically and keeps them engaged until your team can get them on the schedule. Happy to show you how it works in 20 minutes.

https://calendly.com/grayhorizonsenterprise/30min


We offer a 7-day free trial. No cost, no contract. You see it running before committing to anything.
Gray Horizons Enterprise

To opt out of future emails, reply with REMOVE.","sent","hvac",""
"[PDF] Adventist Health White Memorial Community Health Needs Assessment","","Pie@S.MS","https://www.adventisthealth.org/documents/white-memorial/whitememorial-2019-communityhealthneedsassessment.pdf","How do you handle this?","Hi,

Quick question for you - when a new patient submits a form on your website at 8pm on a Tuesday, what happens to that inquiry?

If it sits until the next morning, research shows 78% of those patients have already booked somewhere else by the time you call back.

We fix that with an automated follow-up system. Three practices we've set this up for saw immediate increases in new patient bookings in the first 30 days.

Worth 20 minutes to see the setup? https://calendly.com/grayhorizonsenterprise/30min.


We offer a 7-day free trial. No cost, no contract. You see it running before committing to anything.
Gray Horizons Enterprise

To opt out of future emails, reply with REMOVE.","sent","dental",""
"You Create Smiles We Support Yours","","christy.spilka@smilebrands.com","https://careers.smilebrands.com/","Question for you","Hi,

Quick question for you - when a new patient submits a form on your website at 8pm on a Tuesday, what happens to that inquiry?

If it sits until the next morning, research shows 78% of those patients have already booked somewhere else by the time you call back.

We fix that with an automated follow-up system. Three practices we've set this up for saw immediate increases in new patient bookings in the first 30 days.

Worth 20 minutes to see the setup? https://calendly.com/grayhorizonsenterprise/30min.


We offer a 7-day free trial. No cost, no contract. You see it running before committing to anything.
Gray Horizons Enterprise

To opt out of future emails, reply with REMOVE.","sent","dental",""
"The Smile Company","","frontdesk@utahsmileco.com","https://utahsmileco.com/","Question for you","Hey,

The average dental practice loses 8-12 new patients every month to slow follow-up. A patient submits a form or calls after hours, nobody responds until the next morning, and by then they've booked somewhere else.

At $1,200 average lifetime value per new patient, that's $9,600-$14,400 a month slipping through.

We built a follow-up system that responds to every new patient inquiry immediately - even at 11pm - and keeps them engaged until they're booked. Happy to show you how it works in 20 minutes.

https://calendly.com/grayhorizonsenterprise/30min


We offer a 7-day free trial. No cost, no contract. You see it running before committing to anything.
Gray Horizons Enterprise

To opt out of future emails, reply with REMOVE.","sent","dental",""
"The smoothest way to move","","barry@bookonemove.com","https://www.bookonemove.com/","How do you handle this?","Hey,

Quick question - when a violation gets reported, what does your process look like from that initial report to final resolution? Is there a system tracking each step or is it mostly email threads?

That gap is where most HOA teams run into problems.


We offer a 7-day free trial. No cost, no contract. You see it running before committing to anything.
Gray Horizons Enterprise

To opt out of future emails, reply with REMOVE.
https://calendly.com/grayhorizonsenterprise/30min","sent","hoa",""
"HVAC New York","","hi@hvacnewyorkny.com","https://www.hvacnewyorkny.com/","How do you handle this?","Hi,

The average HVAC company loses $45,000-$120,000 per year to missed and unreturned calls. Most owners don't realize it because there's no system tracking what's being lost.

We fix that. I can show you exactly what it looks like for a shop your size in 20 minutes.

https://calendly.com/grayhorizonsenterprise/30min


We offer a 7-day free trial. No cost, no contract. You see it running before committing to anything.
Gray Horizons Enterprise

To opt out of future emails, reply with REMOVE.","sent","hvac",""
"Dental Excellence Hub","","server@dentistryexcellence.org","https://dentistryexcellence.org/dentist-near-me/dr-stephen-wagner/","Quick question","Hi,

Patient no-shows cost the average dental practice $50,000-$150,000 per year in lost chair time. Most practices send one reminder. We send an automated sequence that cuts no-show rates by 40-60%.

Happy to walk you through exactly how it works: https://calendly.com/grayhorizonsenterprise/30min.


We offer a 7-day free trial. No cost, no contract. You see it running before committing to anything.
Gray Horizons Enterprise

To opt out of future emails, reply with REMOVE.","sent","dental",""
"Family Pride Plumbing","","tom@avatarws.com","https://familyprideplumbing.com/menifee-plumber/","How do you handle missed calls?","Hi,

When you finish a job, what does the follow-up process look like? Is there anything automated that checks in with the customer, or does it depend on the tech remembering to do it?

We've built that whole post-job flow into a system. Happy to show you how it works.


We offer a 7-day free trial. No cost, no contract. You see it running before committing to anything.
Gray Horizons Enterprise

To opt out of future emails, reply with REMOVE.
https://calendly.com/grayhorizonsenterprise/30min","sent","plumbing",""
"Prime Time Plumbing","","taylor@primetimeplumbing.com","https://primetimeplumbing.com/","Quick question","Hi,

The gap between a job finishing and the customer leaving a review is where most plumbing companies lose their referral pipeline.

We built a system that handles post-job follow-up and review collection automatically.

I can show you how it works this week.


We offer a 7-day free trial. No cost, no contract. You see it running before committing to anything.
Gray Horizons Enterprise

To opt out of future emails, reply with REMOVE.
https://calendly.com/grayhorizonsenterprise/30min","sent","plumbing",""
"Digi Observer","","oscar@urbancoastalplumbing.com.au","https://www.digiobserver.com/urban-coastal-plumbing-extends-plumbing-services-across-mornington-peninsula/","How do you handle missed calls?","Hi,

The gap between a job finishing and the customer leaving a review is where most plumbing companies lose their referral pipeline.

We built a system that handles post-job follow-up and review collection automatically.

I can show you how it works this week.


We offer a 7-day free trial. No cost, no contract. You see it running before committing to anything.
Gray Horizons Enterprise

To opt out of future emails, reply with REMOVE.
https://calendly.com/grayhorizonsenterprise/30min","sent","plumbing",""
"Hot Rod Construction","","hotrodconst6671@comcast.net","https://hotrodconstructionca.com/","Quick question","Hi,

The gap between a lead reaching out and your team getting them a quote is usually where the job goes to a competitor.

We built a system that cuts that response time down and automates the follow-up so no lead goes cold.

I can get you set up in about a week. Let me know and I will show you exactly how it works.


We offer a 7-day free trial. No cost, no contract. You see it running before committing to anything.
Gray Horizons Enterprise

To opt out of future emails, reply with REMOVE.
https://calendly.com/grayhorizonsenterprise/30min","sent","contractor",""
"ABO | Orthodontist LocatorABO | American Board of Orthodonti","","info@americanboardortho.com","https://www.americanboardortho.com/patients/orthodontist-locator/","Something we built for practices","Hi,

Quick question for you - when a new patient submits a form on your website at 8pm on a Tuesday, what happens to that inquiry?

If it sits until the next morning, research shows 78% of those patients have already booked somewhere else by the time you call back.

We fix that with an automated follow-up system. Three practices we've set this up for saw immediate increases in new patient bookings in the first 30 days.

Worth 20 minutes to see the setup? https://calendly.com/grayhorizonsenterprise/30min.


We offer a 7-day free trial. No cost, no contract. You see it running before committing to anything.
Gray Horizons Enterprise

To opt out of future emails, reply with REMOVE.","skipped","dental",""
"Professional Service","","Estimate@Americore-llc.com","https://www.americore-llc.com/","How do you handle this?","Hey,

When you send out an estimate and don't hear back, what does your follow-up process look like? Is there a system tracking each open bid or does it depend on whoever sent it remembering to follow up?

That's usually where jobs go cold.


We offer a 7-day free trial. No cost, no contract. You see it running before committing to anything.
Gray Horizons Enterprise

To opt out of future emails, reply with REMOVE.
https://calendly.com/grayhorizonsenterprise/30min","sent","contractor",""
"Duggan","","pduggan@cdugganinteriors.com","https://cdugganinteriors.com/project/","Quick question","Hi,

The window between sending an estimate and hearing back is where most contracting jobs go cold - the customer gets another quote and signs with whoever follows up first.

We built a system that handles automatic follow-up so you stop losing jobs to faster competitors.

I can walk you through it this week.


We offer a 7-day free trial. No cost, no contract. You see it running before committing to anything.
Gray Horizons Enterprise

To opt out of future emails, reply with REMOVE.
https://calendly.com/grayhorizonsenterprise/30min","sent","contractor",""
"TNT Construction","","stinturin@roadrunner.com","https://tntconstructionusa.com/","Quick question","Hey,

When you send out an estimate and don't hear back, what does your follow-up process look like? Is there a system tracking each open bid or does it depend on whoever sent it remembering to follow up?

That's usually where jobs go cold.


We offer a 7-day free trial. No cost, no contract. You see it running before committing to anything.
Gray Horizons Enterprise

To opt out of future emails, reply with REMOVE.
https://calendly.com/grayhorizonsenterprise/30min","sent","contractor",""
"Zorcon Contracting","","carlos@zorconcontracting.com","https://zorconcontracting.com/","Something we built for contractors","Hey,

Most contractors we work with were losing jobs not because of the work but because estimate follow-up was not happening consistently.

We built a system that tracks every open bid and follows up automatically until you get a response.

I can show you exactly how it works and get it running for your team this week.


We offer a 7-day free trial. No cost, no contract. You see it running before committing to anything.
Gray Horizons Enterprise

To opt out of future emails, reply with REMOVE.
https://calendly.com/grayhorizonsenterprise/30min","sent","contractor",""
"Torres Homes LLC","","sam@TorresHomesLLC.com","https://www.torreshomesllc.com/","Something we built for contractors","Hi,

The window between sending an estimate and hearing back is where most contracting jobs go cold - the customer gets another quote and signs with whoever follows up first.

We built a system that handles automatic follow-up so you stop losing jobs to faster competitors.

I can walk you through it this week.


We offer a 7-day free trial. No cost, no contract. You see it running before committing to anything.
Gray Horizons Enterprise

To opt out of future emails, reply with REMOVE.
https://calendly.com/grayhorizonsenterprise/30min","sent","contractor",""
"Painting Contractor MA | Painting Company MA","","mpmpainter@mac.com","https://mpmpainter.com/","Question for you","Hi,

After-hours leads from homeowners - when they come in through your website or Google listing at night, what happens to them? Does something catch it automatically or does it sit until morning?

Just asking because that's usually where the fastest-responding contractor wins the job.


We offer a 7-day free trial. No cost, no contract. You see it running before committing to anything.
Gray Horizons Enterprise

To opt out of future emails, reply with REMOVE.
https://calendly.com/grayhorizonsenterprise/30min","sent","contractor",""
"Commerce Construction Co., L.P.","","majestic@majesticrealty.com","https://commercelp.com/projects/majestic-bethlehem-center-building-3/","Something we built for contractors","Hi,

The gap between a lead reaching out and your team getting them a quote is usually where the job goes to a competitor.

We built a system that cuts that response time down and automates the follow-up so no lead goes cold.

I can get you set up in about a week. Let me know and I will show you exactly how it works.


We offer a 7-day free trial. No cost, no contract. You see it running before committing to anything.
Gray Horizons Enterprise

To opt out of future emails, reply with REMOVE.
https://calendly.com/grayhorizonsenterprise/30min","sent","contractor",""
"Americom","","tammy@theamericom.com","https://www.theamericom.com/","Question for you","Hi,

The gap between a lead reaching out and your team getting them a quote is usually where the job goes to a competitor.

We built a system that cuts that response time down and automates the follow-up so no lead goes cold.

I can get you set up in about a week. Let me know and I will show you exactly how it works.


We offer a 7-day free trial. No cost, no contract. You see it running before committing to anything.
Gray Horizons Enterprise

To opt out of future emails, reply with REMOVE.
https://calendly.com/grayhorizonsenterprise/30min","sent","contractor",""
"Looking For a Custom Home Builder in Okeechobee? Here Are 10 Things You Should Know","","guyton@guytonindustries.com","https://guytonindustries.com/looking-for-a-custom-home-builder-in-okeechobee-here-are-10-things-you-should-know","How do you handle this?","Hi,

When a homeowner submits a project request through your website or Google listing after hours it almost always sits until the next day.

By then they have already called two more contractors.

We built a system that responds immediately and keeps them engaged until your team is available.

I can show you how it works this week.


We offer a 7-day free trial. No cost, no contract. You see it running before committing to anything.
Gray Horizons Enterprise

To opt out of future emails, reply with REMOVE.
https://calendly.com/grayhorizonsenterprise/30min","sent","contractor",""
"Top Home Builders","","services@tophomebuildersinc.com","https://tophomebuildersinc.com/contact/","Question for you","Hi,

When a homeowner submits a project request through your website or Google listing after hours it almost always sits until the next day.

By then they have already called two more contractors.

We built a system that responds immediately and keeps them engaged until your team is available.

I can show you how it works this week.


We offer a 7-day free trial. No cost, no contract. You see it running before committing to anything.
Gray Horizons Enterprise

To opt out of future emails, reply with REMOVE.
https://calendly.com/grayhorizonsenterprise/30min","sent","contractor",""
"Don't Move - Improve!","","tone@tonedhomes.com","https://tonedhomes.com/","How do you handle this?","Hi,

The window between sending an estimate and hearing back is where most contracting jobs go cold - the customer gets another quote and signs with whoever follows up first.

We built a system that handles automatic follow-up so you stop losing jobs to faster competitors.

I can walk you through it this week.


We offer a 7-day free trial. No cost, no contract. You see it running before committing to anything.
Gray Horizons Enterprise

To opt out of future emails, reply with REMOVE.
https://calendly.com/grayhorizonsenterprise/30min","sent","contractor",""
"YNP Home Solutions","","Brooks@ynphomesolutions.com","https://www.ynphomesolutions.com/blog/selling-my-house-fast-in-martinsburg/","Something we built for contractors","Hey,

Most contractors we work with were losing jobs not because of the work but because estimate follow-up was not happening consistently.

We built a system that tracks every open bid and follows up automatically until you get a response.

I can show you exactly how it works and get it running for your team this week.


We offer a 7-day free trial. No cost, no contract. You see it running before committing to anything.
Gray Horizons Enterprise

To opt out of future emails, reply with REMOVE.
https://calendly.com/grayhorizonsenterprise/30min","sent","contractor",""
"Artane Construction","","rachel@artaneconstruction.com","https://www.artaneconstruction.com/","How do you handle this?","Hi,

The window between sending an estimate and hearing back is where most contracting jobs go cold - the customer gets another quote and signs with whoever follows up first.

We built a system that handles automatic follow-up so you stop losing jobs to faster competitors.

I can walk you through it this week.


We offer a 7-day free trial. No cost, no contract. You see it running before committing to anything.
Gray Horizons Enterprise

To opt out of future emails, reply with REMOVE.
https://calendly.com/grayhorizonsenterprise/30min","sent","contractor",""
"Home","","ventas@climasinvertermonterrey.com","https://climasinvertermonterrey.com/home-roofer/","Quick question","Hey,

Direct question: when a homeowner calls about a leak or damage and you can't get to them for three days, how do you keep them from calling someone else in the meantime?

That's usually the biggest gap I hear about. Happy to share what we've built if it's useful.


We offer a 7-day free trial. No cost, no contract. You see it running before committing to anything.
Gray Horizons Enterprise

To opt out of future emails, reply with REMOVE.
https://calendly.com/grayhorizonsenterprise/30min","sent","roofing",""
"RoofContr","","kernt@bnpmedia.com","https://www.roofingcontractor.com/articles/102226-tecta-america-expands-into-wyoming-with-acquisition-of-big-horn-roofing","How do you handle this?","Hey,

Quick one: after a storm comes through your area, how does your team handle the wave of calls that come in? Is there a system to track each one or does it get a little chaotic?

We've been helping roofing companies manage exactly that.


We offer a 7-day free trial. No cost, no contract. You see it running before committing to anything.
Gray Horizons Enterprise

To opt out of future emails, reply with REMOVE.
https://calendly.com/grayhorizonsenterprise/30min","sent","roofing",""
"Top 10 modular kitchen designs for tropical living in Davao","","loren@nimbus.ph","https://nimbus.ph/home/davao_modular/top-modular-kitchen-designs-tropical-living-davao-44","Question for you","Hi,

After-hours leads from homeowners - when they come in through your website or Google listing at night, what happens to them? Does something catch it automatically or does it sit until morning?

Just asking because that's usually where the fastest-responding contractor wins the job.


We offer a 7-day free trial. No cost, no contract. You see it running before committing to anything.
Gray Horizons Enterprise

To opt out of future emails, reply with REMOVE.
https://calendly.com/grayhorizonsenterprise/30min","sent","contractor",""
"Irrigation: Meaning, Types, Methods and Importance","","feedback@geeksforgeeks.org","https://www.geeksforgeeks.org/biology/irrigation/","Quick question","Hey,

The first company to respond to an estimate request in landscaping almost always wins the job - most homeowners book whoever gets back to them first.

We built a system that captures new inquiries and responds automatically so you are always first.

I can show you exactly how it works this week.


We offer a 7-day free trial. No cost, no contract. You see it running before committing to anything.
Gray Horizons Enterprise

To opt out of future emails, reply with REMOVE.
https://calendly.com/grayhorizonsenterprise/30min","sent","landscaping",""
"Top HVAC & Plumbing Company in Portland, OR | Central Air He","","dev@advantage-services.com","https://www.centralairpdx.com/","How do you handle this?","Hi,

The average HVAC company loses $45,000-$120,000 per year to missed and unreturned calls. Most owners don't realize it because there's no system tracking what's being lost.

We fix that. I can show you exactly what it looks like for a shop your size in 20 minutes.

https://calendly.com/grayhorizonsenterprise/30min


We offer a 7-day free trial. No cost, no contract. You see it running before committing to anything.
Gray Horizons Enterprise

To opt out of future emails, reply with REMOVE.","sent","hvac",""
"Landmark Limited","","corporate@landmarklimited.net","https://www.landmarklimited.net/","How do you handle this?","
We offer a 7-day free trial. No cost, no contract. You see it running before committing to anything.
Gray Horizons Enterprise here.

Most HOA teams we've worked with were losing track of violations between the initial report and final resolution.

We fixed that with a simple system that handles tracking and follow-ups automatically.

If this is even slightly an issue on your side, I can show you exactly how we set it up this week.

Gray Horizons Enterprise

To opt out of future emails, reply with REMOVE.
https://calendly.com/grayhorizonsenterprise/30min","sent","hoa",""
"Mechanical Contractors Inc.","","mcicharlotte@mcihvac.com","https://www.mcihvac.com/","Something we built","Hey,

HVAC companies with a full schedule typically miss 15-20 calls a week during peak season. At an average job value of $450, that's $6,750-$9,000 walking out the door every week.

We set up an automated follow-up system for HVAC shops that catches every missed inquiry and follows up immediately - so the customer hears from you before they book someone else.

Three shops we've set this up for recovered 6-10 jobs in the first month they'd have otherwise lost.

Worth a 20-minute call to see if it fits? https://calendly.com/grayhorizonsenterprise/30min.


We offer a 7-day free trial. No cost, no contract. You see it running before committing to anything.
Gray Horizons Enterprise

To opt out of future emails, reply with REMOVE.","sent","hvac",""
"https://www.wbtv.com","","publicfile@wbtv.com","https://www.wbtv.com/2025/07/18/my-babys-not-breathing-inside-north-carolina-childs-death-an-oral-surgery-center/","How do you handle this?","Hey,

The average dental practice loses 8-12 new patients every month to slow follow-up. A patient submits a form or calls after hours, nobody responds until the next morning, and by then they've booked somewhere else.

At $1,200 average lifetime value per new patient, that's $9,600-$14,400 a month slipping through.

We built a follow-up system that responds to every new patient inquiry immediately - even at 11pm - and keeps them engaged until they're booked. Happy to show you how it works in 20 minutes.

https://calendly.com/grayhorizonsenterprise/30min


We offer a 7-day free trial. No cost, no contract. You see it running before committing to anything.
Gray Horizons Enterprise

To opt out of future emails, reply with REMOVE.","sent","dental",""
"ez Home Search","","preston@ezhomesearch.com","https://www.ezhomesearch.com/blog/tennessee-vs-north-carolina-living/","How do you handle this?","Hi,

Quick question for you - when a new patient submits a form on your website at 8pm on a Tuesday, what happens to that inquiry?

If it sits until the next morning, research shows 78% of those patients have already booked somewhere else by the time you call back.

We fix that with an automated follow-up system. Three practices we've set this up for saw immediate increases in new patient bookings in the first 30 days.

Worth 20 minutes to see the setup? https://calendly.com/grayhorizonsenterprise/30min.


We offer a 7-day free trial. No cost, no contract. You see it running before committing to anything.
Gray Horizons Enterprise

To opt out of future emails, reply with REMOVE.","sent","dental",""
"Bayco Contracting FL","","bryan@baycoflco.com","https://baycocontractingfl.com/","Quick question","Hi,

After-hours leads from homeowners - when they come in through your website or Google listing at night, what happens to them? Does something catch it automatically or does it sit until morning?

Just asking because that's usually where the fastest-responding contractor wins the job.


We offer a 7-day free trial. No cost, no contract. You see it running before committing to anything.
Gray Horizons Enterprise

To opt out of future emails, reply with REMOVE.
https://calendly.com/grayhorizonsenterprise/30min","sent","contractor",""
"Flat Roof Extension with Balcony in South West London","","projects@denhamcrescent.co.uk","https://www.denhamcrescent.co.uk/blog/designing-a-flat-roof-extension-with-balcony-in-south-west-london","How do you handle this?","Hi,

After-hours leads from homeowners - when they come in through your website or Google listing at night, what happens to them? Does something catch it automatically or does it sit until morning?

Just asking because that's usually where the fastest-responding contractor wins the job.


We offer a 7-day free trial. No cost, no contract. You see it running before committing to anything.
Gray Horizons Enterprise

To opt out of future emails, reply with REMOVE.
https://calendly.com/grayhorizonsenterprise/30min","sent","contractor",""
"Connecticut State Medical Society","","membership@csms.org","https://www.csms.org/2017/3/21/csms-joins-ama-in-letter-to-new-cms-administrator/","Process question","
We offer a 7-day free trial. No cost, no contract. You see it running before committing to anything.
Gray Horizons Enterprise here.

Straight to it - we help HOA management teams stop losing violations in the handoff between report, tracking, and resolution.

Most teams we work with had it happening constantly and didn't realize how much time it was costing.

I can show you exactly how we fixed it this week if you want to see it.

Gray Horizons Enterprise

To opt out of future emails, reply with REMOVE.
https://calendly.com/grayhorizonsenterprise/30min","sent","hoa",""
"Berwyn Dental Connection","","drlares@berwyndentalconnection.com","https://berwyndentalconnection.com/contact/","Question for you","Hey,

The average dental practice loses 8-12 new patients every month to slow follow-up. A patient submits a form or calls after hours, nobody responds until the next morning, and by then they've booked somewhere else.

At $1,200 average lifetime value per new patient, that's $9,600-$14,400 a month slipping through.

We built a follow-up system that responds to every new patient inquiry immediately - even at 11pm - and keeps them engaged until they're booked. Happy to show you how it works in 20 minutes.

https://calendly.com/grayhorizonsenterprise/30min


We offer a 7-day free trial. No cost, no contract. You see it running before committing to anything.
Gray Horizons Enterprise

To opt out of future emails, reply with REMOVE.","sent","dental",""
"PositiveSpin 360","","richard@positivespin360.com","https://positivespin360.com/3d-virtual-tour-gallery/","How do you handle this?","Hey,

The average dental practice loses 8-12 new patients every month to slow follow-up. A patient submits a form or calls after hours, nobody responds until the next morning, and by then they've booked somewhere else.

At $1,200 average lifetime value per new patient, that's $9,600-$14,400 a month slipping through.

We built a follow-up system that responds to every new patient inquiry immediately - even at 11pm - and keeps them engaged until they're booked. Happy to show you how it works in 20 minutes.

https://calendly.com/grayhorizonsenterprise/30min


We offer a 7-day free trial. No cost, no contract. You see it running before committing to anything.
Gray Horizons Enterprise

To opt out of future emails, reply with REMOVE.","sent","dental",""
"Crowley Fleck","","alewis@crowleyfleck.com","https://crowleyfleck.com/biography/anne-m-lewis/","Something we built for practices","Hey,

The average dental practice loses 8-12 new patients every month to slow follow-up. A patient submits a form or calls after hours, nobody responds until the next morning, and by then they've booked somewhere else.

At $1,200 average lifetime value per new patient, that's $9,600-$14,400 a month slipping through.

We built a follow-up system that responds to every new patient inquiry immediately - even at 11pm - and keeps them engaged until they're booked. Happy to show you how it works in 20 minutes.

https://calendly.com/grayhorizonsenterprise/30min


We offer a 7-day free trial. No cost, no contract. You see it running before committing to anything.
Gray Horizons Enterprise

To opt out of future emails, reply with REMOVE.","sent","dental",""
"Jackson Walker","","mbeckmann@jw.com","https://www.jw.com/people/mica-yinger/","Process question","Hey,

Quick question - when a violation gets reported, what does your process look like from that initial report to final resolution? Is there a system tracking each step or is it mostly email threads?

That gap is where most HOA teams run into problems.


We offer a 7-day free trial. No cost, no contract. You see it running before committing to anything.
Gray Horizons Enterprise

To opt out of future emails, reply with REMOVE.
https://calendly.com/grayhorizonsenterprise/30min","sent","hoa",""
"Plumbing, HVAC & Bathroom Remodels in Central Arkansas | Sanders Plumbing HVAC","","dispatch@sandersplumbinghvac.com","https://mooreheatair.com/","Quick question","Hey,

Most HVAC owners I talk to say the same thing - the jobs they lose aren't from bad work, they're from slow follow-up. Estimate sent, no response, job goes to whoever follows up first.

We built an automated system that follows up on every open estimate and every missed inquiry without anyone on your team having to do it manually.

If that sounds like something worth looking at, grab a time here: https://calendly.com/grayhorizonsenterprise/30min.


We offer a 7-day free trial. No cost, no contract. You see it running before committing to anything.
Gray Horizons Enterprise

To opt out of future emails, reply with REMOVE.","sent","hvac",""
"Direct Air Conditioning","","leads@directAC123.com","https://www.directac123.com/contact-us/","Quick question","Hey,

Most HVAC owners I talk to say the same thing - the jobs they lose aren't from bad work, they're from slow follow-up. Estimate sent, no response, job goes to whoever follows up first.

We built an automated system that follows up on every open estimate and every missed inquiry without anyone on your team having to do it manually.

If that sounds like something worth looking at, grab a time here: https://calendly.com/grayhorizonsenterprise/30min.


We offer a 7-day free trial. No cost, no contract. You see it running before committing to anything.
Gray Horizons Enterprise

To opt out of future emails, reply with REMOVE.","sent","hvac",""
"Irvine Dentist Accepting New Patients","","www.info@goodarzidds.com","https://drjoycefang.com/new-patients","Something we built for practices","Hey,

The average dental practice loses 8-12 new patients every month to slow follow-up. A patient submits a form or calls after hours, nobody responds until the next morning, and by then they've booked somewhere else.

At $1,200 average lifetime value per new patient, that's $9,600-$14,400 a month slipping through.

We built a follow-up system that responds to every new patient inquiry immediately - even at 11pm - and keeps them engaged until they're booked. Happy to show you how it works in 20 minutes.

https://calendly.com/grayhorizonsenterprise/30min


We offer a 7-day free trial. No cost, no contract. You see it running before committing to anything.
Gray Horizons Enterprise

To opt out of future emails, reply with REMOVE.","sent","dental",""
"Western Dental","","dentalrecords@westerndental.com","https://www.westerndental.com/en-us/","Quick question","Hey,

The average dental practice loses 8-12 new patients every month to slow follow-up. A patient submits a form or calls after hours, nobody responds until the next morning, and by then they've booked somewhere else.

At $1,200 average lifetime value per new patient, that's $9,600-$14,400 a month slipping through.

We built a follow-up system that responds to every new patient inquiry immediately - even at 11pm - and keeps them engaged until they're booked. Happy to show you how it works in 20 minutes.

https://calendly.com/grayhorizonsenterprise/30min


We offer a 7-day free trial. No cost, no contract. You see it running before committing to anything.
Gray Horizons Enterprise

To opt out of future emails, reply with REMOVE.","sent","dental",""
"DeVinney Plumbing :: Home","","don@devinneyplumbing.com","https://devinneyplumbing.com/","How do you handle missed calls?","Hey,

The biggest revenue leak for most plumbing companies is missed calls - the customer calls once, nobody answers, and they book someone else before you call back.

We built a system that captures every missed call and gets it back into your pipeline automatically.

I can show you exactly how it works this week.


We offer a 7-day free trial. No cost, no contract. You see it running before committing to anything.
Gray Horizons Enterprise

To opt out of future emails, reply with REMOVE.
https://calendly.com/grayhorizonsenterprise/30min","sent","plumbing",""
"Pediatrics & Pediatric Specialties - SAC Health","","msilva@sachealth.org","https://www.sachealth.org/services/pediatrics","Quick question","Hi,

Patient no-shows cost the average dental practice $50,000-$150,000 per year in lost chair time. Most practices send one reminder. We send an automated sequence that cuts no-show rates by 40-60%.

Happy to walk you through exactly how it works: https://calendly.com/grayhorizonsenterprise/30min.


We offer a 7-day free trial. No cost, no contract. You see it running before committing to anything.
Gray Horizons Enterprise

To opt out of future emails, reply with REMOVE.","sent","dental",""
"The Best Online Music Streaming Services for 2026 - PCMag","","gabriel.zamora@ziffmedia.com","https://www.pcmag.com/picks/the-best-online-music-streaming-services","Quick question","Hey,

When a board member asks for a status update on an open violation, how long does it take your team to pull that together?

We've been working on cutting that time down. Happy to show you what we built if it's relevant.


We offer a 7-day free trial. No cost, no contract. You see it running before committing to anything.
Gray Horizons Enterprise

To opt out of future emails, reply with REMOVE.
https://calendly.com/grayhorizonsenterprise/30min","sent","hoa",""
"The Best Online Music Streaming Services for 2026 - PCMag","","jamie_lendino@pcmag.com","https://www.pcmag.com/picks/the-best-online-music-streaming-services","How do you handle this?","
We offer a 7-day free trial. No cost, no contract. You see it running before committing to anything.
Gray Horizons Enterprise here.

Most HOA teams we've worked with were losing track of violations between the initial report and final resolution.

We fixed that with a simple system that handles tracking and follow-ups automatically.

If this is even slightly an issue on your side, I can show you exactly how we set it up this week.

Gray Horizons Enterprise

To opt out of future emails, reply with REMOVE.
https://calendly.com/grayhorizonsenterprise/30min","sent","hoa",""
"The Best Online Music Streaming Services for 2026 - PCMag","","jeff_wilson@pcmag.com","https://www.pcmag.com/picks/the-best-online-music-streaming-services","Quick question","Hey,

Quick question - when a violation gets reported, what does your process look like from that initial report to final resolution? Is there a system tracking each step or is it mostly email threads?

That gap is where most HOA teams run into problems.


We offer a 7-day free trial. No cost, no contract. You see it running before committing to anything.
Gray Horizons Enterprise

To opt out of future emails, reply with REMOVE.
https://calendly.com/grayhorizonsenterprise/30min","sent","hoa",""
"Schema","","public-schemaorg@w3.org","https://www.schema.org","Process question","
We offer a 7-day free trial. No cost, no contract. You see it running before committing to anything.
Gray Horizons Enterprise here.

Most HOA teams we've worked with were losing track of violations between the initial report and final resolution.

We fixed that with a simple system that handles tracking and follow-ups automatically.

If this is even slightly an issue on your side, I can show you exactly how we set it up this week.

Gray Horizons Enterprise

To opt out of future emails, reply with REMOVE.
https://calendly.com/grayhorizonsenterprise/30min","sent","hoa",""
"Seabridge Village HOA","","fhudson@actionlife.com","https://seabridgevillagehoa.com/","Something we built for HOA teams","
We offer a 7-day free trial. No cost, no contract. You see it running before committing to anything.
Gray Horizons Enterprise here.

Most HOA teams we've worked with were losing track of violations between the initial report and final resolution.

We fixed that with a simple system that handles tracking and follow-ups automatically.

If this is even slightly an issue on your side, I can show you exactly how we set it up this week.

Gray Horizons Enterprise

To opt out of future emails, reply with REMOVE.
https://calendly.com/grayhorizonsenterprise/30min","sent","hoa",""
"Seabridge Village HOA","","managerassistantsoc@actionlife.com","https://seabridgevillagehoa.com/","Quick question","Hey,

Quick question - when a violation gets reported, what does your process look like from that initial report to final resolution? Is there a system tracking each step or is it mostly email threads?

That gap is where most HOA teams run into problems.


We offer a 7-day free trial. No cost, no contract. You see it running before committing to anything.
Gray Horizons Enterprise

To opt out of future emails, reply with REMOVE.
https://calendly.com/grayhorizonsenterprise/30min","sent","hoa",""
"HVAC Installation in Santa Clara & the Bay Area","","hvac@evsmechanicalcorp.com","https://www.evsmechanicalcorp.com/","Something we built","Hey,

Most HVAC owners I talk to say the same thing - the jobs they lose aren't from bad work, they're from slow follow-up. Estimate sent, no response, job goes to whoever follows up first.

We built an automated system that follows up on every open estimate and every missed inquiry without anyone on your team having to do it manually.

If that sounds like something worth looking at, grab a time here: https://calendly.com/grayhorizonsenterprise/30min.


We offer a 7-day free trial. No cost, no contract. You see it running before committing to anything.
Gray Horizons Enterprise

To opt out of future emails, reply with REMOVE.","sent","hvac",""
"Family Dental Center | Cosmetic Dentistry | Great Falls, MT","","fdc@familydentalctr.com","https://www.familydentalctr.com/","How do you handle this?","Hey,

Most practices have 200-400 patients who called or filled out a form, never booked, and were never followed up with again. That's $240,000-$480,000 in lost lifetime value sitting in a spreadsheet or voicemail box.

We built a reactivation system that reaches back out to those patients automatically and gets them back on the schedule.

I can show you what this looks like for your practice in 20 minutes: https://calendly.com/grayhorizonsenterprise/30min.


We offer a 7-day free trial. No cost, no contract. You see it running before committing to anything.
Gray Horizons Enterprise

To opt out of future emails, reply with REMOVE.","sent","dental",""
"Commercial Plumbing | Perris, CA | GL Plumbing","","cody@glplumbingandmechanicalco.com","https://www.glplumbingandmechanicalco.com/","Quick question","Hey,

Most plumbing companies we work with had no system for job tracking across crews - status updates required calling the tech directly every time.

We fixed that with a system that keeps every job visible from dispatch to close-out without anyone having to chase it down.

I can get you set up in about a week.


We offer a 7-day free trial. No cost, no contract. You see it running before committing to anything.
Gray Horizons Enterprise

To opt out of future emails, reply with REMOVE.
https://calendly.com/grayhorizonsenterprise/30min","sent","plumbing",""
"Houses for Rent in Redmond, WA - Redfin","","ramanjot@dulayhomes.com","https://www.redfin.com/city/14913/WA/Redmond/houses-for-rent?msockid=3fb487bc87f96512122490d686e6649e","Quick question","Hi,

Quick question - when your line is busy or it's after hours and a customer calls about a broken AC or furnace, what happens to that call?

If it goes to voicemail, research shows 80% of those customers book the next company that answers before you call back.

We built a follow-up system that responds to those inquiries automatically and keeps them engaged until your team can get them on the schedule. Happy to show you how it works in 20 minutes.

https://calendly.com/grayhorizonsenterprise/30min


We offer a 7-day free trial. No cost, no contract. You see it running before committing to anything.
Gray Horizons Enterprise

To opt out of future emails, reply with REMOVE.","sent","hvac",""
"Houses for Rent in Redmond, WA - Redfin","","eric@pavoneproperties.com","https://www.redfin.com/city/14913/WA/Redmond/houses-for-rent?msockid=3fb487bc87f96512122490d686e6649e","Question for you","Hey,

Most HVAC owners I talk to say the same thing - the jobs they lose aren't from bad work, they're from slow follow-up. Estimate sent, no response, job goes to whoever follows up first.

We built an automated system that follows up on every open estimate and every missed inquiry without anyone on your team having to do it manually.

If that sounds like something worth looking at, grab a time here: https://calendly.com/grayhorizonsenterprise/30min.


We offer a 7-day free trial. No cost, no contract. You see it running before committing to anything.
Gray Horizons Enterprise

To opt out of future emails, reply with REMOVE.","sent","hvac",""
"Houses for Rent in Redmond, WA - Redfin","","duke@dukeyoung.com","https://www.redfin.com/city/14913/WA/Redmond/houses-for-rent?msockid=3fb487bc87f96512122490d686e6649e","Something we built","Hi,

The average HVAC company loses $45,000-$120,000 per year to missed and unreturned calls. Most owners don't realize it because there's no system tracking what's being lost.

We fix that. I can show you exactly what it looks like for a shop your size in 20 minutes.

https://calendly.com/grayhorizonsenterprise/30min


We offer a 7-day free trial. No cost, no contract. You see it running before committing to anything.
Gray Horizons Enterprise

To opt out of future emails, reply with REMOVE.","sent","hvac",""
"Contact General Contractors of Irving | General Contractors","","projects@generalcontractorsirving.com","https://generalcontractorsirving.com/contact","Something we built for contractors","Hi,

The gap between a lead reaching out and your team getting them a quote is usually where the job goes to a competitor.

We built a system that cuts that response time down and automates the follow-up so no lead goes cold.

I can get you set up in about a week. Let me know and I will show you exactly how it works.


We offer a 7-day free trial. No cost, no contract. You see it running before committing to anything.
Gray Horizons Enterprise

To opt out of future emails, reply with REMOVE.
https://calendly.com/grayhorizonsenterprise/30min","sent","contractor",""
"Mdi Inc General Contractors | (972) 254-1003 | Irving, Texas","","frank@mdigc.com","https://www.allbiz.com/business/mdi-inc-general-contractors-972-254-1003","Something we built for contractors","Hey,

After-hours inquiries from homeowners are some of the highest-intent leads a contractor gets - and most of them go unanswered until the next day.

We built a system that captures and responds to those leads automatically so you are always first to respond.

I can show you how we set it up this week.


We offer a 7-day free trial. No cost, no contract. You see it running before committing to anything.
Gray Horizons Enterprise

To opt out of future emails, reply with REMOVE.
https://calendly.com/grayhorizonsenterprise/30min","sent","contractor",""
"Contact Us - mart-inc","","bids@martgc.com","https://www.martgc.com/contactus","Question for you","Hey,

After-hours inquiries from homeowners are some of the highest-intent leads a contractor gets - and most of them go unanswered until the next day.

We built a system that captures and responds to those leads automatically so you are always first to respond.

I can show you how we set it up this week.


We offer a 7-day free trial. No cost, no contract. You see it running before committing to anything.
Gray Horizons Enterprise

To opt out of future emails, reply with REMOVE.
https://calendly.com/grayhorizonsenterprise/30min","sent","contractor",""
"How to Check Admin Rights on Windows 10: A Step-by-Step Gui…","","socials@supportyourtech.com","https://www.supportyourtech.com/articles/how-to-check-admin-rights-on-windows-10-a-step-by-step-guide/","Question for you","Hi,

The average HVAC company loses $45,000-$120,000 per year to missed and unreturned calls. Most owners don't realize it because there's no system tracking what's being lost.

We fix that. I can show you exactly what it looks like for a shop your size in 20 minutes.

https://calendly.com/grayhorizonsenterprise/30min


We offer a 7-day free trial. No cost, no contract. You see it running before committing to anything.
Gray Horizons Enterprise

To opt out of future emails, reply with REMOVE.","sent","hvac",""
"Yahoo Mail: Your Email & Inbox - App Store","","mail.ios.feedback@yahooinc.com","https://apps.apple.com/us/app/yahoo-mail-your-email-inbox/id577586159","Question for you","Hey,

HVAC companies with a full schedule typically miss 15-20 calls a week during peak season. At an average job value of $450, that's $6,750-$9,000 walking out the door every week.

We set up an automated follow-up system for HVAC shops that catches every missed inquiry and follows up immediately - so the customer hears from you before they book someone else.

Three shops we've set this up for recovered 6-10 jobs in the first month they'd have otherwise lost.

Worth a 20-minute call to see if it fits? https://calendly.com/grayhorizonsenterprise/30min.


We offer a 7-day free trial. No cost, no contract. You see it running before committing to anything.
Gray Horizons Enterprise

To opt out of future emails, reply with REMOVE.","sent","hvac",""
"Gutter Services in Lemoore, CA | Owner-Guaranteed Work","","john@kerncountygutters.com","https://www.kerncountygutters.com/locations/lemoore","Something we built for roofers","Hey,

Quick one: after a storm comes through your area, how does your team handle the wave of calls that come in? Is there a system to track each one or does it get a little chaotic?

We've been helping roofing companies manage exactly that.


We offer a 7-day free trial. No cost, no contract. You see it running before committing to anything.
Gray Horizons Enterprise

To opt out of future emails, reply with REMOVE.
https://calendly.com/grayhorizonsenterprise/30min","sent","roofing",""
"Solitaire – Play Online for Free, Full Screen – TheSolitaire","","kraisoft@kraisoft.com","https://thesolitaire.com/","How do you handle this?","Hi,

The average HVAC company loses $45,000-$120,000 per year to missed and unreturned calls. Most owners don't realize it because there's no system tracking what's being lost.

We fix that. I can show you exactly what it looks like for a shop your size in 20 minutes.

https://calendly.com/grayhorizonsenterprise/30min


We offer a 7-day free trial. No cost, no contract. You see it running before committing to anything.
Gray Horizons Enterprise

To opt out of future emails, reply with REMOVE.","sent","hvac",""
"World of Solitaire","","robert@telparia.com","https://worldofsolitaire.com/","Quick question","Hi,

Quick question - when your line is busy or it's after hours and a customer calls about a broken AC or furnace, what happens to that call?

If it goes to voicemail, research shows 80% of those customers book the next company that answers before you call back.

We built a follow-up system that responds to those inquiries automatically and keeps them engaged until your team can get them on the schedule. Happy to show you how it works in 20 minutes.

https://calendly.com/grayhorizonsenterprise/30min


We offer a 7-day free trial. No cost, no contract. You see it running before committing to anything.
Gray Horizons Enterprise

To opt out of future emails, reply with REMOVE.","sent","hvac",""
"HVAC Experts | Redwood City, CA | Comfort Zone Heat and Air","","r.johnston@comfortzoneheatandair.com","https://www.comfortzoneheatandair.com/","Question for you","Hi,

The average HVAC company loses $45,000-$120,000 per year to missed and unreturned calls. Most owners don't realize it because there's no system tracking what's being lost.

We fix that. I can show you exactly what it looks like for a shop your size in 20 minutes.

https://calendly.com/grayhorizonsenterprise/30min


We offer a 7-day free trial. No cost, no contract. You see it running before committing to anything.
Gray Horizons Enterprise

To opt out of future emails, reply with REMOVE.","sent","hvac",""
"Bay Area Plumbing, Heating, Air Conditioning, Radiant","","baph@baph.com","https://www.baph.com/","How do you handle this?","Hi,

The average HVAC company loses $45,000-$120,000 per year to missed and unreturned calls. Most owners don't realize it because there's no system tracking what's being lost.

We fix that. I can show you exactly what it looks like for a shop your size in 20 minutes.

https://calendly.com/grayhorizonsenterprise/30min


We offer a 7-day free trial. No cost, no contract. You see it running before committing to anything.
Gray Horizons Enterprise

To opt out of future emails, reply with REMOVE.","sent","hvac",""
"HVAC | Huntington Beach, CA | Shawn Lambert HVAC","","shawn@shawnlamberthvac.com","https://www.shawnlamberthvac.com/","Quick question","Hey,

Most HVAC owners I talk to say the same thing - the jobs they lose aren't from bad work, they're from slow follow-up. Estimate sent, no response, job goes to whoever follows up first.

We built an automated system that follows up on every open estimate and every missed inquiry without anyone on your team having to do it manually.

If that sounds like something worth looking at, grab a time here: https://calendly.com/grayhorizonsenterprise/30min.


We offer a 7-day free trial. No cost, no contract. You see it running before committing to anything.
Gray Horizons Enterprise

To opt out of future emails, reply with REMOVE.","sent","hvac",""
"FIFA World Cup 2026: Full France fixtures, schedule, confirm","","editor@101greatgoals.com","https://www.101greatgoals.com/football/fifa-world-cup-2026-france-fixtures-schedule-squad/","Something we built","Hi,

Quick question - when your line is busy or it's after hours and a customer calls about a broken AC or furnace, what happens to that call?

If it goes to voicemail, research shows 80% of those customers book the next company that answers before you call back.

We built a follow-up system that responds to those inquiries automatically and keeps them engaged until your team can get them on the schedule. Happy to show you how it works in 20 minutes.

https://calendly.com/grayhorizonsenterprise/30min


We offer a 7-day free trial. No cost, no contract. You see it running before committing to anything.
Gray Horizons Enterprise

To opt out of future emails, reply with REMOVE.","sent","hvac",""
"2026 France World Cup Schedule - Sports Brackets","","willlewis@sportsbrackets.net","https://sportsbrackets.net/2026/04/28/2026-france-world-cup-schedule/","How do you handle this?","Hey,

HVAC companies with a full schedule typically miss 15-20 calls a week during peak season. At an average job value of $450, that's $6,750-$9,000 walking out the door every week.

We set up an automated follow-up system for HVAC shops that catches every missed inquiry and follows up immediately - so the customer hears from you before they book someone else.

Three shops we've set this up for recovered 6-10 jobs in the first month they'd have otherwise lost.

Worth a 20-minute call to see if it fits? https://calendly.com/grayhorizonsenterprise/30min.


We offer a 7-day free trial. No cost, no contract. You see it running before committing to anything.
Gray Horizons Enterprise

To opt out of future emails, reply with REMOVE.","sent","hvac",""
"Contact | PDX Remodeling & Design | Beaverton, OR","","cris@pdxrestorations.com","https://pdxremodelingdesign.com/contact/","Something we built for contractors","Hey,

When you send out an estimate and don't hear back, what does your follow-up process look like? Is there a system tracking each open bid or does it depend on whoever sent it remembering to follow up?

That's usually where jobs go cold.


We offer a 7-day free trial. No cost, no contract. You see it running before committing to anything.
Gray Horizons Enterprise

To opt out of future emails, reply with REMOVE.
https://calendly.com/grayhorizonsenterprise/30min","sent","contractor",""
"Creative Tile & Remodel - Beaverton's Tile & Remodel Experts","","tibor@ctrpdx.com","https://ctrpdx.com/","Question for you","Hi,

The window between sending an estimate and hearing back is where most contracting jobs go cold - the customer gets another quote and signs with whoever follows up first.

We built a system that handles automatic follow-up so you stop losing jobs to faster competitors.

I can walk you through it this week.


We offer a 7-day free trial. No cost, no contract. You see it running before committing to anything.
Gray Horizons Enterprise

To opt out of future emails, reply with REMOVE.
https://calendly.com/grayhorizonsenterprise/30min","sent","contractor",""
"Los Angeles, CA Real Estate & Homes For Sale | REMAX","","neil@neilsammons.com","https://www.remax.com/homes-for-sale/ca/los-angeles/city/0644000","Quick question","
We offer a 7-day free trial. No cost, no contract. You see it running before committing to anything.
Gray Horizons Enterprise here.

Straight to it - we help HOA management teams stop losing violations in the handoff between report, tracking, and resolution.

Most teams we work with had it happening constantly and didn't realize how much time it was costing.

I can show you exactly how we fixed it this week if you want to see it.

Gray Horizons Enterprise

To opt out of future emails, reply with REMOVE.
https://calendly.com/grayhorizonsenterprise/30min","sent","hoa",""
"HVAC是什么？HVAC系统、类型和HVAC的工作原理|RS 欧时","","r.rscn@rs.rsgroup.com","https://www.rsonline.cn/web/content/discovery/ideas-and-advice/what-is-hvac","How do you handle this?","Hi,

Quick question - when your line is busy or it's after hours and a customer calls about a broken AC or furnace, what happens to that call?

If it goes to voicemail, research shows 80% of those customers book the next company that answers before you call back.

We built a follow-up system that responds to those inquiries automatically and keeps them engaged until your team can get them on the schedule. Happy to show you how it works in 20 minutes.

https://calendly.com/grayhorizonsenterprise/30min


We offer a 7-day free trial. No cost, no contract. You see it running before committing to anything.
Gray Horizons Enterprise

To opt out of future emails, reply with REMOVE.","sent","hvac",""
"Brandon Linn Orthodontics - Highlands Ranch, Colorado | abou","","smiles@blortho.com","https://about.me/blorthoc","How do you handle this?","Hey,

The average dental practice loses 8-12 new patients every month to slow follow-up. A patient submits a form or calls after hours, nobody responds until the next morning, and by then they've booked somewhere else.

At $1,200 average lifetime value per new patient, that's $9,600-$14,400 a month slipping through.

We built a follow-up system that responds to every new patient inquiry immediately - even at 11pm - and keeps them engaged until they're booked. Happy to show you how it works in 20 minutes.

https://calendly.com/grayhorizonsenterprise/30min


We offer a 7-day free trial. No cost, no contract. You see it running before committing to anything.
Gray Horizons Enterprise

To opt out of future emails, reply with REMOVE.","sent","dental",""
"Holt Orthodontics | (303) 798-0928 | Highlands Ranch, Colora","","tina@drgaryholt.com","https://www.allbiz.com/business/gary-m-holt-dds-pc-303-798-0928","Something we built for practices","Hey,

Most practices have 200-400 patients who called or filled out a form, never booked, and were never followed up with again. That's $240,000-$480,000 in lost lifetime value sitting in a spreadsheet or voicemail box.

We built a reactivation system that reaches back out to those patients automatically and gets them back on the schedule.

I can show you what this looks like for your practice in 20 minutes: https://calendly.com/grayhorizonsenterprise/30min.


We offer a 7-day free trial. No cost, no contract. You see it running before committing to anything.
Gray Horizons Enterprise

To opt out of future emails, reply with REMOVE.","sent","dental",""
"Contact Brandon Linn Orthodontics | Highlands, Castle Pines,","","blinn9@comcast.net","https://blortho.com/contact/","Question for you","Hey,

The average dental practice loses 8-12 new patients every month to slow follow-up. A patient submits a form or calls after hours, nobody responds until the next morning, and by then they've booked somewhere else.

At $1,200 average lifetime value per new patient, that's $9,600-$14,400 a month slipping through.

We built a follow-up system that responds to every new patient inquiry immediately - even at 11pm - and keeps them engaged until they're booked. Happy to show you how it works in 20 minutes.

https://calendly.com/grayhorizonsenterprise/30min


We offer a 7-day free trial. No cost, no contract. You see it running before committing to anything.
Gray Horizons Enterprise

To opt out of future emails, reply with REMOVE.","sent","dental",""
"Emergency crews respond to explosion at Weyerhaeuser plant i","","closedcaptions@kpax.com","https://www.kpax.com/news/western-montana-news/emergency-crews-respond-to-explosion-at-weyerhaeuser-plant-in-columbia-falls","Something we built for practices","Hey,

The average dental practice loses 8-12 new patients every month to slow follow-up. A patient submits a form or calls after hours, nobody responds until the next morning, and by then they've booked somewhere else.

At $1,200 average lifetime value per new patient, that's $9,600-$14,400 a month slipping through.

We built a follow-up system that responds to every new patient inquiry immediately - even at 11pm - and keeps them engaged until they're booked. Happy to show you how it works in 20 minutes.

https://calendly.com/grayhorizonsenterprise/30min


We offer a 7-day free trial. No cost, no contract. You see it running before committing to anything.
Gray Horizons Enterprise

To opt out of future emails, reply with REMOVE.","sent","dental",""
"Condos For Rent in Anaheim, CA - 68 Condos | Rent.com®","","mb@theacreage.net","https://www.rent.com/california/anaheim-condos?msockid=2789f55c2cbd6c283b9ee2372d396d91","Quick question","
We offer a 7-day free trial. No cost, no contract. You see it running before committing to anything.
Gray Horizons Enterprise here.

Violation follow-up is where most HOA teams lose time - the documentation exists but pulling it together for a board review or audit takes way longer than it should.

We fixed that for a handful of firms and now it runs on its own.

I can walk you through the setup this week and show you what it looks like in practice.

Gray Horizons Enterprise

To opt out of future emails, reply with REMOVE.
https://calendly.com/grayhorizonsenterprise/30min","sent","hoa",""
"Condos For Rent in Anaheim, CA - 68 Condos | Rent.com®","","oek@homesbuyolaf.com","https://www.rent.com/california/anaheim-condos?msockid=233f895939ad645531f49e32380365a7","Quick question","
We offer a 7-day free trial. No cost, no contract. You see it running before committing to anything.
Gray Horizons Enterprise here.

HOA teams we've worked with had the same problem - violations documented at the start, then lost somewhere between board review and resolution.

We built a system that tracks the full lifecycle automatically so nothing slips.

I can show you exactly how it works and get it running for your team this week.

Gray Horizons Enterprise

To opt out of future emails, reply with REMOVE.
https://calendly.com/grayhorizonsenterprise/30min","sent","hoa",""
"HVAC Company | Slidell, LA | AAA-1 East LLC","","aaa-1east@charter.net","https://www.aaa1airconditioning.biz/","Question for you","Hi,

The average HVAC company loses $45,000-$120,000 per year to missed and unreturned calls. Most owners don't realize it because there's no system tracking what's being lost.

We fix that. I can show you exactly what it looks like for a shop your size in 20 minutes.

https://calendly.com/grayhorizonsenterprise/30min


We offer a 7-day free trial. No cost, no contract. You see it running before committing to anything.
Gray Horizons Enterprise

To opt out of future emails, reply with REMOVE.","sent","hvac",""
"HVAC Company in Yuba City, CA - Financing Options Available","","sydni@beaverheatingandair.com","https://www.beaverheatingandair.com/","Something we built","Hey,

Most HVAC owners I talk to say the same thing - the jobs they lose aren't from bad work, they're from slow follow-up. Estimate sent, no response, job goes to whoever follows up first.

We built an automated system that follows up on every open estimate and every missed inquiry without anyone on your team having to do it manually.

If that sounds like something worth looking at, grab a time here: https://calendly.com/grayhorizonsenterprise/30min.


We offer a 7-day free trial. No cost, no contract. You see it running before committing to anything.
Gray Horizons Enterprise

To opt out of future emails, reply with REMOVE.","sent","hvac",""
"Franks AC | Trane AC Cooling and Heating in Kissimmee and St","","tiffany@franksac.com","http://www.franksac-trane.com/","How do you handle this?","Hi,

Quick question - when your line is busy or it's after hours and a customer calls about a broken AC or furnace, what happens to that call?

If it goes to voicemail, research shows 80% of those customers book the next company that answers before you call back.

We built a follow-up system that responds to those inquiries automatically and keeps them engaged until your team can get them on the schedule. Happy to show you how it works in 20 minutes.

https://calendly.com/grayhorizonsenterprise/30min


We offer a 7-day free trial. No cost, no contract. You see it running before committing to anything.
Gray Horizons Enterprise

To opt out of future emails, reply with REMOVE.","sent","hvac",""
"Bracken's Kitchen | Food Rescue Orange County","","chef@brackenskitchen.com","https://www.brackenskitchen.org/","Something we built for contractors","Hey,

Most contractors we work with were losing jobs not because of the work but because estimate follow-up was not happening consistently.

We built a system that tracks every open bid and follows up automatically until you get a response.

I can show you exactly how it works and get it running for your team this week.


We offer a 7-day free trial. No cost, no contract. You see it running before committing to anything.
Gray Horizons Enterprise

To opt out of future emails, reply with REMOVE.
https://calendly.com/grayhorizonsenterprise/30min","sent","contractor",""
"True Roof Inc: Your Friendly Local Roofing Experts in Modest","","admin2@trueroofca.com","https://trueroofca.com/","Question for you","Hey,

Quick one: after a storm comes through your area, how does your team handle the wave of calls that come in? Is there a system to track each one or does it get a little chaotic?

We've been helping roofing companies manage exactly that.


We offer a 7-day free trial. No cost, no contract. You see it running before committing to anything.
Gray Horizons Enterprise

To opt out of future emails, reply with REMOVE.
https://calendly.com/grayhorizonsenterprise/30min","sent","roofing",""
"Vista | Horizon Distributors - Irrigation & Landscape Supply","","mgrhoz720@horizononline.com","https://www.horizononline.com/landscape-supply-store/vista-ca/","Quick question","Hey,

When your schedule is full and a new lead comes in it almost always gets lost - there is no system to capture it for later.

We built a system that holds every overflow lead and follows up automatically when your schedule opens.

I can show you how we set it up this week.


We offer a 7-day free trial. No cost, no contract. You see it running before committing to anything.
Gray Horizons Enterprise

To opt out of future emails, reply with REMOVE.
https://calendly.com/grayhorizonsenterprise/30min","sent","landscaping",""
"Roofing Contractor Serving Bakersfield, CA and Kern County","","bsw@bswroofing.com","https://bswroofing.com/","How do you handle this?","Hi there,

How are you following up on estimates that went out but never got a response? In roofing those can be pretty high-value jobs to let slip.

Just curious what your current process looks like.


We offer a 7-day free trial. No cost, no contract. You see it running before committing to anything.
Gray Horizons Enterprise

To opt out of future emails, reply with REMOVE.
https://calendly.com/grayhorizonsenterprise/30min","sent","roofing",""
"Harry Potter | Official home of Harry Potter, Hogwarts Sorti","","tony.zito@warnermedia.com","https://www.harrypotter.com/","Question for you","Hey,

When you send out an estimate and don't hear back, what does your follow-up process look like? Is there a system tracking each open bid or does it depend on whoever sent it remembering to follow up?

That's usually where jobs go cold.


We offer a 7-day free trial. No cost, no contract. You see it running before committing to anything.
Gray Horizons Enterprise

To opt out of future emails, reply with REMOVE.
https://calendly.com/grayhorizonsenterprise/30min","sent","contractor",""
"Todas las películas de Harry Potter en orden: la cronología","","publicidad@webedia-group.com","https://www.vidaextra.com/guias-y-trucos/todas-peliculas-harry-potter-orden-cronologia-mundo-magico-fecha-estreno-a-traves-continuidad-oficial","Something we built for contractors","Hi,

After-hours leads from homeowners - when they come in through your website or Google listing at night, what happens to them? Does something catch it automatically or does it sit until morning?

Just asking because that's usually where the fastest-responding contractor wins the job.


We offer a 7-day free trial. No cost, no contract. You see it running before committing to anything.
Gray Horizons Enterprise

To opt out of future emails, reply with REMOVE.
https://calendly.com/grayhorizonsenterprise/30min","sent","contractor",""
"Midwest Tungsten Service - Custom Parts or Order Online","","mts@tungsten.com","https://www.tungsten.com/","How do you handle this?","Hey,

The average dental practice loses 8-12 new patients every month to slow follow-up. A patient submits a form or calls after hours, nobody responds until the next morning, and by then they've booked somewhere else.

At $1,200 average lifetime value per new patient, that's $9,600-$14,400 a month slipping through.

We built a follow-up system that responds to every new patient inquiry immediately - even at 11pm - and keeps them engaged until they're booked. Happy to show you how it works in 20 minutes.

https://calendly.com/grayhorizonsenterprise/30min


We offer a 7-day free trial. No cost, no contract. You see it running before committing to anything.
Gray Horizons Enterprise

To opt out of future emails, reply with REMOVE.","sent","dental",""
"Roofing Contractor | Stockton CA | Ron Williams' Certified R","","ron@roofcertified.com","https://www.roofcertified.com/","Question for you","Hi there,

How are you following up on estimates that went out but never got a response? In roofing those can be pretty high-value jobs to let slip.

Just curious what your current process looks like.


We offer a 7-day free trial. No cost, no contract. You see it running before committing to anything.
Gray Horizons Enterprise

To opt out of future emails, reply with REMOVE.
https://calendly.com/grayhorizonsenterprise/30min","sent","roofing",""
"San Francisco Plumber, Emergency Plumbing & Sewer Service |","","jonathan@mendatech.com","https://www.aceplumbingandrooter.com/","Something we built","Hi,

Emergency calls are where plumbing companies win or lose customers - the ones who respond fastest get the job.

We built a dispatch system that routes emergency calls to the right tech instantly and keeps the customer updated automatically.

I can walk you through it this week and show you what it looks like running.


We offer a 7-day free trial. No cost, no contract. You see it running before committing to anything.
Gray Horizons Enterprise

To opt out of future emails, reply with REMOVE.
https://calendly.com/grayhorizonsenterprise/30min","sent","plumbing",""
"Roofing Contractor in Porterville, CA | Smith’s Roofing","","clarice@shibga.com","https://roofingportervilleca.com/","Question for you","Hi there,

How are you following up on estimates that went out but never got a response? In roofing those can be pretty high-value jobs to let slip.

Just curious what your current process looks like.


We offer a 7-day free trial. No cost, no contract. You see it running before committing to anything.
Gray Horizons Enterprise

To opt out of future emails, reply with REMOVE.
https://calendly.com/grayhorizonsenterprise/30min","sent","roofing",""
"Landscaping & Fence Company - #1 Your Local Mow Man","","matt@seakormarketing.com","https://yourlocalmowman.com/","Quick question","Hey,

The first company to respond to an estimate request in landscaping almost always wins the job - most homeowners book whoever gets back to them first.

We built a system that captures new inquiries and responds automatically so you are always first.

I can show you exactly how it works this week.


We offer a 7-day free trial. No cost, no contract. You see it running before committing to anything.
Gray Horizons Enterprise

To opt out of future emails, reply with REMOVE.
https://calendly.com/grayhorizonsenterprise/30min","sent","landscaping",""
"Plumbing Home | Lake Havasu City AZ | Craig Plumbing","","s.blakey@craigplumbing.net","https://www.craigplumbing.net/","How do you handle missed calls?","Hi,

The gap between a job finishing and the customer leaving a review is where most plumbing companies lose their referral pipeline.

We built a system that handles post-job follow-up and review collection automatically.

I can show you how it works this week.


We offer a 7-day free trial. No cost, no contract. You see it running before committing to anything.
Gray Horizons Enterprise

To opt out of future emails, reply with REMOVE.
https://calendly.com/grayhorizonsenterprise/30min","sent","plumbing",""
"Arizona VIP Plumbing, Sewer & Fire Protection -","","hi@plumbingservicesnow.com","https://arizonavipplumbing.com/","Question for you","Hi,

The gap between a job finishing and the customer leaving a review is where most plumbing companies lose their referral pipeline.

We built a system that handles post-job follow-up and review collection automatically.

I can show you how it works this week.


We offer a 7-day free trial. No cost, no contract. You see it running before committing to anything.
Gray Horizons Enterprise

To opt out of future emails, reply with REMOVE.
https://calendly.com/grayhorizonsenterprise/30min","sent","plumbing",""
"plop, n., int., & adv. meanings, etymology and more | Oxford","","oed.uk@oup.com","https://www.oed.com/dictionary/plop_n","Something we built for HOA teams","
We offer a 7-day free trial. No cost, no contract. You see it running before committing to anything.
Gray Horizons Enterprise here.

Violation follow-up is where most HOA teams lose time - the documentation exists but pulling it together for a board review or audit takes way longer than it should.

We fixed that for a handful of firms and now it runs on its own.

I can walk you through the setup this week and show you what it looks like in practice.

Gray Horizons Enterprise

To opt out of future emails, reply with REMOVE.
https://calendly.com/grayhorizonsenterprise/30min","sent","hoa",""
"‎Messenger App - App Store","","feedback@zalo.me","https://apps.apple.com/us/app/messenger/id454638411","Quick question","
We offer a 7-day free trial. No cost, no contract. You see it running before committing to anything.
Gray Horizons Enterprise here.

Violation follow-up is where most HOA teams lose time - the documentation exists but pulling it together for a board review or audit takes way longer than it should.

We fixed that for a handful of firms and now it runs on its own.

I can walk you through the setup this week and show you what it looks like in practice.

Gray Horizons Enterprise

To opt out of future emails, reply with REMOVE.
https://calendly.com/grayhorizonsenterprise/30min","sent","hoa",""
"Green Valley Area 55+ Retirement Communities & Homes for Sal","","debbiewrealtor@att.net","https://www.55places.com/arizona/area/green-valley-area","Something we built for HOA teams","Hey,

Quick question - when a violation gets reported, what does your process look like from that initial report to final resolution? Is there a system tracking each step or is it mostly email threads?

That gap is where most HOA teams run into problems.


We offer a 7-day free trial. No cost, no contract. You see it running before committing to anything.
Gray Horizons Enterprise

To opt out of future emails, reply with REMOVE.
https://calendly.com/grayhorizonsenterprise/30min","sent","hoa",""
"New Homes For Sale in San Diego, CA by KB Home","","nbstudio@kbhome.com","https://www.kbhome.com/new-homes-san-diego-county","How do you handle this?","Hey,

Most contractors we work with were losing jobs not because of the work but because estimate follow-up was not happening consistently.

We built a system that tracks every open bid and follows up automatically until you get a response.

I can show you exactly how it works and get it running for your team this week.


We offer a 7-day free trial. No cost, no contract. You see it running before committing to anything.
Gray Horizons Enterprise

To opt out of future emails, reply with REMOVE.
https://calendly.com/grayhorizonsenterprise/30min","sent","contractor",""
"First Alert 6 Weather - WOWT","","matt.serwe@firstalert6.com","https://www.wowt.com/weather/","Quick question","Hey,

Quick one: after a storm comes through your area, how does your team handle the wave of calls that come in? Is there a system to track each one or does it get a little chaotic?

We've been helping roofing companies manage exactly that.


We offer a 7-day free trial. No cost, no contract. You see it running before committing to anything.
Gray Horizons Enterprise

To opt out of future emails, reply with REMOVE.
https://calendly.com/grayhorizonsenterprise/30min","sent","roofing",""
"Best Dentists Near Me in Maricopa, Arizona | Delta Dental","","maricopa@mb2dental.com","https://www.deltadental.com/member/find-a-dentist/arizona/maricopa-dentists/","Something we built for practices","Hey,

Most practices have 200-400 patients who called or filled out a form, never booked, and were never followed up with again. That's $240,000-$480,000 in lost lifetime value sitting in a spreadsheet or voicemail box.

We built a reactivation system that reaches back out to those patients automatically and gets them back on the schedule.

I can show you what this looks like for your practice in 20 minutes: https://calendly.com/grayhorizonsenterprise/30min.


We offer a 7-day free trial. No cost, no contract. You see it running before committing to anything.
Gray Horizons Enterprise

To opt out of future emails, reply with REMOVE.","sent","dental",""
"Build a Career at AIR | American Institutes for Research","","tboone@air.org","https://www.air.org/build-career-air","Something we built","Hey,

HVAC companies with a full schedule typically miss 15-20 calls a week during peak season. At an average job value of $450, that's $6,750-$9,000 walking out the door every week.

We set up an automated follow-up system for HVAC shops that catches every missed inquiry and follows up immediately - so the customer hears from you before they book someone else.

Three shops we've set this up for recovered 6-10 jobs in the first month they'd have otherwise lost.

Worth a 20-minute call to see if it fits? https://calendly.com/grayhorizonsenterprise/30min.


We offer a 7-day free trial. No cost, no contract. You see it running before committing to anything.
Gray Horizons Enterprise

To opt out of future emails, reply with REMOVE.","sent","hvac",""
"Home | Tucson, AZ | DrainMasters Plumbing & Drain Service","","angela@uniontucson.com","https://www.drainmasterstucson.com/","How do you handle missed calls?","Hi,

After-hours and weekend calls are where most plumbing companies lose the most jobs - by the time someone calls back the customer has already moved on.

We built a system that captures and responds to those inquiries automatically so you stop losing jobs to whoever answers first.

I can show you exactly how we set it up this week.


We offer a 7-day free trial. No cost, no contract. You see it running before committing to anything.
Gray Horizons Enterprise

To opt out of future emails, reply with REMOVE.
https://calendly.com/grayhorizonsenterprise/30min","sent","plumbing",""
"Best Dentists Near Me in Saratoga, California | Delta Dental","","info.saratoga@lovemysmile.net","https://www.deltadental.com/member/find-a-dentist/california/saratoga-dentists/","Something we built for practices","Hey,

Most practices have 200-400 patients who called or filled out a form, never booked, and were never followed up with again. That's $240,000-$480,000 in lost lifetime value sitting in a spreadsheet or voicemail box.

We built a reactivation system that reaches back out to those patients automatically and gets them back on the schedule.

I can show you what this looks like for your practice in 20 minutes: https://calendly.com/grayhorizonsenterprise/30min.


We offer a 7-day free trial. No cost, no contract. You see it running before committing to anything.
Gray Horizons Enterprise

To opt out of future emails, reply with REMOVE.","sent","dental",""
"Cm to Feet+Inches Converter (cm to ft) - The Calculator Site","","janis@fancyapps.com","https://www.thecalculatorsite.com/conversions/common/cm-to-feet-inches.php","Quick question","Hey,

Not trying to waste your time - just wanted to ask: when you have a full schedule and someone new reaches out, how does your team capture that lead without it getting lost?

That overflow moment is usually where companies either grow or miss out.


We offer a 7-day free trial. No cost, no contract. You see it running before committing to anything.
Gray Horizons Enterprise

To opt out of future emails, reply with REMOVE.
https://calendly.com/grayhorizonsenterprise/30min","sent","landscaping",""
"Roofing Contractor – Downey, CA – Pin Roofing – roofing cont","","pinroofing@verizon.net","https://pinroofing.com/","Quick question","Hey,

Contractors lose more jobs to slow follow-up than to price - the client moves on before the estimate even gets a response.

We fixed that for several firms with a system that tracks every estimate and follows up automatically.

I can show you what that looks like this week.


We offer a 7-day free trial. No cost, no contract. You see it running before committing to anything.
Gray Horizons Enterprise

To opt out of future emails, reply with REMOVE.
https://calendly.com/grayhorizonsenterprise/30min","sent","contractor",""
"Downey Roofing Company","","user@website.com","https://downeyroofingcompany.com/","Something we built for contractors","Hey,

Contractors lose more jobs to slow follow-up than to price - the client moves on before the estimate even gets a response.

We fixed that for several firms with a system that tracks every estimate and follows up automatically.

I can show you what that looks like this week.


We offer a 7-day free trial. No cost, no contract. You see it running before committing to anything.
Gray Horizons Enterprise

To opt out of future emails, reply with REMOVE.
https://calendly.com/grayhorizonsenterprise/30min","sent","contractor",""
"Ada Utility Payments - Municipal Online Services","","lisa.bratcher@adaok.com","https://adaok.municipalonlinepayments.com/adaok","How do you handle missed calls?","Hi,

Emergency calls are where plumbing companies win or lose customers - the ones who respond fastest get the job.

We built a dispatch system that routes emergency calls to the right tech instantly and keeps the customer updated automatically.

I can walk you through it this week and show you what it looks like running.


We offer a 7-day free trial. No cost, no contract. You see it running before committing to anything.
Gray Horizons Enterprise

To opt out of future emails, reply with REMOVE.
https://calendly.com/grayhorizonsenterprise/30min","sent","plumbing",""
"Steel & Metal Supplier in Vancouver (Burnaby) - Metal Superm","","burnaby@metalsupermarkets.com","https://www.metalsupermarkets.com/location/vancouver-burnaby/","Quick question","Hey,

Quick one: after a storm comes through your area, how does your team handle the wave of calls that come in? Is there a system to track each one or does it get a little chaotic?

We've been helping roofing companies manage exactly that.


We offer a 7-day free trial. No cost, no contract. You see it running before committing to anything.
Gray Horizons Enterprise

To opt out of future emails, reply with REMOVE.
https://calendly.com/grayhorizonsenterprise/30min","sent","roofing",""
"InveServe Corp","","info@inveserve.com","https://www.inveserve.com/hiring-hoa-management-company-los-angeles/","Process question","
We offer a 7-day free trial. No cost, no contract. You see it running before committing to anything.
Gray Horizons Enterprise here.

Violation follow-up is where most HOA teams lose time - the documentation exists but pulling it together for a board review or audit takes way longer than it should.

We fixed that for a handful of firms and now it runs on its own.

I can walk you through the setup this week and show you what it looks like in practice.

Gray Horizons Enterprise

To opt out of future emails, reply with REMOVE.
https://calendly.com/grayhorizonsenterprise/30min","skipped","hoa",""
"Management Support","","info@mssinaz.com","https://www.mssinaz.com/","Process question","Hey,

Quick question - when a violation gets reported, what does your process look like from that initial report to final resolution? Is there a system tracking each step or is it mostly email threads?

That gap is where most HOA teams run into problems.


We offer a 7-day free trial. No cost, no contract. You see it running before committing to anything.
Gray Horizons Enterprise

To opt out of future emails, reply with REMOVE.
https://calendly.com/grayhorizonsenterprise/30min","skipped","hoa",""
"GUD Community Management 2","","info@gudhoa.com","https://www.gudhoa.com/","Quick question","Hey,

When a board member asks for a status update on an open violation, how long does it take your team to pull that together?

We've been working on cutting that time down. Happy to show you what we built if it's relevant.


We offer a 7-day free trial. No cost, no contract. You see it running before committing to anything.
Gray Horizons Enterprise

To opt out of future emails, reply with REMOVE.
https://calendly.com/grayhorizonsenterprise/30min","skipped","hoa",""
"ACFP LLC","","info@acfpmgt.com","https://acfpmgt.com/","How do you handle this?","
We offer a 7-day free trial. No cost, no contract. You see it running before committing to anything.
Gray Horizons Enterprise here.

Straight to it - we help HOA management teams stop losing violations in the handoff between report, tracking, and resolution.

Most teams we work with had it happening constantly and didn't realize how much time it was costing.

I can show you exactly how we fixed it this week if you want to see it.

Gray Horizons Enterprise

To opt out of future emails, reply with REMOVE.
https://calendly.com/grayhorizonsenterprise/30min","skipped","hoa",""
"HOA & Condominium Management Services","","mail@apmofil.com","https://www.apmofil.com/","Process question","Hey,

Quick question - when a violation gets reported, what does your process look like from that initial report to final resolution? Is there a system tracking each step or is it mostly email threads?

That gap is where most HOA teams run into problems.


We offer a 7-day free trial. No cost, no contract. You see it running before committing to anything.
Gray Horizons Enterprise

To opt out of future emails, reply with REMOVE.
https://calendly.com/grayhorizonsenterprise/30min","skipped","hoa",""
"RedBrick Community Management","","info@redbrickcm.com","https://redbrickcm.com/","Something we built for HOA teams","
We offer a 7-day free trial. No cost, no contract. You see it running before committing to anything.
Gray Horizons Enterprise here.

The gap between a homeowner filing a report and that violation being fully resolved is where HOA teams take on the most risk.

We built a system that locks that gap down - every step tracked, documented, and followed up automatically.

I can get you set up in about a week. Let me know and I'll show you exactly how it works.

Gray Horizons Enterprise

To opt out of future emails, reply with REMOVE.
https://calendly.com/grayhorizonsenterprise/30min","skipped","hoa",""
"Property Management Associates","","info@hoapma.com","https://hoapma.com/","How do you handle this?","
We offer a 7-day free trial. No cost, no contract. You see it running before committing to anything.
Gray Horizons Enterprise here.

Straight to it - we help HOA management teams stop losing violations in the handoff between report, tracking, and resolution.

Most teams we work with had it happening constantly and didn't realize how much time it was costing.

I can show you exactly how we fixed it this week if you want to see it.

Gray Horizons Enterprise

To opt out of future emails, reply with REMOVE.
https://calendly.com/grayhorizonsenterprise/30min","skipped","hoa",""
"Foster Premier, Inc","","Info@fosterpremier.com","https://fosterpremier.com/","Something we built for HOA teams","
We offer a 7-day free trial. No cost, no contract. You see it running before committing to anything.
Gray Horizons Enterprise here.

The gap between a homeowner filing a report and that violation being fully resolved is where HOA teams take on the most risk.

We built a system that locks that gap down - every step tracked, documented, and followed up automatically.

I can get you set up in about a week. Let me know and I'll show you exactly how it works.

Gray Horizons Enterprise

To opt out of future emails, reply with REMOVE.
https://calendly.com/grayhorizonsenterprise/30min","skipped","hoa",""
"Hillcrest HOA Management","","info@hillcrestmgmt.com","https://hillcrestmgmt.com/","Quick question","
We offer a 7-day free trial. No cost, no contract. You see it running before committing to anything.
Gray Horizons Enterprise here.

HOA teams we've worked with had the same problem - violations documented at the start, then lost somewhere between board review and resolution.

We built a system that tracks the full lifecycle automatically so nothing slips.

I can show you exactly how it works and get it running for your team this week.

Gray Horizons Enterprise

To opt out of future emails, reply with REMOVE.
https://calendly.com/grayhorizonsenterprise/30min","skipped","hoa",""
"CMGT","","info@cmgt.org","https://cmgt.org/","Quick question","
We offer a 7-day free trial. No cost, no contract. You see it running before committing to anything.
Gray Horizons Enterprise here.

HOA teams we've worked with had the same problem - violations documented at the start, then lost somewhere between board review and resolution.

We built a system that tracks the full lifecycle automatically so nothing slips.

I can show you exactly how it works and get it running for your team this week.

Gray Horizons Enterprise

To opt out of future emails, reply with REMOVE.
https://calendly.com/grayhorizonsenterprise/30min","skipped","hoa",""
"AMC Management","","office@amcassociation.com","https://www.amcassociation.com/","How do you handle this?","
We offer a 7-day free trial. No cost, no contract. You see it running before committing to anything.
Gray Horizons Enterprise here.

Most HOA teams we've worked with were losing track of violations between the initial report and final resolution.

We fixed that with a simple system that handles tracking and follow-ups automatically.

If this is even slightly an issue on your side, I can show you exactly how we set it up this week.

Gray Horizons Enterprise

To opt out of future emails, reply with REMOVE.
https://calendly.com/grayhorizonsenterprise/30min","skipped","hoa",""
"condomanage","","info@condomanage.net","https://www.condomanage.net/","Quick question","
We offer a 7-day free trial. No cost, no contract. You see it running before committing to anything.
Gray Horizons Enterprise here.

Straight to it - we help HOA management teams stop losing violations in the handoff between report, tracking, and resolution.

Most teams we work with had it happening constantly and didn't realize how much time it was costing.

I can show you exactly how we fixed it this week if you want to see it.

Gray Horizons Enterprise

To opt out of future emails, reply with REMOVE.
https://calendly.com/grayhorizonsenterprise/30min","skipped","hoa",""
"Massachusetts HOA and Condo Management","","info@landmarkmgmt.net","https://www.landmarkmgmt.net/massachusetts-hoa-management","Process question","
We offer a 7-day free trial. No cost, no contract. You see it running before committing to anything.
Gray Horizons Enterprise here.

Violation follow-up is where most HOA teams lose time - the documentation exists but pulling it together for a board review or audit takes way longer than it should.

We fixed that for a handful of firms and now it runs on its own.

I can walk you through the setup this week and show you what it looks like in practice.

Gray Horizons Enterprise

To opt out of future emails, reply with REMOVE.
https://calendly.com/grayhorizonsenterprise/30min","skipped","hoa",""
"Capitol Companies","","info@capitolcorp.com","https://capitolcorp.com/","How do you handle this?","
We offer a 7-day free trial. No cost, no contract. You see it running before committing to anything.
Gray Horizons Enterprise here.

The gap between a homeowner filing a report and that violation being fully resolved is where HOA teams take on the most risk.

We built a system that locks that gap down - every step tracked, documented, and followed up automatically.

I can get you set up in about a week. Let me know and I'll show you exactly how it works.

Gray Horizons Enterprise

To opt out of future emails, reply with REMOVE.
https://calendly.com/grayhorizonsenterprise/30min","skipped","hoa",""
"Realty Performance Group","","info@realtyperformancegroup.com","https://realtyperformancegroup.com/","Something we built for HOA teams","Hey,

Quick question - when a violation gets reported, what does your process look like from that initial report to final resolution? Is there a system tracking each step or is it mostly email threads?

That gap is where most HOA teams run into problems.


We offer a 7-day free trial. No cost, no contract. You see it running before committing to anything.
Gray Horizons Enterprise

To opt out of future emails, reply with REMOVE.
https://calendly.com/grayhorizonsenterprise/30min","skipped","hoa",""
"Saunders HOA Management Main Site","","info@SRealtyNow.com","https://www.saundershoa.com/how-hoas-can-prepare-for-storm-season-in-north-carolina","Something we built for HOA teams","
We offer a 7-day free trial. No cost, no contract. You see it running before committing to anything.
Gray Horizons Enterprise here.

Violation follow-up is where most HOA teams lose time - the documentation exists but pulling it together for a board review or audit takes way longer than it should.

We fixed that for a handful of firms and now it runs on its own.

I can walk you through the setup this week and show you what it looks like in practice.

Gray Horizons Enterprise

To opt out of future emails, reply with REMOVE.
https://calendly.com/grayhorizonsenterprise/30min","skipped","hoa",""
"Revelation Community Management","","info@my-rcm.com","https://my-rcm.com/is-your-carolina-hoa-running-smoothly-lets-find-out/","Something we built for HOA teams","
We offer a 7-day free trial. No cost, no contract. You see it running before committing to anything.
Gray Horizons Enterprise here.

The biggest issue we keep seeing with HOA teams is violations getting lost between report, board review, and resolution.

We built a system that locks that entire process down so nothing slips through.

If you want, I can walk you through it and get something similar set up for you quickly.

Gray Horizons Enterprise

To opt out of future emails, reply with REMOVE.
https://calendly.com/grayhorizonsenterprise/30min","skipped","hoa",""
"HOA Management Services","","info@omega-mgt.com","https://www.omega-mgt.com/","Something we built for HOA teams","Hey,

When a board member asks for a status update on an open violation, how long does it take your team to pull that together?

We've been working on cutting that time down. Happy to show you what we built if it's relevant.


We offer a 7-day free trial. No cost, no contract. You see it running before committing to anything.
Gray Horizons Enterprise

To opt out of future emails, reply with REMOVE.
https://calendly.com/grayhorizonsenterprise/30min","skipped","hoa",""
"Paramount Realty & Management","","info@paramountrealtytx.com","https://www.paramountrealtytx.com/","Process question","Hey,

When a board member asks for a status update on an open violation, how long does it take your team to pull that together?

We've been working on cutting that time down. Happy to show you what we built if it's relevant.


We offer a 7-day free trial. No cost, no contract. You see it running before committing to anything.
Gray Horizons Enterprise

To opt out of future emails, reply with REMOVE.
https://calendly.com/grayhorizonsenterprise/30min","skipped","hoa",""
"Chattanooga HOA Management","","office@chattanoogapm.com","https://www.chattanoogapm.com/chattanooga-hoa-management","Something we built for HOA teams","
We offer a 7-day free trial. No cost, no contract. You see it running before committing to anything.
Gray Horizons Enterprise here.

Straight to it - we help HOA management teams stop losing violations in the handoff between report, tracking, and resolution.

Most teams we work with had it happening constantly and didn't realize how much time it was costing.

I can show you exactly how we fixed it this week if you want to see it.

Gray Horizons Enterprise

To opt out of future emails, reply with REMOVE.
https://calendly.com/grayhorizonsenterprise/30min","skipped","hoa",""
"Chicagoland's Most Trusted","","info@chicagoheatingandcooling.com","https://www.chicagoheatingandcooling.com/","Something we built","Hi,

The average HVAC company loses $45,000-$120,000 per year to missed and unreturned calls. Most owners don't realize it because there's no system tracking what's being lost.

We fix that. I can show you exactly what it looks like for a shop your size in 20 minutes.

https://calendly.com/grayhorizonsenterprise/30min


We offer a 7-day free trial. No cost, no contract. You see it running before committing to anything.
Gray Horizons Enterprise

To opt out of future emails, reply with REMOVE.","skipped","hvac",""
"Williams Distributing","","INFO@WMSDIST.COM","https://wmsdist.com/","Something we built","Hey,

Most HVAC owners I talk to say the same thing - the jobs they lose aren't from bad work, they're from slow follow-up. Estimate sent, no response, job goes to whoever follows up first.

We built an automated system that follows up on every open estimate and every missed inquiry without anyone on your team having to do it manually.

If that sounds like something worth looking at, grab a time here: https://calendly.com/grayhorizonsenterprise/30min.


We offer a 7-day free trial. No cost, no contract. You see it running before committing to anything.
Gray Horizons Enterprise

To opt out of future emails, reply with REMOVE.","skipped","hvac",""
"Hot Cold Air","","contact@hotcoldair.us","https://hotcoldair.us/","Quick question","Hey,

Most HVAC owners I talk to say the same thing - the jobs they lose aren't from bad work, they're from slow follow-up. Estimate sent, no response, job goes to whoever follows up first.

We built an automated system that follows up on every open estimate and every missed inquiry without anyone on your team having to do it manually.

If that sounds like something worth looking at, grab a time here: https://calendly.com/grayhorizonsenterprise/30min.


We offer a 7-day free trial. No cost, no contract. You see it running before committing to anything.
Gray Horizons Enterprise

To opt out of future emails, reply with REMOVE.","skipped","hvac",""
"Elevating Comfort Engineering Excellence","","info@thermalconcepts.com","https://thermalconcepts.com/","Quick question","Hey,

HVAC companies with a full schedule typically miss 15-20 calls a week during peak season. At an average job value of $450, that's $6,750-$9,000 walking out the door every week.

We set up an automated follow-up system for HVAC shops that catches every missed inquiry and follows up immediately - so the customer hears from you before they book someone else.

Three shops we've set this up for recovered 6-10 jobs in the first month they'd have otherwise lost.

Worth a 20-minute call to see if it fits? https://calendly.com/grayhorizonsenterprise/30min.


We offer a 7-day free trial. No cost, no contract. You see it running before committing to anything.
Gray Horizons Enterprise

To opt out of future emails, reply with REMOVE.","skipped","hvac",""
"Flow Atlantic","","sales@flowatlantic.com","https://flowatlantic.com/","Quick question","Hi,

Quick question - when your line is busy or it's after hours and a customer calls about a broken AC or furnace, what happens to that call?

If it goes to voicemail, research shows 80% of those customers book the next company that answers before you call back.

We built a follow-up system that responds to those inquiries automatically and keeps them engaged until your team can get them on the schedule. Happy to show you how it works in 20 minutes.

https://calendly.com/grayhorizonsenterprise/30min


We offer a 7-day free trial. No cost, no contract. You see it running before committing to anything.
Gray Horizons Enterprise

To opt out of future emails, reply with REMOVE.","skipped","hvac",""
"Salmon HVAC","","office@salmonhvac.com","https://salmonhvac.com/","Quick question","Hi,

The average HVAC company loses $45,000-$120,000 per year to missed and unreturned calls. Most owners don't realize it because there's no system tracking what's being lost.

We fix that. I can show you exactly what it looks like for a shop your size in 20 minutes.

https://calendly.com/grayhorizonsenterprise/30min


We offer a 7-day free trial. No cost, no contract. You see it running before committing to anything.
Gray Horizons Enterprise

To opt out of future emails, reply with REMOVE.","skipped","hvac",""
"Midwest Mechanical Services & Solutions","","sales@midweststl.com","https://midweststl.com/industries/","Quick question","Hey,

Most HVAC owners I talk to say the same thing - the jobs they lose aren't from bad work, they're from slow follow-up. Estimate sent, no response, job goes to whoever follows up first.

We built an automated system that follows up on every open estimate and every missed inquiry without anyone on your team having to do it manually.

If that sounds like something worth looking at, grab a time here: https://calendly.com/grayhorizonsenterprise/30min.


We offer a 7-day free trial. No cost, no contract. You see it running before committing to anything.
Gray Horizons Enterprise

To opt out of future emails, reply with REMOVE.","skipped","hvac",""
"Interstate Air Conditioning & Heating","","info@interstateair.com","https://www.interstateair.com/residential-hvac/","Question for you","Hi,

The average HVAC company loses $45,000-$120,000 per year to missed and unreturned calls. Most owners don't realize it because there's no system tracking what's being lost.

We fix that. I can show you exactly what it looks like for a shop your size in 20 minutes.

https://calendly.com/grayhorizonsenterprise/30min


We offer a 7-day free trial. No cost, no contract. You see it running before committing to anything.
Gray Horizons Enterprise

To opt out of future emails, reply with REMOVE.","skipped","hvac",""
"Rite Temp HVAC LLC","","Info@RiteTempNYC.com","https://ritetempnyc.com/","Question for you","Hi,

Quick question - when your line is busy or it's after hours and a customer calls about a broken AC or furnace, what happens to that call?

If it goes to voicemail, research shows 80% of those customers book the next company that answers before you call back.

We built a follow-up system that responds to those inquiries automatically and keeps them engaged until your team can get them on the schedule. Happy to show you how it works in 20 minutes.

https://calendly.com/grayhorizonsenterprise/30min


We offer a 7-day free trial. No cost, no contract. You see it running before committing to anything.
Gray Horizons Enterprise

To opt out of future emails, reply with REMOVE.","skipped","hvac",""
"Tetra","","contact@tetra.com","https://www.tetra.com/","Something we built","Hi,

The average HVAC company loses $45,000-$120,000 per year to missed and unreturned calls. Most owners don't realize it because there's no system tracking what's being lost.

We fix that. I can show you exactly what it looks like for a shop your size in 20 minutes.

https://calendly.com/grayhorizonsenterprise/30min


We offer a 7-day free trial. No cost, no contract. You see it running before committing to anything.
Gray Horizons Enterprise

To opt out of future emails, reply with REMOVE.","skipped","hvac",""
"EHC Inc.","","office@callehc.com","https://www.callehc.com/","Something we built","Hey,

Most HVAC owners I talk to say the same thing - the jobs they lose aren't from bad work, they're from slow follow-up. Estimate sent, no response, job goes to whoever follows up first.

We built an automated system that follows up on every open estimate and every missed inquiry without anyone on your team having to do it manually.

If that sounds like something worth looking at, grab a time here: https://calendly.com/grayhorizonsenterprise/30min.


We offer a 7-day free trial. No cost, no contract. You see it running before committing to anything.
Gray Horizons Enterprise

To opt out of future emails, reply with REMOVE.","skipped","hvac",""
"Alabama's Best HVAC","","info@alabamasbesthvac.com","https://alabamasbesthvac.com/","Quick question","Hey,

Most HVAC owners I talk to say the same thing - the jobs they lose aren't from bad work, they're from slow follow-up. Estimate sent, no response, job goes to whoever follows up first.

We built an automated system that follows up on every open estimate and every missed inquiry without anyone on your team having to do it manually.

If that sounds like something worth looking at, grab a time here: https://calendly.com/grayhorizonsenterprise/30min.


We offer a 7-day free trial. No cost, no contract. You see it running before committing to anything.
Gray Horizons Enterprise

To opt out of future emails, reply with REMOVE.","skipped","hvac",""
"Bridger Heating & Cooling","","office@bridgerheating.com","https://bridgerheating.com/","Quick question","Hi,

Quick question - when your line is busy or it's after hours and a customer calls about a broken AC or furnace, what happens to that call?

If it goes to voicemail, research shows 80% of those customers book the next company that answers before you call back.

We built a follow-up system that responds to those inquiries automatically and keeps them engaged until your team can get them on the schedule. Happy to show you how it works in 20 minutes.

https://calendly.com/grayhorizonsenterprise/30min


We offer a 7-day free trial. No cost, no contract. You see it running before committing to anything.
Gray Horizons Enterprise

To opt out of future emails, reply with REMOVE.","skipped","hvac",""
"Comfort Systems of Montana","","info@comfortsystemsofmt.com","https://comfortsystemsofmt.com/","Something we built","Hey,

Most HVAC owners I talk to say the same thing - the jobs they lose aren't from bad work, they're from slow follow-up. Estimate sent, no response, job goes to whoever follows up first.

We built an automated system that follows up on every open estimate and every missed inquiry without anyone on your team having to do it manually.

If that sounds like something worth looking at, grab a time here: https://calendly.com/grayhorizonsenterprise/30min.


We offer a 7-day free trial. No cost, no contract. You see it running before committing to anything.
Gray Horizons Enterprise

To opt out of future emails, reply with REMOVE.","skipped","hvac",""
"The Air Conditioning Company","","info@airconditionercompanyllc.com","https://www.theacco.com/","Question for you","Hi,

Quick question - when your line is busy or it's after hours and a customer calls about a broken AC or furnace, what happens to that call?

If it goes to voicemail, research shows 80% of those customers book the next company that answers before you call back.

We built a follow-up system that responds to those inquiries automatically and keeps them engaged until your team can get them on the schedule. Happy to show you how it works in 20 minutes.

https://calendly.com/grayhorizonsenterprise/30min


We offer a 7-day free trial. No cost, no contract. You see it running before committing to anything.
Gray Horizons Enterprise

To opt out of future emails, reply with REMOVE.","skipped","hvac",""
"Downtown Dental Associates","","info@ddaportland.com","https://portlandor.dental/new-patients/","Quick question","Hey,

The average dental practice loses 8-12 new patients every month to slow follow-up. A patient submits a form or calls after hours, nobody responds until the next morning, and by then they've booked somewhere else.

At $1,200 average lifetime value per new patient, that's $9,600-$14,400 a month slipping through.

We built a follow-up system that responds to every new patient inquiry immediately - even at 11pm - and keeps them engaged until they're booked. Happy to show you how it works in 20 minutes.

https://calendly.com/grayhorizonsenterprise/30min


We offer a 7-day free trial. No cost, no contract. You see it running before committing to anything.
Gray Horizons Enterprise

To opt out of future emails, reply with REMOVE.","skipped","dental",""
"Marcus Dental Practice","","info@michaelmarcusdds.com","https://michaelmarcusdds.com/","How do you handle this?","Hi,

Quick question for you - when a new patient submits a form on your website at 8pm on a Tuesday, what happens to that inquiry?

If it sits until the next morning, research shows 78% of those patients have already booked somewhere else by the time you call back.

We fix that with an automated follow-up system. Three practices we've set this up for saw immediate increases in new patient bookings in the first 30 days.

Worth 20 minutes to see the setup? https://calendly.com/grayhorizonsenterprise/30min.


We offer a 7-day free trial. No cost, no contract. You see it running before committing to anything.
Gray Horizons Enterprise

To opt out of future emails, reply with REMOVE.","skipped","dental",""
"Dental Views","","info@dentalviews.com","https://dentalviews.com/","Quick question","Hi,

Quick question for you - when a new patient submits a form on your website at 8pm on a Tuesday, what happens to that inquiry?

If it sits until the next morning, research shows 78% of those patients have already booked somewhere else by the time you call back.

We fix that with an automated follow-up system. Three practices we've set this up for saw immediate increases in new patient bookings in the first 30 days.

Worth 20 minutes to see the setup? https://calendly.com/grayhorizonsenterprise/30min.


We offer a 7-day free trial. No cost, no contract. You see it running before committing to anything.
Gray Horizons Enterprise

To opt out of future emails, reply with REMOVE.","skipped","dental",""
"Syracuse Family Dental","","info@syrdental.com","https://syracusefamilydental.com/","Question for you","Hi,

Patient no-shows cost the average dental practice $50,000-$150,000 per year in lost chair time. Most practices send one reminder. We send an automated sequence that cuts no-show rates by 40-60%.

Happy to walk you through exactly how it works: https://calendly.com/grayhorizonsenterprise/30min.


We offer a 7-day free trial. No cost, no contract. You see it running before committing to anything.
Gray Horizons Enterprise

To opt out of future emails, reply with REMOVE.","skipped","dental",""
"CCB Lookup","","info@ccblookup.com","https://www.ccblookup.com/contractor/fusion-plumbing-233150/","How do you handle missed calls?","Hey,

Post-job follow-up almost never happens in plumbing - no check-in call, no review request, no next service reminder.

We built that entire process into a system that runs automatically after every job closes.

I can show you what it looks like and get it running for your team this week.


We offer a 7-day free trial. No cost, no contract. You see it running before committing to anything.
Gray Horizons Enterprise

To opt out of future emails, reply with REMOVE.
https://calendly.com/grayhorizonsenterprise/30min","skipped","plumbing",""
"Find Licensed Plumbers Near You","","info@nationalhomeservicepros.com","https://nationalhomeservicepros.com/plumbing/","Quick question","Hi,

When you finish a job, what does the follow-up process look like? Is there anything automated that checks in with the customer, or does it depend on the tech remembering to do it?

We've built that whole post-job flow into a system. Happy to show you how it works.


We offer a 7-day free trial. No cost, no contract. You see it running before committing to anything.
Gray Horizons Enterprise

To opt out of future emails, reply with REMOVE.
https://calendly.com/grayhorizonsenterprise/30min","skipped","plumbing",""
"SubPlumbing","","info@suburbanplumbingexperts.com","https://suburbanplumbingexperts.com/chicago-illinois-plumber/","Question for you","Hi,

After-hours and weekend calls are where most plumbing companies lose the most jobs - by the time someone calls back the customer has already moved on.

We built a system that captures and responds to those inquiries automatically so you stop losing jobs to whoever answers first.

I can show you exactly how we set it up this week.


We offer a 7-day free trial. No cost, no contract. You see it running before committing to anything.
Gray Horizons Enterprise

To opt out of future emails, reply with REMOVE.
https://calendly.com/grayhorizonsenterprise/30min","skipped","plumbing",""
"Express Plumbing","","office@expressplbg.com","https://expressplbg.com/","Question for you","Hey,

Most plumbing companies we work with had no system for job tracking across crews - status updates required calling the tech directly every time.

We fixed that with a system that keeps every job visible from dispatch to close-out without anyone having to chase it down.

I can get you set up in about a week.


We offer a 7-day free trial. No cost, no contract. You see it running before committing to anything.
Gray Horizons Enterprise

To opt out of future emails, reply with REMOVE.
https://calendly.com/grayhorizonsenterprise/30min","skipped","plumbing",""
"Wm. T. Spaeder","","info@spaeder.com","https://spaeder.com/","Question for you","Hi,

After-hours and weekend calls are where most plumbing companies lose the most jobs - by the time someone calls back the customer has already moved on.

We built a system that captures and responds to those inquiries automatically so you stop losing jobs to whoever answers first.

I can show you exactly how we set it up this week.


We offer a 7-day free trial. No cost, no contract. You see it running before committing to anything.
Gray Horizons Enterprise

To opt out of future emails, reply with REMOVE.
https://calendly.com/grayhorizonsenterprise/30min","skipped","plumbing",""
"Digital Estimating","","info@digitalestimating.com","https://digitalestimating.com/construction-estimating-services-in-california/","Quick question","Hi,

The gap between a lead reaching out and your team getting them a quote is usually where the job goes to a competitor.

We built a system that cuts that response time down and automates the follow-up so no lead goes cold.

I can get you set up in about a week. Let me know and I will show you exactly how it works.


We offer a 7-day free trial. No cost, no contract. You see it running before committing to anything.
Gray Horizons Enterprise

To opt out of future emails, reply with REMOVE.
https://calendly.com/grayhorizonsenterprise/30min","skipped","contractor",""
"I AM Builders","","info@iambuilders.com","https://www.iambuilders.com/california-estimating-services/","Question for you","Hi,

After-hours leads from homeowners - when they come in through your website or Google listing at night, what happens to them? Does something catch it automatically or does it sit until morning?

Just asking because that's usually where the fastest-responding contractor wins the job.


We offer a 7-day free trial. No cost, no contract. You see it running before committing to anything.
Gray Horizons Enterprise

To opt out of future emails, reply with REMOVE.
https://calendly.com/grayhorizonsenterprise/30min","skipped","contractor",""
"AZH Construction","","info@azhconstructionpdx.com","https://azhconstructionpdx.com/","Question for you","Hey,

After-hours inquiries from homeowners are some of the highest-intent leads a contractor gets - and most of them go unanswered until the next day.

We built a system that captures and responds to those leads automatically so you are always first to respond.

I can show you how we set it up this week.


We offer a 7-day free trial. No cost, no contract. You see it running before committing to anything.
Gray Horizons Enterprise

To opt out of future emails, reply with REMOVE.
https://calendly.com/grayhorizonsenterprise/30min","skipped","contractor",""
"Pontiac, MI","","info@mepconstructionllc.com","https://www.mepconstructionllc.com/","Quick question","Hey,

When you send out an estimate and don't hear back, what does your follow-up process look like? Is there a system tracking each open bid or does it depend on whoever sent it remembering to follow up?

That's usually where jobs go cold.


We offer a 7-day free trial. No cost, no contract. You see it running before committing to anything.
Gray Horizons Enterprise

To opt out of future emails, reply with REMOVE.
https://calendly.com/grayhorizonsenterprise/30min","skipped","contractor",""
"what we do","","info@midwestbuilt.com","https://midwestbuilt.com/","Something we built for contractors","Hey,

Contractors lose more jobs to slow follow-up than to price - the client moves on before the estimate even gets a response.

We fixed that for several firms with a system that tracks every estimate and follows up automatically.

I can show you what that looks like this week.


We offer a 7-day free trial. No cost, no contract. You see it running before committing to anything.
Gray Horizons Enterprise

To opt out of future emails, reply with REMOVE.
https://calendly.com/grayhorizonsenterprise/30min","skipped","contractor",""
"Vision General Contractors","","info@viscongc.com","https://viscongc.com/","Question for you","Hey,

After-hours inquiries from homeowners are some of the highest-intent leads a contractor gets - and most of them go unanswered until the next day.

We built a system that captures and responds to those leads automatically so you are always first to respond.

I can show you how we set it up this week.


We offer a 7-day free trial. No cost, no contract. You see it running before committing to anything.
Gray Horizons Enterprise

To opt out of future emails, reply with REMOVE.
https://calendly.com/grayhorizonsenterprise/30min","skipped","contractor",""
"Midwest construction & remodeling","","info@vcrllc.net","https://vcrllc.net/","How do you handle this?","Hey,

Contractors lose more jobs to slow follow-up than to price - the client moves on before the estimate even gets a response.

We fixed that for several firms with a system that tracks every estimate and follows up automatically.

I can show you what that looks like this week.


We offer a 7-day free trial. No cost, no contract. You see it running before committing to anything.
Gray Horizons Enterprise

To opt out of future emails, reply with REMOVE.
https://calendly.com/grayhorizonsenterprise/30min","skipped","contractor",""
"ACES Construction Solutions","","info@acesconstruction.com","https://acesconstruction.com/","Quick question","Hey,

Most contractors we work with were losing jobs not because of the work but because estimate follow-up was not happening consistently.

We built a system that tracks every open bid and follows up automatically until you get a response.

I can show you exactly how it works and get it running for your team this week.


We offer a 7-day free trial. No cost, no contract. You see it running before committing to anything.
Gray Horizons Enterprise

To opt out of future emails, reply with REMOVE.
https://calendly.com/grayhorizonsenterprise/30min","skipped","contractor",""
"Get Your Quote","","info@getyourquote.com","https://www.getyourquote.com/","How do you handle this?","Hi,

The window between sending an estimate and hearing back is where most contracting jobs go cold - the customer gets another quote and signs with whoever follows up first.

We built a system that handles automatic follow-up so you stop losing jobs to faster competitors.

I can walk you through it this week.


We offer a 7-day free trial. No cost, no contract. You see it running before committing to anything.
Gray Horizons Enterprise

To opt out of future emails, reply with REMOVE.
https://calendly.com/grayhorizonsenterprise/30min","skipped","contractor",""
"ABS Total Construction LLC - Create your dream home","","info@abstotalconstruction.com","https://abstotalconstruction.com/","Quick question","Hey,

Most contractors we work with were losing jobs not because of the work but because estimate follow-up was not happening consistently.

We built a system that tracks every open bid and follows up automatically until you get a response.

I can show you exactly how it works and get it running for your team this week.


We offer a 7-day free trial. No cost, no contract. You see it running before committing to anything.
Gray Horizons Enterprise

To opt out of future emails, reply with REMOVE.
https://calendly.com/grayhorizonsenterprise/30min","skipped","contractor",""
"Modify Remodeling","","Info@modifyremodeling.com","https://modifyremodeling.com/","Question for you","Hey,

Most contractors we work with were losing jobs not because of the work but because estimate follow-up was not happening consistently.

We built a system that tracks every open bid and follows up automatically until you get a response.

I can show you exactly how it works and get it running for your team this week.


We offer a 7-day free trial. No cost, no contract. You see it running before committing to anything.
Gray Horizons Enterprise

To opt out of future emails, reply with REMOVE.
https://calendly.com/grayhorizonsenterprise/30min","skipped","contractor",""
"CQC Home","","info@cqchome.com","https://cqchome.com/","Quick question","Hey,

When you send out an estimate and don't hear back, what does your follow-up process look like? Is there a system tracking each open bid or does it depend on whoever sent it remembering to follow up?

That's usually where jobs go cold.


We offer a 7-day free trial. No cost, no contract. You see it running before committing to anything.
Gray Horizons Enterprise

To opt out of future emails, reply with REMOVE.
https://calendly.com/grayhorizonsenterprise/30min","skipped","contractor",""
"JAKS Construction","","info@jaks.construction","https://www.jaks.construction/","Question for you","Hey,

When you send out an estimate and don't hear back, what does your follow-up process look like? Is there a system tracking each open bid or does it depend on whoever sent it remembering to follow up?

That's usually where jobs go cold.


We offer a 7-day free trial. No cost, no contract. You see it running before committing to anything.
Gray Horizons Enterprise

To opt out of future emails, reply with REMOVE.
https://calendly.com/grayhorizonsenterprise/30min","skipped","contractor",""
"Dick Anderson Construction - Always part of the solution","","contact@daconstruction.com","https://daconstruction.com/our-team/","Question for you","Hey,

When you send out an estimate and don't hear back, what does your follow-up process look like? Is there a system tracking each open bid or does it depend on whoever sent it remembering to follow up?

That's usually where jobs go cold.


We offer a 7-day free trial. No cost, no contract. You see it running before committing to anything.
Gray Horizons Enterprise

To opt out of future emails, reply with REMOVE.
https://calendly.com/grayhorizonsenterprise/30min","skipped","contractor",""
"Commercial & Residential Outdoor Property Services Chicago","","info@beverlycompanies.com","https://beverlycompanies.com/landscaping-portfolio/","How do you handle overflow leads?","Hey,

When your schedule is full and a new lead comes in it almost always gets lost - there is no system to capture it for later.

We built a system that holds every overflow lead and follows up automatically when your schedule opens.

I can show you how we set it up this week.


We offer a 7-day free trial. No cost, no contract. You see it running before committing to anything.
Gray Horizons Enterprise

To opt out of future emails, reply with REMOVE.
https://calendly.com/grayhorizonsenterprise/30min","skipped","landscaping",""
"Boise Landscaping and Lawn Care","","info@landscapinginboise.com","https://landscapinginboise.com/","How do you handle overflow leads?","Hey,

Not trying to waste your time - just wanted to ask: when you have a full schedule and someone new reaches out, how does your team capture that lead without it getting lost?

That overflow moment is usually where companies either grow or miss out.


We offer a 7-day free trial. No cost, no contract. You see it running before committing to anything.
Gray Horizons Enterprise

To opt out of future emails, reply with REMOVE.
https://calendly.com/grayhorizonsenterprise/30min","skipped","landscaping",""
"California Roofing Company","","contact@caroofco.com","https://caroofco.com/","Something we built for roofers","Hi there,

How are you following up on estimates that went out but never got a response? In roofing those can be pretty high-value jobs to let slip.

Just curious what your current process looks like.


We offer a 7-day free trial. No cost, no contract. You see it running before committing to anything.
Gray Horizons Enterprise

To opt out of future emails, reply with REMOVE.
https://calendly.com/grayhorizonsenterprise/30min","skipped","roofing",""
"Original Roofing Company","","sales@originalroofing.com","https://originalroofing.com/","How do you handle this?","Hey,

Quick one: after a storm comes through your area, how does your team handle the wave of calls that come in? Is there a system to track each one or does it get a little chaotic?

We've been helping roofing companies manage exactly that.


We offer a 7-day free trial. No cost, no contract. You see it running before committing to anything.
Gray Horizons Enterprise

To opt out of future emails, reply with REMOVE.
https://calendly.com/grayhorizonsenterprise/30min","skipped","roofing",""
"RoofOS","","info@roofyou.com","https://www.roofyou.com/","Something we built for roofers","Hey,

Quick one: after a storm comes through your area, how does your team handle the wave of calls that come in? Is there a system to track each one or does it get a little chaotic?

We've been helping roofing companies manage exactly that.


We offer a 7-day free trial. No cost, no contract. You see it running before committing to anything.
Gray Horizons Enterprise

To opt out of future emails, reply with REMOVE.
https://calendly.com/grayhorizonsenterprise/30min","skipped","roofing",""
"Watertight Roofing Services, LLC","","info@wrsroof.com","https://www.wrsroof.com/","Something we built for roofers","Hey,

Direct question: when a homeowner calls about a leak or damage and you can't get to them for three days, how do you keep them from calling someone else in the meantime?

That's usually the biggest gap I hear about. Happy to share what we've built if it's useful.


We offer a 7-day free trial. No cost, no contract. You see it running before committing to anything.
Gray Horizons Enterprise

To opt out of future emails, reply with REMOVE.
https://calendly.com/grayhorizonsenterprise/30min","skipped","roofing",""
"Midwest Roofing & Coating LLC -","","info@midwestroofingllc.com","https://midwestroofingllc.com/","How do you handle this?","Hey,

Quick one: after a storm comes through your area, how does your team handle the wave of calls that come in? Is there a system to track each one or does it get a little chaotic?

We've been helping roofing companies manage exactly that.


We offer a 7-day free trial. No cost, no contract. You see it running before committing to anything.
Gray Horizons Enterprise

To opt out of future emails, reply with REMOVE.
https://calendly.com/grayhorizonsenterprise/30min","skipped","roofing",""
"Midwest Construction Group","","info@trustmcg.com","https://trustmcgroofing.com/","Something we built for roofers","Hi there,

How are you following up on estimates that went out but never got a response? In roofing those can be pretty high-value jobs to let slip.

Just curious what your current process looks like.


We offer a 7-day free trial. No cost, no contract. You see it running before committing to anything.
Gray Horizons Enterprise

To opt out of future emails, reply with REMOVE.
https://calendly.com/grayhorizonsenterprise/30min","skipped","roofing",""
"Strong Roofing","","info@smedisonroofing.com","https://smedisonroofing.com/","Something we built for roofers","Hey,

Quick one: after a storm comes through your area, how does your team handle the wave of calls that come in? Is there a system to track each one or does it get a little chaotic?

We've been helping roofing companies manage exactly that.


We offer a 7-day free trial. No cost, no contract. You see it running before committing to anything.
Gray Horizons Enterprise

To opt out of future emails, reply with REMOVE.
https://calendly.com/grayhorizonsenterprise/30min","skipped","roofing",""
"NJ & NYC's Trusted Roofing Experts","","info@everlast-home.com","https://www.everlast-home.com/","Quick question","Hey,

Direct question: when a homeowner calls about a leak or damage and you can't get to them for three days, how do you keep them from calling someone else in the meantime?

That's usually the biggest gap I hear about. Happy to share what we've built if it's useful.


We offer a 7-day free trial. No cost, no contract. You see it running before committing to anything.
Gray Horizons Enterprise

To opt out of future emails, reply with REMOVE.
https://calendly.com/grayhorizonsenterprise/30min","skipped","roofing",""
"Home","","contact@jcconstructiongroupllc.com","https://www.jcconstructiongroupllc.com/","Quick question","Hey,

Direct question: when a homeowner calls about a leak or damage and you can't get to them for three days, how do you keep them from calling someone else in the meantime?

That's usually the biggest gap I hear about. Happy to share what we've built if it's useful.


We offer a 7-day free trial. No cost, no contract. You see it running before committing to anything.
Gray Horizons Enterprise

To opt out of future emails, reply with REMOVE.
https://calendly.com/grayhorizonsenterprise/30min","skipped","roofing",""
"Carroll & Sutton Orthodontics Specialists of Florida","","braces@csorthodontics.com","https://www.csorthodontics.com/","How do you handle this?","Hi,

Patient no-shows cost the average dental practice $50,000-$150,000 per year in lost chair time. Most practices send one reminder. We send an automated sequence that cuts no-show rates by 40-60%.

Happy to walk you through exactly how it works: https://calendly.com/grayhorizonsenterprise/30min.


We offer a 7-day free trial. No cost, no contract. You see it running before committing to anything.
Gray Horizons Enterprise

To opt out of future emails, reply with REMOVE.","sent","dental",""
"Our Company - Pacific SouthWest Irrigation","","rsousa@pacsouthwestirr.com","https://pacsouthwestirr.com/company/","Quick question","Hi,

Seasonal clients who go quiet between services are lost revenue that most landscaping companies never recover.

We built a system that keeps every recurring client on schedule with automatic reminders and follow-up.

I can walk you through it this week and show you what it looks like running.


We offer a 7-day free trial. No cost, no contract. You see it running before committing to anything.
Gray Horizons Enterprise

To opt out of future emails, reply with REMOVE.
https://calendly.com/grayhorizonsenterprise/30min","sent","landscaping",""
"Dentists in Laguna Niguel, California - Delta Dental","","kc@ranchonigueldental.com","https://www.deltadental.com/member/find-a-dentist/california/laguna-niguel-dentists/","How do you handle this?","Hi,

Patient no-shows cost the average dental practice $50,000-$150,000 per year in lost chair time. Most practices send one reminder. We send an automated sequence that cuts no-show rates by 40-60%.

Happy to walk you through exactly how it works: https://calendly.com/grayhorizonsenterprise/30min.


We offer a 7-day free trial. No cost, no contract. You see it running before committing to anything.
Gray Horizons Enterprise

To opt out of future emails, reply with REMOVE.","sent","dental",""
"Dentist Irvine & Laguna Niguel, CA | Dental 2000 | Irvine &","","amals@growthplug.com","https://www.dental2000.com/","Quick question","Hi,

Patient no-shows cost the average dental practice $50,000-$150,000 per year in lost chair time. Most practices send one reminder. We send an automated sequence that cuts no-show rates by 40-60%.

Happy to walk you through exactly how it works: https://calendly.com/grayhorizonsenterprise/30min.


We offer a 7-day free trial. No cost, no contract. You see it running before committing to anything.
Gray Horizons Enterprise

To opt out of future emails, reply with REMOVE.","sent","dental",""
"Plumbing & Drain Cleaning | L.A. Hydro-Jet & Plumbing Servic","","dispatch@lahydrojet.com","https://www.lahydrojet.com/","Question for you","Hey,

Direct question - when an emergency call comes in at night and your main line is busy, how does your team handle it? Does it route somewhere or go to voicemail?

That's usually the biggest gap I hear about from plumbing companies.


We offer a 7-day free trial. No cost, no contract. You see it running before committing to anything.
Gray Horizons Enterprise

To opt out of future emails, reply with REMOVE.
https://calendly.com/grayhorizonsenterprise/30min","sent","plumbing",""
"Settlers Irrigation District - Water for the Treasure Valley","","stefanie@settlersirrigation.org","https://settlersirrigation.org/","How do you handle overflow leads?","Hey,

Not trying to waste your time - just wanted to ask: when you have a full schedule and someone new reaches out, how does your team capture that lead without it getting lost?

That overflow moment is usually where companies either grow or miss out.


We offer a 7-day free trial. No cost, no contract. You see it running before committing to anything.
Gray Horizons Enterprise

To opt out of future emails, reply with REMOVE.
https://calendly.com/grayhorizonsenterprise/30min","sent","landscaping",""
"A&A Platinum Turf and Landscaping | Best Landscaper In Yuma","","vic@aaplandscape.com","https://www.aaplandscape.com/","Quick question","Hi,

Seasonal clients who go quiet between services are lost revenue that most landscaping companies never recover.

We built a system that keeps every recurring client on schedule with automatic reminders and follow-up.

I can walk you through it this week and show you what it looks like running.


We offer a 7-day free trial. No cost, no contract. You see it running before committing to anything.
Gray Horizons Enterprise

To opt out of future emails, reply with REMOVE.
https://calendly.com/grayhorizonsenterprise/30min","sent","landscaping",""
"Lemon Grove CA | Read Reviews + Get a Bid - BuildZoom","","dave@rlroofing.com","https://www.buildzoom.com/contractor/eze-roofing","Question for you","Hey,

Quick one: after a storm comes through your area, how does your team handle the wave of calls that come in? Is there a system to track each one or does it get a little chaotic?

We've been helping roofing companies manage exactly that.


We offer a 7-day free trial. No cost, no contract. You see it running before committing to anything.
Gray Horizons Enterprise

To opt out of future emails, reply with REMOVE.
https://calendly.com/grayhorizonsenterprise/30min","sent","roofing",""
"Phoenix plans tougher water cuts as Colorado River crisis gr","","molly.mcbride@azfamily.com","https://www.azfamily.com/2026/04/29/phoenix-plans-tougher-water-cuts-colorado-river-crisis-grows/","Something we built","Hey,

Direct question - when an emergency call comes in at night and your main line is busy, how does your team handle it? Does it route somewhere or go to voicemail?

That's usually the biggest gap I hear about from plumbing companies.


We offer a 7-day free trial. No cost, no contract. You see it running before committing to anything.
Gray Horizons Enterprise

To opt out of future emails, reply with REMOVE.
https://calendly.com/grayhorizonsenterprise/30min","sent","plumbing",""
"Best Dentists Near Me in Woodinville, Washington | Delta Den","","woodinville@interdent.com","https://www.deltadental.com/member/find-a-dentist/washington/woodinville-dentists/","How do you handle this?","Hey,

The average dental practice loses 8-12 new patients every month to slow follow-up. A patient submits a form or calls after hours, nobody responds until the next morning, and by then they've booked somewhere else.

At $1,200 average lifetime value per new patient, that's $9,600-$14,400 a month slipping through.

We built a follow-up system that responds to every new patient inquiry immediately - even at 11pm - and keeps them engaged until they're booked. Happy to show you how it works in 20 minutes.

https://calendly.com/grayhorizonsenterprise/30min


We offer a 7-day free trial. No cost, no contract. You see it running before committing to anything.
Gray Horizons Enterprise

To opt out of future emails, reply with REMOVE.","sent","dental",""
"3 Best Roofing Contractors in Stockton, CA","","ben@phoenix-constgroup.com","https://threebestrated.com/roofing-contractors-in-stockton-ca","Quick question","Hey,

Quick one: after a storm comes through your area, how does your team handle the wave of calls that come in? Is there a system to track each one or does it get a little chaotic?

We've been helping roofing companies manage exactly that.


We offer a 7-day free trial. No cost, no contract. You see it running before committing to anything.
Gray Horizons Enterprise

To opt out of future emails, reply with REMOVE.
https://calendly.com/grayhorizonsenterprise/30min","sent","roofing",""
"Uplands by Tarragon in Puyallup, WA | New Home Community","","whatup@uplandscommunity.com","https://uplandscommunity.com/","Quick question","Hey,

Quick question - when a violation gets reported, what does your process look like from that initial report to final resolution? Is there a system tracking each step or is it mostly email threads?

That gap is where most HOA teams run into problems.


We offer a 7-day free trial. No cost, no contract. You see it running before committing to anything.
Gray Horizons Enterprise

To opt out of future emails, reply with REMOVE.
https://calendly.com/grayhorizonsenterprise/30min","sent","hoa",""
"Condos for Sale in San Jose, CA - Redfin","","gagan.singh@redfin.com","https://www.redfin.com/city/17420/CA/San-Jose/condos","Process question","
We offer a 7-day free trial. No cost, no contract. You see it running before committing to anything.
Gray Horizons Enterprise here.

Violation follow-up is where most HOA teams lose time - the documentation exists but pulling it together for a board review or audit takes way longer than it should.

We fixed that for a handful of firms and now it runs on its own.

I can walk you through the setup this week and show you what it looks like in practice.

Gray Horizons Enterprise

To opt out of future emails, reply with REMOVE.
https://calendly.com/grayhorizonsenterprise/30min","sent","hoa",""
"Community | Santa Clarita Valley Signal","","mpicarella@signalscv.com","https://signalscv.com/community/","Process question","
We offer a 7-day free trial. No cost, no contract. You see it running before committing to anything.
Gray Horizons Enterprise here.

HOA teams we've worked with had the same problem - violations documented at the start, then lost somewhere between board review and resolution.

We built a system that tracks the full lifecycle automatically so nothing slips.

I can show you exactly how it works and get it running for your team this week.

Gray Horizons Enterprise

To opt out of future emails, reply with REMOVE.
https://calendly.com/grayhorizonsenterprise/30min","sent","hoa",""
"Skin Care Lancaster, Antelope Valley | Skin Perfect Medical","","lancaster@skinperfectmedical.com","https://skinperfectmedical.com/locations/antelope-valley/lancaster/","Something we built for practices","Hi,

Quick question for you - when a new patient submits a form on your website at 8pm on a Tuesday, what happens to that inquiry?

If it sits until the next morning, research shows 78% of those patients have already booked somewhere else by the time you call back.

We fix that with an automated follow-up system. Three practices we've set this up for saw immediate increases in new patient bookings in the first 30 days.

Worth 20 minutes to see the setup? https://calendly.com/grayhorizonsenterprise/30min.


We offer a 7-day free trial. No cost, no contract. You see it running before committing to anything.
Gray Horizons Enterprise

To opt out of future emails, reply with REMOVE.","sent","dental",""
"Desert Valley Pediatrics | Las Vegas Children's Healthcare","","desertvalleypeds@dvplv.com","https://desertvalleypediatricslv.com/","Question for you","Hi,

Quick question for you - when a new patient submits a form on your website at 8pm on a Tuesday, what happens to that inquiry?

If it sits until the next morning, research shows 78% of those patients have already booked somewhere else by the time you call back.

We fix that with an automated follow-up system. Three practices we've set this up for saw immediate increases in new patient bookings in the first 30 days.

Worth 20 minutes to see the setup? https://calendly.com/grayhorizonsenterprise/30min.


We offer a 7-day free trial. No cost, no contract. You see it running before committing to anything.
Gray Horizons Enterprise

To opt out of future emails, reply with REMOVE.","sent","dental",""
"San Gabriel Valley Water Company","","customerservice_elmonte@sgvwater.com","https://www.sgvwater.com/","Quick question","Hi,

After-hours and weekend calls are where most plumbing companies lose the most jobs - by the time someone calls back the customer has already moved on.

We built a system that captures and responds to those inquiries automatically so you stop losing jobs to whoever answers first.

I can show you exactly how we set it up this week.


We offer a 7-day free trial. No cost, no contract. You see it running before committing to anything.
Gray Horizons Enterprise

To opt out of future emails, reply with REMOVE.
https://calendly.com/grayhorizonsenterprise/30min","sent","plumbing",""
"El Pollo Loco Gift Cards | El Pollo Loco","","giftcards@elpolloloco.com","https://www.elpolloloco.com/gift-cards/","How do you handle overflow leads?","Hi,

Seasonal clients who go quiet between services are lost revenue that most landscaping companies never recover.

We built a system that keeps every recurring client on schedule with automatic reminders and follow-up.

I can walk you through it this week and show you what it looks like running.


We offer a 7-day free trial. No cost, no contract. You see it running before committing to anything.
Gray Horizons Enterprise

To opt out of future emails, reply with REMOVE.
https://calendly.com/grayhorizonsenterprise/30min","sent","landscaping",""
"Dr. Ardy Hakhamian | Omid South Gate | Dentist in South Gate","","webreporting@gargle.com","https://www.omidsouthgatedental.com/","Something we built for practices","Hi,

Quick question for you - when a new patient submits a form on your website at 8pm on a Tuesday, what happens to that inquiry?

If it sits until the next morning, research shows 78% of those patients have already booked somewhere else by the time you call back.

We fix that with an automated follow-up system. Three practices we've set this up for saw immediate increases in new patient bookings in the first 30 days.

Worth 20 minutes to see the setup? https://calendly.com/grayhorizonsenterprise/30min.


We offer a 7-day free trial. No cost, no contract. You see it running before committing to anything.
Gray Horizons Enterprise

To opt out of future emails, reply with REMOVE.","sent","dental",""
"Best Dentists Near Me in Santa Ana, California | Delta Denta","","infosa3@superkidsdental.net","https://www.deltadental.com/member/find-a-dentist/california/santa-ana-dentists/","Question for you","Hi,

Quick question for you - when a new patient submits a form on your website at 8pm on a Tuesday, what happens to that inquiry?

If it sits until the next morning, research shows 78% of those patients have already booked somewhere else by the time you call back.

We fix that with an automated follow-up system. Three practices we've set this up for saw immediate increases in new patient bookings in the first 30 days.

Worth 20 minutes to see the setup? https://calendly.com/grayhorizonsenterprise/30min.


We offer a 7-day free trial. No cost, no contract. You see it running before committing to anything.
Gray Horizons Enterprise

To opt out of future emails, reply with REMOVE.","sent","dental",""
"Tip-Top Roofing | Southern CA Roofing Company Since 1997","","spf@tip-toproofing.com","https://tip-toproofing.com/","Quick question","Hey,

Quick one: after a storm comes through your area, how does your team handle the wave of calls that come in? Is there a system to track each one or does it get a little chaotic?

We've been helping roofing companies manage exactly that.


We offer a 7-day free trial. No cost, no contract. You see it running before committing to anything.
Gray Horizons Enterprise

To opt out of future emails, reply with REMOVE.
https://calendly.com/grayhorizonsenterprise/30min","sent","roofing",""
"Tracy, CA Plumber - Plumbing, Drain Cleaning & Water Cleanup","","cynthiajacque@earthlink.net","https://www.rotorooter.com/tracyca/","Something we built","Hey,

Post-job follow-up almost never happens in plumbing - no check-in call, no review request, no next service reminder.

We built that entire process into a system that runs automatically after every job closes.

I can show you what it looks like and get it running for your team this week.


We offer a 7-day free trial. No cost, no contract. You see it running before committing to anything.
Gray Horizons Enterprise

To opt out of future emails, reply with REMOVE.
https://calendly.com/grayhorizonsenterprise/30min","sent","plumbing",""
"The best HVAC companies in the Bay Area - SFGATE","","pamela.mahler@hearst.com","https://www.sfgate.com/best/map/best-hvac-companies-bay-area/","Question for you","Hi,

The average HVAC company loses $45,000-$120,000 per year to missed and unreturned calls. Most owners don't realize it because there's no system tracking what's being lost.

We fix that. I can show you exactly what it looks like for a shop your size in 20 minutes.

https://calendly.com/grayhorizonsenterprise/30min


We offer a 7-day free trial. No cost, no contract. You see it running before committing to anything.
Gray Horizons Enterprise

To opt out of future emails, reply with REMOVE.","sent","hvac",""
"Landscaping Company Andover, KS | Residential & Commercial","","contactus@elitelandscape365.com","https://www.elitelandscape365.com/landscaping-company-andover-ks/","Quick question","Hey,

The first company to respond to an estimate request in landscaping almost always wins the job - most homeowners book whoever gets back to them first.

We built a system that captures new inquiries and responds automatically so you are always first.

I can show you exactly how it works this week.


We offer a 7-day free trial. No cost, no contract. You see it running before committing to anything.
Gray Horizons Enterprise

To opt out of future emails, reply with REMOVE.
https://calendly.com/grayhorizonsenterprise/30min","sent","landscaping",""
"Lake San Marcos, Lake San Marcos, CA Homes For Sale & Real …","","liz.piccolomini@compass.com","https://www.remax.com/homes-for-sale/ca/lake-san-marcos/lake-san-marcos/neighborhood/51659","Something we built for HOA teams","
We offer a 7-day free trial. No cost, no contract. You see it running before committing to anything.
Gray Horizons Enterprise here.

Most HOA teams we've worked with were losing track of violations between the initial report and final resolution.

We fixed that with a simple system that handles tracking and follow-ups automatically.

If this is even slightly an issue on your side, I can show you exactly how we set it up this week.

Gray Horizons Enterprise

To opt out of future emails, reply with REMOVE.
https://calendly.com/grayhorizonsenterprise/30min","sent","hoa",""
"AIS Heating & Air | HVAC Company In Fremont & Livermore, CA","","daniel@aisheatingandair.com","https://aisheatingandair.com/","Something we built","Hi,

Quick question - when your line is busy or it's after hours and a customer calls about a broken AC or furnace, what happens to that call?

If it goes to voicemail, research shows 80% of those customers book the next company that answers before you call back.

We built a follow-up system that responds to those inquiries automatically and keeps them engaged until your team can get them on the schedule. Happy to show you how it works in 20 minutes.

https://calendly.com/grayhorizonsenterprise/30min


We offer a 7-day free trial. No cost, no contract. You see it running before committing to anything.
Gray Horizons Enterprise

To opt out of future emails, reply with REMOVE.","sent","hvac",""
"Plumbing | Great Falls, MT | Central Plumbing, Heating, Exca","","pat.bahnmiller@centralph.com","https://www.centralph.com/","How do you handle this?","Hey,

Most HVAC owners I talk to say the same thing - the jobs they lose aren't from bad work, they're from slow follow-up. Estimate sent, no response, job goes to whoever follows up first.

We built an automated system that follows up on every open estimate and every missed inquiry without anyone on your team having to do it manually.

If that sounds like something worth looking at, grab a time here: https://calendly.com/grayhorizonsenterprise/30min.


We offer a 7-day free trial. No cost, no contract. You see it running before committing to anything.
Gray Horizons Enterprise

To opt out of future emails, reply with REMOVE.","sent","hvac",""
"Cottonwood","","jeldair@actionlife.com","https://canyonhillshoa.net/","Quick question","
We offer a 7-day free trial. No cost, no contract. You see it running before committing to anything.
Gray Horizons Enterprise here.

HOA teams we've worked with had the same problem - violations documented at the start, then lost somewhere between board review and resolution.

We built a system that tracks the full lifecycle automatically so nothing slips.

I can show you exactly how it works and get it running for your team this week.

Gray Horizons Enterprise

To opt out of future emails, reply with REMOVE.
https://calendly.com/grayhorizonsenterprise/30min","sent","hoa",""
"Chimbilaco: Mito del Chocó | Mitos de Colombia","","correo@ejemplo.com","https://www.mitosdecolombia.com/mitos/chimbilaco","Something we built for HOA teams","
We offer a 7-day free trial. No cost, no contract. You see it running before committing to anything.
Gray Horizons Enterprise here.

The biggest issue we keep seeing with HOA teams is violations getting lost between report, board review, and resolution.

We built a system that locks that entire process down so nothing slips through.

If you want, I can walk you through it and get something similar set up for you quickly.

Gray Horizons Enterprise

To opt out of future emails, reply with REMOVE.
https://calendly.com/grayhorizonsenterprise/30min","sent","hoa",""
"Boise Plumber | Master Plumbing","","dispatcher@callmasternow.com","https://masterrooter.com/boise-plumbing-services/","Something we built","Hi,

After-hours and weekend calls are where most plumbing companies lose the most jobs - by the time someone calls back the customer has already moved on.

We built a system that captures and responds to those inquiries automatically so you stop losing jobs to whoever answers first.

I can show you exactly how we set it up this week.


We offer a 7-day free trial. No cost, no contract. You see it running before committing to anything.
Gray Horizons Enterprise

To opt out of future emails, reply with REMOVE.
https://calendly.com/grayhorizonsenterprise/30min","sent","plumbing",""
"Santa Isabel Municipio, Puerto Rico parcel data - Regrid","","parcels@regrid.com","https://app.regrid.com/store/esri/us/pr/santa-isabel","Something we built for HOA teams","
We offer a 7-day free trial. No cost, no contract. You see it running before committing to anything.
Gray Horizons Enterprise here.

The biggest issue we keep seeing with HOA teams is violations getting lost between report, board review, and resolution.

We built a system that locks that entire process down so nothing slips through.

If you want, I can walk you through it and get something similar set up for you quickly.

Gray Horizons Enterprise

To opt out of future emails, reply with REMOVE.
https://calendly.com/grayhorizonsenterprise/30min","sent","hoa",""
"Best Dentists Near Me in Albuquerque, New Mexico | Delta Den","","frontoffice@douglasgibbonsdds.com","https://www.deltadental.com/member/find-a-dentist/new-mexico/albuquerque-dentists/","Question for you","Hi,

Patient no-shows cost the average dental practice $50,000-$150,000 per year in lost chair time. Most practices send one reminder. We send an automated sequence that cuts no-show rates by 40-60%.

Happy to walk you through exactly how it works: https://calendly.com/grayhorizonsenterprise/30min.


We offer a 7-day free trial. No cost, no contract. You see it running before committing to anything.
Gray Horizons Enterprise

To opt out of future emails, reply with REMOVE.","sent","dental",""
"#1 Oakdale Plumber - Martin Plumbing","","richard.martin@rmartinplumbing.com","https://rmartinplumbing.com/","Question for you","Hey,

Direct question - when an emergency call comes in at night and your main line is busy, how does your team handle it? Does it route somewhere or go to voicemail?

That's usually the biggest gap I hear about from plumbing companies.


We offer a 7-day free trial. No cost, no contract. You see it running before committing to anything.
Gray Horizons Enterprise

To opt out of future emails, reply with REMOVE.
https://calendly.com/grayhorizonsenterprise/30min","sent","plumbing",""
"Susanville, CA Homes For Sale & Real Estate - REMAX","","dj@interonv.com","https://www.remax.com/homes-for-sale/ca/susanville/city/0677364","Quick question","Hi,

After-hours leads from homeowners - when they come in through your website or Google listing at night, what happens to them? Does something catch it automatically or does it sit until morning?

Just asking because that's usually where the fastest-responding contractor wins the job.


We offer a 7-day free trial. No cost, no contract. You see it running before committing to anything.
Gray Horizons Enterprise

To opt out of future emails, reply with REMOVE.
https://calendly.com/grayhorizonsenterprise/30min","sent","contractor",""
"Reno Plumbing Services | Reno Plumbing Doctor","","jeri@renoplumbingdoctor.com","https://renoplumbingdoctor.com/","How do you handle missed calls?","Hi,

After-hours and weekend calls are where most plumbing companies lose the most jobs - by the time someone calls back the customer has already moved on.

We built a system that captures and responds to those inquiries automatically so you stop losing jobs to whoever answers first.

I can show you exactly how we set it up this week.


We offer a 7-day free trial. No cost, no contract. You see it running before committing to anything.
Gray Horizons Enterprise

To opt out of future emails, reply with REMOVE.
https://calendly.com/grayhorizonsenterprise/30min","sent","plumbing",""
"Cabinet Refacing | North County Kitchens | Petaluma","","andrew@northcountykitchens.com","https://www.northcountykitchens.com/","Something we built for contractors","Hi,

The gap between a lead reaching out and your team getting them a quote is usually where the job goes to a competitor.

We built a system that cuts that response time down and automates the follow-up so no lead goes cold.

I can get you set up in about a week. Let me know and I will show you exactly how it works.


We offer a 7-day free trial. No cost, no contract. You see it running before committing to anything.
Gray Horizons Enterprise

To opt out of future emails, reply with REMOVE.
https://calendly.com/grayhorizonsenterprise/30min","sent","contractor",""
"What Is Community—And How Can You Build One of Your Own?","","sw-72587@skyword.com","https://www.rd.com/article/what-is-community/","Quick question","
We offer a 7-day free trial. No cost, no contract. You see it running before committing to anything.
Gray Horizons Enterprise here.

Violation follow-up is where most HOA teams lose time - the documentation exists but pulling it together for a board review or audit takes way longer than it should.

We fixed that for a handful of firms and now it runs on its own.

I can walk you through the setup this week and show you what it looks like in practice.

Gray Horizons Enterprise

To opt out of future emails, reply with REMOVE.
https://calendly.com/grayhorizonsenterprise/30min","sent","hoa",""
"AV Roofing & Construction, Inc. | Lancaster, California","","karen@avroofinginc.com","https://avroofinginc.com/","Something we built for contractors","Hey,

After-hours inquiries from homeowners are some of the highest-intent leads a contractor gets - and most of them go unanswered until the next day.

We built a system that captures and responds to those leads automatically so you are always first to respond.

I can show you how we set it up this week.


We offer a 7-day free trial. No cost, no contract. You see it running before committing to anything.
Gray Horizons Enterprise

To opt out of future emails, reply with REMOVE.
https://calendly.com/grayhorizonsenterprise/30min","sent","contractor",""
"Bull Roofing Inc. - Antelope Valley Roofing Contractor","","jorge@bullroofinginc.com","https://bullroofinginc.com/","Something we built for contractors","Hey,

When you send out an estimate and don't hear back, what does your follow-up process look like? Is there a system tracking each open bid or does it depend on whoever sent it remembering to follow up?

That's usually where jobs go cold.


We offer a 7-day free trial. No cost, no contract. You see it running before committing to anything.
Gray Horizons Enterprise

To opt out of future emails, reply with REMOVE.
https://calendly.com/grayhorizonsenterprise/30min","sent","contractor",""
"Sewer Inspection San Diego, CA | The Sewer Pros","","tracy@thesewerpros.com","https://www.thesewerprossd.com/","Question for you","Hi,

The gap between a job finishing and the customer leaving a review is where most plumbing companies lose their referral pipeline.

We built a system that handles post-job follow-up and review collection automatically.

I can show you how it works this week.


We offer a 7-day free trial. No cost, no contract. You see it running before committing to anything.
Gray Horizons Enterprise

To opt out of future emails, reply with REMOVE.
https://calendly.com/grayhorizonsenterprise/30min","sent","plumbing",""
"Bell Brothers | Expert Plumbing And HVAC Services Near Sacra","","csr@bellbroshvac.com","https://bellbroshvac.com/","Something we built","Hi,

Quick question - when your line is busy or it's after hours and a customer calls about a broken AC or furnace, what happens to that call?

If it goes to voicemail, research shows 80% of those customers book the next company that answers before you call back.

We built a follow-up system that responds to those inquiries automatically and keeps them engaged until your team can get them on the schedule. Happy to show you how it works in 20 minutes.

https://calendly.com/grayhorizonsenterprise/30min


We offer a 7-day free trial. No cost, no contract. You see it running before committing to anything.
Gray Horizons Enterprise

To opt out of future emails, reply with REMOVE.","sent","hvac",""
"Home | Dan The SprinklerMa","","dan@danthesprinklerman.com","https://www.danthesprinklerman.com/","Something we built","Hi,

Seasonal clients who go quiet between services are lost revenue that most landscaping companies never recover.

We built a system that keeps every recurring client on schedule with automatic reminders and follow-up.

I can walk you through it this week and show you what it looks like running.


We offer a 7-day free trial. No cost, no contract. You see it running before committing to anything.
Gray Horizons Enterprise

To opt out of future emails, reply with REMOVE.
https://calendly.com/grayhorizonsenterprise/30min","sent","landscaping",""
"Valley View Sewer District: Valley View Sewer District","","valvue@valleyviewsewer.org","https://www.valleyviewsewer.org/","How do you handle missed calls?","Hi,

Emergency calls are where plumbing companies win or lose customers - the ones who respond fastest get the job.

We built a dispatch system that routes emergency calls to the right tech instantly and keeps the customer updated automatically.

I can walk you through it this week and show you what it looks like running.


We offer a 7-day free trial. No cost, no contract. You see it running before committing to anything.
Gray Horizons Enterprise

To opt out of future emails, reply with REMOVE.
https://calendly.com/grayhorizonsenterprise/30min","sent","plumbing",""
"Best Dentists Near Me in Murrieta, California | Delta Dental","","credentialing@pacden.com","https://www.deltadental.com/member/find-a-dentist/california/murrieta-dentists/","Quick question","Hi,

Patient no-shows cost the average dental practice $50,000-$150,000 per year in lost chair time. Most practices send one reminder. We send an automated sequence that cuts no-show rates by 40-60%.

Happy to walk you through exactly how it works: https://calendly.com/grayhorizonsenterprise/30min.


We offer a 7-day free trial. No cost, no contract. You see it running before committing to anything.
Gray Horizons Enterprise

To opt out of future emails, reply with REMOVE.","sent","dental",""
"Dentist Sacramento | The Best Dentists in Sacramento Califor","","drgaldiano@galdianosmiles.com","https://www.dentistsranked.com/dentists/Sacramento-CA","Something we built for practices","Hi,

Patient no-shows cost the average dental practice $50,000-$150,000 per year in lost chair time. Most practices send one reminder. We send an automated sequence that cuts no-show rates by 40-60%.

Happy to walk you through exactly how it works: https://calendly.com/grayhorizonsenterprise/30min.


We offer a 7-day free trial. No cost, no contract. You see it running before committing to anything.
Gray Horizons Enterprise

To opt out of future emails, reply with REMOVE.","sent","dental",""
"Watch Heat (1995) - Free Movies | Tubi","","partnerships@tubi.tv","https://tubitv.com/movies/611324/heat","How do you handle this?","Hey,

HVAC companies with a full schedule typically miss 15-20 calls a week during peak season. At an average job value of $450, that's $6,750-$9,000 walking out the door every week.

We set up an automated follow-up system for HVAC shops that catches every missed inquiry and follows up immediately - so the customer hears from you before they book someone else.

Three shops we've set this up for recovered 6-10 jobs in the first month they'd have otherwise lost.

Worth a 20-minute call to see if it fits? https://calendly.com/grayhorizonsenterprise/30min.


We offer a 7-day free trial. No cost, no contract. You see it running before committing to anything.
Gray Horizons Enterprise

To opt out of future emails, reply with REMOVE.","sent","hvac",""
"Independent Roofing Contractors Near Me - Owens Corning","","aa@caconstruction.net","https://www.owenscorning.com/en-us/roofing/contractors/locations/ca/running-springs","Question for you","Hey,

Contractors lose more jobs to slow follow-up than to price - the client moves on before the estimate even gets a response.

We fixed that for several firms with a system that tracks every estimate and follows up automatically.

I can show you what that looks like this week.


We offer a 7-day free trial. No cost, no contract. You see it running before committing to anything.
Gray Horizons Enterprise

To opt out of future emails, reply with REMOVE.
https://calendly.com/grayhorizonsenterprise/30min","sent","contractor",""
"New Albany Heating & Cooling - HVAC Service & Repair","","inbound@newalbanyheatingcooling.com","https://www.newalbanyheatingcooling.com/","Something we built","Hi,

Quick question - when your line is busy or it's after hours and a customer calls about a broken AC or furnace, what happens to that call?

If it goes to voicemail, research shows 80% of those customers book the next company that answers before you call back.

We built a follow-up system that responds to those inquiries automatically and keeps them engaged until your team can get them on the schedule. Happy to show you how it works in 20 minutes.

https://calendly.com/grayhorizonsenterprise/30min


We offer a 7-day free trial. No cost, no contract. You see it running before committing to anything.
Gray Horizons Enterprise

To opt out of future emails, reply with REMOVE.","sent","hvac",""
"Lake Forest Condos For Sale - Lake Forest Condominiums","","brad@bradkorb.com","https://www.lahomes.com/lake-forest/condos/","Something we built for HOA teams","
We offer a 7-day free trial. No cost, no contract. You see it running before committing to anything.
Gray Horizons Enterprise here.

Violation follow-up is where most HOA teams lose time - the documentation exists but pulling it together for a board review or audit takes way longer than it should.

We fixed that for a handful of firms and now it runs on its own.

I can walk you through the setup this week and show you what it looks like in practice.

Gray Horizons Enterprise

To opt out of future emails, reply with REMOVE.
https://calendly.com/grayhorizonsenterprise/30min","sent","hoa",""
"Water - Simple English Wikipedia, the free encyclopedia","","information@eso.org","https://simple.wikipedia.org/wiki/Water","Something we built","Hey,

Post-job follow-up almost never happens in plumbing - no check-in call, no review request, no next service reminder.

We built that entire process into a system that runs automatically after every job closes.

I can show you what it looks like and get it running for your team this week.


We offer a 7-day free trial. No cost, no contract. You see it running before committing to anything.
Gray Horizons Enterprise

To opt out of future emails, reply with REMOVE.
https://calendly.com/grayhorizonsenterprise/30min","sent","plumbing",""
"Menas HOA Management","","info@menas.com","https://menas.com/","Process question","
We offer a 7-day free trial. No cost, no contract. You see it running before committing to anything.
Gray Horizons Enterprise here.

Straight to it - we help HOA management teams stop losing violations in the handoff between report, tracking, and resolution.

Most teams we work with had it happening constantly and didn't realize how much time it was costing.

I can show you exactly how we fixed it this week if you want to see it.

Gray Horizons Enterprise

To opt out of future emails, reply with REMOVE.
https://calendly.com/grayhorizonsenterprise/30min","skipped","hoa",""
"HOA Services USA","","info@hoaservicesusa.com","https://hoaservicesusa.com/","How do you handle this?","
We offer a 7-day free trial. No cost, no contract. You see it running before committing to anything.
Gray Horizons Enterprise here.

The gap between a homeowner filing a report and that violation being fully resolved is where HOA teams take on the most risk.

We built a system that locks that gap down - every step tracked, documented, and followed up automatically.

I can get you set up in about a week. Let me know and I'll show you exactly how it works.

Gray Horizons Enterprise

To opt out of future emails, reply with REMOVE.
https://calendly.com/grayhorizonsenterprise/30min","skipped","hoa",""
"thecondoboss","","info@chicagopropertyservices.com","https://chicagopropertyservices.com/how-to-find-the-best-small-condo-association-management-company-in-chicago/","Process question","
We offer a 7-day free trial. No cost, no contract. You see it running before committing to anything.
Gray Horizons Enterprise here.

The gap between a homeowner filing a report and that violation being fully resolved is where HOA teams take on the most risk.

We built a system that locks that gap down - every step tracked, documented, and followed up automatically.

I can get you set up in about a week. Let me know and I'll show you exactly how it works.

Gray Horizons Enterprise

To opt out of future emails, reply with REMOVE.
https://calendly.com/grayhorizonsenterprise/30min","skipped","hoa",""
"First Community Management","","info@condomanagement.com","https://condomanagement.com/about-us/affiliations/","Quick question","
We offer a 7-day free trial. No cost, no contract. You see it running before committing to anything.
Gray Horizons Enterprise here.

HOA teams we've worked with had the same problem - violations documented at the start, then lost somewhere between board review and resolution.

We built a system that tracks the full lifecycle automatically so nothing slips.

I can show you exactly how it works and get it running for your team this week.

Gray Horizons Enterprise

To opt out of future emails, reply with REMOVE.
https://calendly.com/grayhorizonsenterprise/30min","skipped","hoa",""
"Association Management Consultants Corp","","info@amcconline.com","https://amcconline.com/","Something we built for HOA teams","
We offer a 7-day free trial. No cost, no contract. You see it running before committing to anything.
Gray Horizons Enterprise here.

Straight to it - we help HOA management teams stop losing violations in the handoff between report, tracking, and resolution.

Most teams we work with had it happening constantly and didn't realize how much time it was costing.

I can show you exactly how we fixed it this week if you want to see it.

Gray Horizons Enterprise

To opt out of future emails, reply with REMOVE.
https://calendly.com/grayhorizonsenterprise/30min","skipped","hoa",""
"The Schochet Companies > Home","","info@schochet.com","https://www.schochet.com/","Quick question","Hey,

Quick question - when a violation gets reported, what does your process look like from that initial report to final resolution? Is there a system tracking each step or is it mostly email threads?

That gap is where most HOA teams run into problems.


We offer a 7-day free trial. No cost, no contract. You see it running before committing to anything.
Gray Horizons Enterprise

To opt out of future emails, reply with REMOVE.
https://calendly.com/grayhorizonsenterprise/30min","skipped","hoa",""
"Home","","info@sahma.org","https://www.sahma.org/","Quick question","Hey,

Quick question - when a violation gets reported, what does your process look like from that initial report to final resolution? Is there a system tracking each step or is it mostly email threads?

That gap is where most HOA teams run into problems.


We offer a 7-day free trial. No cost, no contract. You see it running before committing to anything.
Gray Horizons Enterprise

To opt out of future emails, reply with REMOVE.
https://calendly.com/grayhorizonsenterprise/30min","skipped","hoa",""
"Homeowners Protection Bureau, LLC","","info@hopb.co","https://www.hopb.co/homeowners-association-hoa-directory","Quick question","
We offer a 7-day free trial. No cost, no contract. You see it running before committing to anything.
Gray Horizons Enterprise here.

The gap between a homeowner filing a report and that violation being fully resolved is where HOA teams take on the most risk.

We built a system that locks that gap down - every step tracked, documented, and followed up automatically.

I can get you set up in about a week. Let me know and I'll show you exactly how it works.

Gray Horizons Enterprise

To opt out of future emails, reply with REMOVE.
https://calendly.com/grayhorizonsenterprise/30min","skipped","hoa",""
"Homeland HOA Management","","info@homelandhoa.com","https://www.homelandhoa.com/","How do you handle this?","
We offer a 7-day free trial. No cost, no contract. You see it running before committing to anything.
Gray Horizons Enterprise here.

Most HOA teams we've worked with were losing track of violations between the initial report and final resolution.

We fixed that with a simple system that handles tracking and follow-ups automatically.

If this is even slightly an issue on your side, I can show you exactly how we set it up this week.

Gray Horizons Enterprise

To opt out of future emails, reply with REMOVE.
https://calendly.com/grayhorizonsenterprise/30min","skipped","hoa",""
"Brookwater Management","","info@brookwatermgt.com","https://www.brookwatermgt.com/","How do you handle this?","
We offer a 7-day free trial. No cost, no contract. You see it running before committing to anything.
Gray Horizons Enterprise here.

HOA teams we've worked with had the same problem - violations documented at the start, then lost somewhere between board review and resolution.

We built a system that tracks the full lifecycle automatically so nothing slips.

I can show you exactly how it works and get it running for your team this week.

Gray Horizons Enterprise

To opt out of future emails, reply with REMOVE.
https://calendly.com/grayhorizonsenterprise/30min","skipped","hoa",""
"Multi-Family Property Management","","info@cohenesrey.com","https://www.cohenesrey.com/property-management.html","Process question","Hey,

Quick question - when a violation gets reported, what does your process look like from that initial report to final resolution? Is there a system tracking each step or is it mostly email threads?

That gap is where most HOA teams run into problems.


We offer a 7-day free trial. No cost, no contract. You see it running before committing to anything.
Gray Horizons Enterprise

To opt out of future emails, reply with REMOVE.
https://calendly.com/grayhorizonsenterprise/30min","skipped","hoa",""
"4G Property Management","","info@4gpropertymgt.com","https://4gpropertymgt.com/","Something we built for HOA teams","
We offer a 7-day free trial. No cost, no contract. You see it running before committing to anything.
Gray Horizons Enterprise here.

HOA teams we've worked with had the same problem - violations documented at the start, then lost somewhere between board review and resolution.

We built a system that tracks the full lifecycle automatically so nothing slips.

I can show you exactly how it works and get it running for your team this week.

Gray Horizons Enterprise

To opt out of future emails, reply with REMOVE.
https://calendly.com/grayhorizonsenterprise/30min","skipped","hoa",""
"Kalispell Property Management You Can Trust","","info@pmirealtymgnw.com","https://www.kalispellpropertymanagementinc.com/","How do you handle this?","Hey,

Quick question - when a violation gets reported, what does your process look like from that initial report to final resolution? Is there a system tracking each step or is it mostly email threads?

That gap is where most HOA teams run into problems.


We offer a 7-day free trial. No cost, no contract. You see it running before committing to anything.
Gray Horizons Enterprise

To opt out of future emails, reply with REMOVE.
https://calendly.com/grayhorizonsenterprise/30min","skipped","hoa",""
"Gem State Property Management LLC","","info@gemstatepropertymgmt.com","https://gemstatepropertymgmt.net/","Quick question","
We offer a 7-day free trial. No cost, no contract. You see it running before committing to anything.
Gray Horizons Enterprise here.

Most HOA teams we've worked with were losing track of violations between the initial report and final resolution.

We fixed that with a simple system that handles tracking and follow-ups automatically.

If this is even slightly an issue on your side, I can show you exactly how we set it up this week.

Gray Horizons Enterprise

To opt out of future emails, reply with REMOVE.
https://calendly.com/grayhorizonsenterprise/30min","skipped","hoa",""
"Asset Living","","info@assetliving.com","https://www.assetliving.com/","Quick question","
We offer a 7-day free trial. No cost, no contract. You see it running before committing to anything.
Gray Horizons Enterprise here.

The biggest issue we keep seeing with HOA teams is violations getting lost between report, board review, and resolution.

We built a system that locks that entire process down so nothing slips through.

If you want, I can walk you through it and get something similar set up for you quickly.

Gray Horizons Enterprise

To opt out of future emails, reply with REMOVE.
https://calendly.com/grayhorizonsenterprise/30min","skipped","hoa",""
"Capital Community Management, LLC","","info@capitalcpm.com","https://capitalcpm.com/","Process question","
We offer a 7-day free trial. No cost, no contract. You see it running before committing to anything.
Gray Horizons Enterprise here.

HOA teams we've worked with had the same problem - violations documented at the start, then lost somewhere between board review and resolution.

We built a system that tracks the full lifecycle automatically so nothing slips.

I can show you exactly how it works and get it running for your team this week.

Gray Horizons Enterprise

To opt out of future emails, reply with REMOVE.
https://calendly.com/grayhorizonsenterprise/30min","skipped","hoa",""
"Metropolitan Properties","","info@mpmnashville.com","https://www.mpnashville615.com/meet-our-team","Something we built for HOA teams","Hey,

Quick question - when a violation gets reported, what does your process look like from that initial report to final resolution? Is there a system tracking each step or is it mostly email threads?

That gap is where most HOA teams run into problems.


We offer a 7-day free trial. No cost, no contract. You see it running before committing to anything.
Gray Horizons Enterprise

To opt out of future emails, reply with REMOVE.
https://calendly.com/grayhorizonsenterprise/30min","skipped","hoa",""
"AmpAir","","info@ampairllc.com","https://ampairllc.com/","How do you handle this?","Hey,

HVAC companies with a full schedule typically miss 15-20 calls a week during peak season. At an average job value of $450, that's $6,750-$9,000 walking out the door every week.

We set up an automated follow-up system for HVAC shops that catches every missed inquiry and follows up immediately - so the customer hears from you before they book someone else.

Three shops we've set this up for recovered 6-10 jobs in the first month they'd have otherwise lost.

Worth a 20-minute call to see if it fits? https://calendly.com/grayhorizonsenterprise/30min.


We offer a 7-day free trial. No cost, no contract. You see it running before committing to anything.
Gray Horizons Enterprise

To opt out of future emails, reply with REMOVE.","skipped","hvac",""
"About Energy Control HVAC","","Info@energycontrolhvac.com","https://www.energycontrolhvac.com/about.html","Quick question","Hi,

The average HVAC company loses $45,000-$120,000 per year to missed and unreturned calls. Most owners don't realize it because there's no system tracking what's being lost.

We fix that. I can show you exactly what it looks like for a shop your size in 20 minutes.

https://calendly.com/grayhorizonsenterprise/30min


We offer a 7-day free trial. No cost, no contract. You see it running before committing to anything.
Gray Horizons Enterprise

To opt out of future emails, reply with REMOVE.","skipped","hvac",""
"Innovative Mechanical Inc.","","info@innovativemech.com","https://innovativemech.com/","Quick question","Hey,

Most HVAC owners I talk to say the same thing - the jobs they lose aren't from bad work, they're from slow follow-up. Estimate sent, no response, job goes to whoever follows up first.

We built an automated system that follows up on every open estimate and every missed inquiry without anyone on your team having to do it manually.

If that sounds like something worth looking at, grab a time here: https://calendly.com/grayhorizonsenterprise/30min.


We offer a 7-day free trial. No cost, no contract. You see it running before committing to anything.
Gray Horizons Enterprise

To opt out of future emails, reply with REMOVE.","skipped","hvac",""
"Air Conditioning Champ","","info@airconditioningchamp.com","https://www.airconditioningchamp.com/","How do you handle this?","Hey,

Most HVAC owners I talk to say the same thing - the jobs they lose aren't from bad work, they're from slow follow-up. Estimate sent, no response, job goes to whoever follows up first.

We built an automated system that follows up on every open estimate and every missed inquiry without anyone on your team having to do it manually.

If that sounds like something worth looking at, grab a time here: https://calendly.com/grayhorizonsenterprise/30min.


We offer a 7-day free trial. No cost, no contract. You see it running before committing to anything.
Gray Horizons Enterprise

To opt out of future emails, reply with REMOVE.","skipped","hvac",""
"AirX LLC","","info@airx.llc","https://airx.llc/","Question for you","Hi,

Quick question - when your line is busy or it's after hours and a customer calls about a broken AC or furnace, what happens to that call?

If it goes to voicemail, research shows 80% of those customers book the next company that answers before you call back.

We built a follow-up system that responds to those inquiries automatically and keeps them engaged until your team can get them on the schedule. Happy to show you how it works in 20 minutes.

https://calendly.com/grayhorizonsenterprise/30min


We offer a 7-day free trial. No cost, no contract. You see it running before committing to anything.
Gray Horizons Enterprise

To opt out of future emails, reply with REMOVE.","skipped","hvac",""
"Commercial Refrigeration, HVAC & Sheet Metal","","Info@westcoast-mc.com","https://www.westcoast-mc.com/","Question for you","Hi,

The average HVAC company loses $45,000-$120,000 per year to missed and unreturned calls. Most owners don't realize it because there's no system tracking what's being lost.

We fix that. I can show you exactly what it looks like for a shop your size in 20 minutes.

https://calendly.com/grayhorizonsenterprise/30min


We offer a 7-day free trial. No cost, no contract. You see it running before committing to anything.
Gray Horizons Enterprise

To opt out of future emails, reply with REMOVE.","skipped","hvac",""
"Gentherm","","info@gentherm.com","https://gentherm.com/en/","Question for you","Hi,

Quick question - when your line is busy or it's after hours and a customer calls about a broken AC or furnace, what happens to that call?

If it goes to voicemail, research shows 80% of those customers book the next company that answers before you call back.

We built a follow-up system that responds to those inquiries automatically and keeps them engaged until your team can get them on the schedule. Happy to show you how it works in 20 minutes.

https://calendly.com/grayhorizonsenterprise/30min


We offer a 7-day free trial. No cost, no contract. You see it running before committing to anything.
Gray Horizons Enterprise

To opt out of future emails, reply with REMOVE.","skipped","hvac",""
"75 Degree AC","","info@75degreeac.com","https://75degreeac.com/services/air-conditioning-repair/","Something we built","Hey,

HVAC companies with a full schedule typically miss 15-20 calls a week during peak season. At an average job value of $450, that's $6,750-$9,000 walking out the door every week.

We set up an automated follow-up system for HVAC shops that catches every missed inquiry and follows up immediately - so the customer hears from you before they book someone else.

Three shops we've set this up for recovered 6-10 jobs in the first month they'd have otherwise lost.

Worth a 20-minute call to see if it fits? https://calendly.com/grayhorizonsenterprise/30min.


We offer a 7-day free trial. No cost, no contract. You see it running before committing to anything.
Gray Horizons Enterprise

To opt out of future emails, reply with REMOVE.","skipped","hvac",""
"McCutcheon & Sons Air Conditioning and Plumbing","","info@mccutcheonandsons.com","https://mccutcheonandsons.com/about-us","Question for you","Hey,

HVAC companies with a full schedule typically miss 15-20 calls a week during peak season. At an average job value of $450, that's $6,750-$9,000 walking out the door every week.

We set up an automated follow-up system for HVAC shops that catches every missed inquiry and follows up immediately - so the customer hears from you before they book someone else.

Three shops we've set this up for recovered 6-10 jobs in the first month they'd have otherwise lost.

Worth a 20-minute call to see if it fits? https://calendly.com/grayhorizonsenterprise/30min.


We offer a 7-day free trial. No cost, no contract. You see it running before committing to anything.
Gray Horizons Enterprise

To opt out of future emails, reply with REMOVE.","skipped","hvac",""
"A Plus HVAC Los Angeles","","info@aplushvaclosangeles.com","https://aplushvaclosangeles.com/hvac-glendale/","Something we built","Hi,

The average HVAC company loses $45,000-$120,000 per year to missed and unreturned calls. Most owners don't realize it because there's no system tracking what's being lost.

We fix that. I can show you exactly what it looks like for a shop your size in 20 minutes.

https://calendly.com/grayhorizonsenterprise/30min


We offer a 7-day free trial. No cost, no contract. You see it running before committing to anything.
Gray Horizons Enterprise

To opt out of future emails, reply with REMOVE.","skipped","hvac",""
"Locations","","Info@ameriserve.com","https://ameriserve.com/locations/","Quick question","Hi,

The average HVAC company loses $45,000-$120,000 per year to missed and unreturned calls. Most owners don't realize it because there's no system tracking what's being lost.

We fix that. I can show you exactly what it looks like for a shop your size in 20 minutes.

https://calendly.com/grayhorizonsenterprise/30min


We offer a 7-day free trial. No cost, no contract. You see it running before committing to anything.
Gray Horizons Enterprise

To opt out of future emails, reply with REMOVE.","skipped","hvac",""
"ConServ Building Services","","info@conservonline.com","https://conservonline.com/","Quick question","Hey,

Most HVAC owners I talk to say the same thing - the jobs they lose aren't from bad work, they're from slow follow-up. Estimate sent, no response, job goes to whoever follows up first.

We built an automated system that follows up on every open estimate and every missed inquiry without anyone on your team having to do it manually.

If that sounds like something worth looking at, grab a time here: https://calendly.com/grayhorizonsenterprise/30min.


We offer a 7-day free trial. No cost, no contract. You see it running before committing to anything.
Gray Horizons Enterprise

To opt out of future emails, reply with REMOVE.","skipped","hvac",""
"Serving Communities Across Northern Nevada","","info@mountainwestac.com","https://www.mountainwestac.com/locations","Question for you","Hi,

The average HVAC company loses $45,000-$120,000 per year to missed and unreturned calls. Most owners don't realize it because there's no system tracking what's being lost.

We fix that. I can show you exactly what it looks like for a shop your size in 20 minutes.

https://calendly.com/grayhorizonsenterprise/30min


We offer a 7-day free trial. No cost, no contract. You see it running before committing to anything.
Gray Horizons Enterprise

To opt out of future emails, reply with REMOVE.","skipped","hvac",""
"Midwestern Mechanical","","info@mwmech.com","https://midwesternmechanical.com/","Quick question","Hi,

The average HVAC company loses $45,000-$120,000 per year to missed and unreturned calls. Most owners don't realize it because there's no system tracking what's being lost.

We fix that. I can show you exactly what it looks like for a shop your size in 20 minutes.

https://calendly.com/grayhorizonsenterprise/30min


We offer a 7-day free trial. No cost, no contract. You see it running before committing to anything.
Gray Horizons Enterprise

To opt out of future emails, reply with REMOVE.","skipped","hvac",""
"AVENT CONTRACTING, LLC.","","info@aventcontracting.com","https://www.aventcontracting.com/","Something we built","Hey,

Most HVAC owners I talk to say the same thing - the jobs they lose aren't from bad work, they're from slow follow-up. Estimate sent, no response, job goes to whoever follows up first.

We built an automated system that follows up on every open estimate and every missed inquiry without anyone on your team having to do it manually.

If that sounds like something worth looking at, grab a time here: https://calendly.com/grayhorizonsenterprise/30min.


We offer a 7-day free trial. No cost, no contract. You see it running before committing to anything.
Gray Horizons Enterprise

To opt out of future emails, reply with REMOVE.","skipped","hvac",""
"Comfort Monster Heating & Air","","info@comfortmonster.com","https://comfortmonster.com/","Something we built","Hi,

The average HVAC company loses $45,000-$120,000 per year to missed and unreturned calls. Most owners don't realize it because there's no system tracking what's being lost.

We fix that. I can show you exactly what it looks like for a shop your size in 20 minutes.

https://calendly.com/grayhorizonsenterprise/30min


We offer a 7-day free trial. No cost, no contract. You see it running before committing to anything.
Gray Horizons Enterprise

To opt out of future emails, reply with REMOVE.","skipped","hvac",""
"Familia Dental |","","info@familiadental.com","https://www.familiadental.com/","Something we built for practices","Hey,

Most practices have 200-400 patients who called or filled out a form, never booked, and were never followed up with again. That's $240,000-$480,000 in lost lifetime value sitting in a spreadsheet or voicemail box.

We built a reactivation system that reaches back out to those patients automatically and gets them back on the schedule.

I can show you what this looks like for your practice in 20 minutes: https://calendly.com/grayhorizonsenterprise/30min.


We offer a 7-day free trial. No cost, no contract. You see it running before committing to anything.
Gray Horizons Enterprise

To opt out of future emails, reply with REMOVE.","skipped","dental",""
"Family-Run Wichita Dentist","","info@wichitadentalco.com","https://wichitadentalco.com/","Question for you","Hi,

Quick question for you - when a new patient submits a form on your website at 8pm on a Tuesday, what happens to that inquiry?

If it sits until the next morning, research shows 78% of those patients have already booked somewhere else by the time you call back.

We fix that with an automated follow-up system. Three practices we've set this up for saw immediate increases in new patient bookings in the first 30 days.

Worth 20 minutes to see the setup? https://calendly.com/grayhorizonsenterprise/30min.


We offer a 7-day free trial. No cost, no contract. You see it running before committing to anything.
Gray Horizons Enterprise

To opt out of future emails, reply with REMOVE.","skipped","dental",""
"Dental Care of Wichita","","info@dentalcareofwichita.com","https://dentalcareofwichita.com/","Quick question","Hi,

Quick question for you - when a new patient submits a form on your website at 8pm on a Tuesday, what happens to that inquiry?

If it sits until the next morning, research shows 78% of those patients have already booked somewhere else by the time you call back.

We fix that with an automated follow-up system. Three practices we've set this up for saw immediate increases in new patient bookings in the first 30 days.

Worth 20 minutes to see the setup? https://calendly.com/grayhorizonsenterprise/30min.


We offer a 7-day free trial. No cost, no contract. You see it running before committing to anything.
Gray Horizons Enterprise

To opt out of future emails, reply with REMOVE.","skipped","dental",""
"Boise Family Dental Care","","contact@boisedentist.com","https://www.boisedentist.com/","Quick question","Hi,

Quick question for you - when a new patient submits a form on your website at 8pm on a Tuesday, what happens to that inquiry?

If it sits until the next morning, research shows 78% of those patients have already booked somewhere else by the time you call back.

We fix that with an automated follow-up system. Three practices we've set this up for saw immediate increases in new patient bookings in the first 30 days.

Worth 20 minutes to see the setup? https://calendly.com/grayhorizonsenterprise/30min.


We offer a 7-day free trial. No cost, no contract. You see it running before committing to anything.
Gray Horizons Enterprise

To opt out of future emails, reply with REMOVE.","skipped","dental",""
"The Community Health Center of Lubbock","","info@chcl.tachc.org","https://www.chclubbock.org/community-dental-clinic/","Quick question","Hi,

Patient no-shows cost the average dental practice $50,000-$150,000 per year in lost chair time. Most practices send one reminder. We send an automated sequence that cuts no-show rates by 40-60%.

Happy to walk you through exactly how it works: https://calendly.com/grayhorizonsenterprise/30min.


We offer a 7-day free trial. No cost, no contract. You see it running before committing to anything.
Gray Horizons Enterprise

To opt out of future emails, reply with REMOVE.","skipped","dental",""
"Tlc Dental Center","","info@tlcdentalcenter.com","https://www.tlcdentalcenter.com/dental-clinic","How do you handle this?","Hi,

Quick question for you - when a new patient submits a form on your website at 8pm on a Tuesday, what happens to that inquiry?

If it sits until the next morning, research shows 78% of those patients have already booked somewhere else by the time you call back.

We fix that with an automated follow-up system. Three practices we've set this up for saw immediate increases in new patient bookings in the first 30 days.

Worth 20 minutes to see the setup? https://calendly.com/grayhorizonsenterprise/30min.


We offer a 7-day free trial. No cost, no contract. You see it running before committing to anything.
Gray Horizons Enterprise

To opt out of future emails, reply with REMOVE.","skipped","dental",""
"Academy Dental Care","","info@adcnm.com","https://www.academydentalcarenm.com/","Something we built for practices","Hi,

Patient no-shows cost the average dental practice $50,000-$150,000 per year in lost chair time. Most practices send one reminder. We send an automated sequence that cuts no-show rates by 40-60%.

Happy to walk you through exactly how it works: https://calendly.com/grayhorizonsenterprise/30min.


We offer a 7-day free trial. No cost, no contract. You see it running before committing to anything.
Gray Horizons Enterprise

To opt out of future emails, reply with REMOVE.","skipped","dental",""
"California Coast Plumbers","","info@californiacoastplumbers.com","https://californiacoastplumbers.com/","Something we built","Hey,

The biggest revenue leak for most plumbing companies is missed calls - the customer calls once, nobody answers, and they book someone else before you call back.

We built a system that captures every missed call and gets it back into your pipeline automatically.

I can show you exactly how it works this week.


We offer a 7-day free trial. No cost, no contract. You see it running before committing to anything.
Gray Horizons Enterprise

To opt out of future emails, reply with REMOVE.
https://calendly.com/grayhorizonsenterprise/30min","skipped","plumbing",""
"Macary’s Plumbing & Drain Services","","office@mpds.llc","https://macarys-plumbing.com/","Question for you","Hey,

The biggest revenue leak for most plumbing companies is missed calls - the customer calls once, nobody answers, and they book someone else before you call back.

We built a system that captures every missed call and gets it back into your pipeline automatically.

I can show you exactly how it works this week.


We offer a 7-day free trial. No cost, no contract. You see it running before committing to anything.
Gray Horizons Enterprise

To opt out of future emails, reply with REMOVE.
https://calendly.com/grayhorizonsenterprise/30min","skipped","plumbing",""
"Midwest GC LLC","","info@midwestgc.com","https://www.midwestgc.com/","Quick question","Hey,

Most contractors we work with were losing jobs not because of the work but because estimate follow-up was not happening consistently.

We built a system that tracks every open bid and follows up automatically until you get a response.

I can show you exactly how it works and get it running for your team this week.


We offer a 7-day free trial. No cost, no contract. You see it running before committing to anything.
Gray Horizons Enterprise

To opt out of future emails, reply with REMOVE.
https://calendly.com/grayhorizonsenterprise/30min","skipped","contractor",""
"Experts Remodel","","Office@expertsremodel.com","https://expertsremodel.com/","Quick question","Hi,

After-hours leads from homeowners - when they come in through your website or Google listing at night, what happens to them? Does something catch it automatically or does it sit until morning?

Just asking because that's usually where the fastest-responding contractor wins the job.


We offer a 7-day free trial. No cost, no contract. You see it running before committing to anything.
Gray Horizons Enterprise

To opt out of future emails, reply with REMOVE.
https://calendly.com/grayhorizonsenterprise/30min","skipped","contractor",""
"Milestone Construction - Full Service Commercial Construction","","info@milestone-gc.com","https://milestone-gc.com/","Question for you","Hi,

The window between sending an estimate and hearing back is where most contracting jobs go cold - the customer gets another quote and signs with whoever follows up first.

We built a system that handles automatic follow-up so you stop losing jobs to faster competitors.

I can walk you through it this week.


We offer a 7-day free trial. No cost, no contract. You see it running before committing to anything.
Gray Horizons Enterprise

To opt out of future emails, reply with REMOVE.
https://calendly.com/grayhorizonsenterprise/30min","skipped","contractor",""
"Home improvement contractor","","info@knoxvillehomerenovations.com","https://knoxvillehomerenovations.com/","Something we built for contractors","Hey,

After-hours inquiries from homeowners are some of the highest-intent leads a contractor gets - and most of them go unanswered until the next day.

We built a system that captures and responds to those leads automatically so you are always first to respond.

I can show you how we set it up this week.


We offer a 7-day free trial. No cost, no contract. You see it running before committing to anything.
Gray Horizons Enterprise

To opt out of future emails, reply with REMOVE.
https://calendly.com/grayhorizonsenterprise/30min","skipped","contractor",""
"Whelans","","info@whelansne.com","https://whelansne.com/","Quick question","Hey,

Not trying to waste your time - just wanted to ask: when you have a full schedule and someone new reaches out, how does your team capture that lead without it getting lost?

That overflow moment is usually where companies either grow or miss out.


We offer a 7-day free trial. No cost, no contract. You see it running before committing to anything.
Gray Horizons Enterprise

To opt out of future emails, reply with REMOVE.
https://calendly.com/grayhorizonsenterprise/30min","skipped","landscaping",""
"Condos for Sale in San Rafael, CA - Redfin","","stefan@stefanschermerhorn.com","https://www.redfin.com/city/17518/CA/San-Rafael/condos?msockid=33bf694c6e686c0300607e3e6f1c6dfe","Process question","Hey,

When a board member asks for a status update on an open violation, how long does it take your team to pull that together?

We've been working on cutting that time down. Happy to show you what we built if it's relevant.


We offer a 7-day free trial. No cost, no contract. You see it running before committing to anything.
Gray Horizons Enterprise

To opt out of future emails, reply with REMOVE.
https://calendly.com/grayhorizonsenterprise/30min","sent","hoa",""
"Family of missing East Lothian man who may be in Edinburgh '","","kris.gourlay@reachplc.com","https://www.edinburghlive.co.uk/news/edinburgh-news/family-missing-east-lothian-man-27193630","How do you handle this?","Hey,

When a board member asks for a status update on an open violation, how long does it take your team to pull that together?

We've been working on cutting that time down. Happy to show you what we built if it's relevant.


We offer a 7-day free trial. No cost, no contract. You see it running before committing to anything.
Gray Horizons Enterprise

To opt out of future emails, reply with REMOVE.
https://calendly.com/grayhorizonsenterprise/30min","sent","hoa",""
"Family of missing Scots pensioner say they 'just want him ho","","sdr@trinitymirror.com","https://www.dailyrecord.co.uk/news/scottish-news/family-missing-scots-pensioner-say-30317252","Quick question","
We offer a 7-day free trial. No cost, no contract. You see it running before committing to anything.
Gray Horizons Enterprise here.

Straight to it - we help HOA management teams stop losing violations in the handoff between report, tracking, and resolution.

Most teams we work with had it happening constantly and didn't realize how much time it was costing.

I can show you exactly how we fixed it this week if you want to see it.

Gray Horizons Enterprise

To opt out of future emails, reply with REMOVE.
https://calendly.com/grayhorizonsenterprise/30min","sent","hoa",""
"Weather - WIBW","","mitchell.keyes@wibw.com","https://www.wibw.com/weather/","Quick question","Hey,

Quick one: after a storm comes through your area, how does your team handle the wave of calls that come in? Is there a system to track each one or does it get a little chaotic?

We've been helping roofing companies manage exactly that.


We offer a 7-day free trial. No cost, no contract. You see it running before committing to anything.
Gray Horizons Enterprise

To opt out of future emails, reply with REMOVE.
https://calendly.com/grayhorizonsenterprise/30min","sent","roofing",""
"The Beatles' Rubber Soul: 60 Years On by Harvey Kubernick","","contactmc@musicconnection.com","https://www.musicconnection.com/the-beatles-rubber-soul-60-years-on/","Process question","
We offer a 7-day free trial. No cost, no contract. You see it running before committing to anything.
Gray Horizons Enterprise here.

The biggest issue we keep seeing with HOA teams is violations getting lost between report, board review, and resolution.

We built a system that locks that entire process down so nothing slips through.

If you want, I can walk you through it and get something similar set up for you quickly.

Gray Horizons Enterprise

To opt out of future emails, reply with REMOVE.
https://calendly.com/grayhorizonsenterprise/30min","sent","hoa",""
"Forest Lawn Memorial-Parks | Funerals Cremations Cemeteries","","hhamernik@forestlawn.com","https://forestlawn.com/","Something we built","Hey,

The first company to respond to an estimate request in landscaping almost always wins the job - most homeowners book whoever gets back to them first.

We built a system that captures new inquiries and responds automatically so you are always first.

I can show you exactly how it works this week.


We offer a 7-day free trial. No cost, no contract. You see it running before committing to anything.
Gray Horizons Enterprise

To opt out of future emails, reply with REMOVE.
https://calendly.com/grayhorizonsenterprise/30min","sent","landscaping",""
"Блюда из курицы, рецепты на RussianFood.com: 10565 рецептов","","rating@mail.ru","https://www.russianfood.com/recipes/bytype/?fid=933","Question for you","Hi,

The average HVAC company loses $45,000-$120,000 per year to missed and unreturned calls. Most owners don't realize it because there's no system tracking what's being lost.

We fix that. I can show you exactly what it looks like for a shop your size in 20 minutes.

https://calendly.com/grayhorizonsenterprise/30min


We offer a 7-day free trial. No cost, no contract. You see it running before committing to anything.
Gray Horizons Enterprise

To opt out of future emails, reply with REMOVE.","sent","hvac",""
"Total Care Dental & Orthodontics – Baldwin Park Office – Tot","","tcdbp@tcdortho.com","https://tcdortho.com/baldwin-park/","Question for you","Hey,

Most practices have 200-400 patients who called or filled out a form, never booked, and were never followed up with again. That's $240,000-$480,000 in lost lifetime value sitting in a spreadsheet or voicemail box.

We built a reactivation system that reaches back out to those patients automatically and gets them back on the schedule.

I can show you what this looks like for your practice in 20 minutes: https://calendly.com/grayhorizonsenterprise/30min.


We offer a 7-day free trial. No cost, no contract. You see it running before committing to anything.
Gray Horizons Enterprise

To opt out of future emails, reply with REMOVE.","sent","dental",""
"Westcoast Hardscape - Hardscape Contractors in Oakland","","inquire@zdigital.com","https://www.westcoasthardscape.com/","Something we built","Hi,

Seasonal clients who go quiet between services are lost revenue that most landscaping companies never recover.

We built a system that keeps every recurring client on schedule with automatic reminders and follow-up.

I can walk you through it this week and show you what it looks like running.


We offer a 7-day free trial. No cost, no contract. You see it running before committing to anything.
Gray Horizons Enterprise

To opt out of future emails, reply with REMOVE.
https://calendly.com/grayhorizonsenterprise/30min","sent","landscaping",""
"Lawn Care Sarasota FL | Lawn Mowing Sarasota FL – Free Estim","","gg@gggardenlawncare.com","https://gggardenlawncare.com/","Something we built","Hey,

When your schedule is full and a new lead comes in it almost always gets lost - there is no system to capture it for later.

We built a system that holds every overflow lead and follows up automatically when your schedule opens.

I can show you how we set it up this week.


We offer a 7-day free trial. No cost, no contract. You see it running before committing to anything.
Gray Horizons Enterprise

To opt out of future emails, reply with REMOVE.
https://calendly.com/grayhorizonsenterprise/30min","sent","landscaping",""
"Orthodontist Sacramento, Rocklin, Roseville, CA | Alexander","","praveen.kumar1@growthplug.com","https://www.ambraces.com/","How do you handle this?","Hi,

Patient no-shows cost the average dental practice $50,000-$150,000 per year in lost chair time. Most practices send one reminder. We send an automated sequence that cuts no-show rates by 40-60%.

Happy to walk you through exactly how it works: https://calendly.com/grayhorizonsenterprise/30min.


We offer a 7-day free trial. No cost, no contract. You see it running before committing to anything.
Gray Horizons Enterprise

To opt out of future emails, reply with REMOVE.","sent","dental",""
"Home - Newark Smiles Dental","","%20info@newarksmilesdental.com","https://newarksmilesdental.com/","How do you handle this?","Hey,

Most practices have 200-400 patients who called or filled out a form, never booked, and were never followed up with again. That's $240,000-$480,000 in lost lifetime value sitting in a spreadsheet or voicemail box.

We built a reactivation system that reaches back out to those patients automatically and gets them back on the schedule.

I can show you what this looks like for your practice in 20 minutes: https://calendly.com/grayhorizonsenterprise/30min.


We offer a 7-day free trial. No cost, no contract. You see it running before committing to anything.
Gray Horizons Enterprise

To opt out of future emails, reply with REMOVE.","sent","dental",""
"Plumbers in Winchester, CA: 24/6 Emergency Plumbing Services","","kristen@guardianplumbers.com","https://guardianplumbers.com/locations/winchester-ca/","Quick question","Hi,

Emergency calls are where plumbing companies win or lose customers - the ones who respond fastest get the job.

We built a dispatch system that routes emergency calls to the right tech instantly and keeps the customer updated automatically.

I can walk you through it this week and show you what it looks like running.


We offer a 7-day free trial. No cost, no contract. You see it running before committing to anything.
Gray Horizons Enterprise

To opt out of future emails, reply with REMOVE.
https://calendly.com/grayhorizonsenterprise/30min","sent","plumbing",""
"USC, Los Angeles, California - The Weather Channel","","subscriptions@weather.com","https://weather.com/weather/radar/interactive/l/USC+Los+Angeles+California?canonicalCityId=7d3c65d8b80674fb48647ddbc936bb8b","Something we built for roofers","Hey,

Direct question: when a homeowner calls about a leak or damage and you can't get to them for three days, how do you keep them from calling someone else in the meantime?

That's usually the biggest gap I hear about. Happy to share what we've built if it's useful.


We offer a 7-day free trial. No cost, no contract. You see it running before committing to anything.
Gray Horizons Enterprise

To opt out of future emails, reply with REMOVE.
https://calendly.com/grayhorizonsenterprise/30min","sent","roofing",""
"Cedar River Water & Sewer District","","custsvc@crwsd.com","https://www.crwsd.com/","How do you handle missed calls?","Hey,

The biggest revenue leak for most plumbing companies is missed calls - the customer calls once, nobody answers, and they book someone else before you call back.

We built a system that captures every missed call and gets it back into your pipeline automatically.

I can show you exactly how it works this week.


We offer a 7-day free trial. No cost, no contract. You see it running before committing to anything.
Gray Horizons Enterprise

To opt out of future emails, reply with REMOVE.
https://calendly.com/grayhorizonsenterprise/30min","sent","plumbing",""
"京都府の一戸建て購入情報 - 三井のリハウス","","katsura@rehouse.co.jp","https://www.rehouse.co.jp/buy/kodate/prefecture-list/26/","Something we built","Hey,

Not trying to waste your time - just wanted to ask: when you have a full schedule and someone new reaches out, how does your team capture that lead without it getting lost?

That overflow moment is usually where companies either grow or miss out.


We offer a 7-day free trial. No cost, no contract. You see it running before committing to anything.
Gray Horizons Enterprise

To opt out of future emails, reply with REMOVE.
https://calendly.com/grayhorizonsenterprise/30min","sent","landscaping",""
"Pay Your Bill - UHWA","","teresa@uhwa.org","https://www.uhwa.org/pay-your-bill","How do you handle missed calls?","Hey,

Direct question - when an emergency call comes in at night and your main line is busy, how does your team handle it? Does it route somewhere or go to voicemail?

That's usually the biggest gap I hear about from plumbing companies.


We offer a 7-day free trial. No cost, no contract. You see it running before committing to anything.
Gray Horizons Enterprise

To opt out of future emails, reply with REMOVE.
https://calendly.com/grayhorizonsenterprise/30min","sent","plumbing",""
"Plumber Calgary | Family Owned Plumbing Services Calgary, AB","","morgan@harpersplumbing.ca","https://harpersplumbing.ca/","How do you handle missed calls?","Hi,

Emergency calls are where plumbing companies win or lose customers - the ones who respond fastest get the job.

We built a dispatch system that routes emergency calls to the right tech instantly and keeps the customer updated automatically.

I can walk you through it this week and show you what it looks like running.


We offer a 7-day free trial. No cost, no contract. You see it running before committing to anything.
Gray Horizons Enterprise

To opt out of future emails, reply with REMOVE.
https://calendly.com/grayhorizonsenterprise/30min","sent","plumbing",""
"HOA Center | Division of Real Estate - Colorado","","dora_dre_hoainquiries@state.co.us","https://dre.colorado.gov/hoa-center","Quick question","
We offer a 7-day free trial. No cost, no contract. You see it running before committing to anything.
Gray Horizons Enterprise here.

HOA teams we've worked with had the same problem - violations documented at the start, then lost somewhere between board review and resolution.

We built a system that tracks the full lifecycle automatically so nothing slips.

I can show you exactly how it works and get it running for your team this week.

Gray Horizons Enterprise

To opt out of future emails, reply with REMOVE.
https://calendly.com/grayhorizonsenterprise/30min","sent","hoa",""
"Plumber Millcreek, UT | Just In Time Plumbing","","jd@getjustintime.com","https://getjustintime.com/","Something we built","Hi,

The gap between a job finishing and the customer leaving a review is where most plumbing companies lose their referral pipeline.

We built a system that handles post-job follow-up and review collection automatically.

I can show you how it works this week.


We offer a 7-day free trial. No cost, no contract. You see it running before committing to anything.
Gray Horizons Enterprise

To opt out of future emails, reply with REMOVE.
https://calendly.com/grayhorizonsenterprise/30min","sent","plumbing",""
"Millcreek Plumber | Valley Plumbing and Drain Cleaning in UT","","account@valleyplumbing.com","https://www.valleyplumbing.com/millcreek-plumber/","Quick question","Hi,

Emergency calls are where plumbing companies win or lose customers - the ones who respond fastest get the job.

We built a dispatch system that routes emergency calls to the right tech instantly and keeps the customer updated automatically.

I can walk you through it this week and show you what it looks like running.


We offer a 7-day free trial. No cost, no contract. You see it running before committing to anything.
Gray Horizons Enterprise

To opt out of future emails, reply with REMOVE.
https://calendly.com/grayhorizonsenterprise/30min","sent","plumbing",""
"Diablo Roof - Roofing | Oakland, CA","","estimating@diabloroof.com","https://www.diabloroof.com/","How do you handle this?","Hi there,

How are you following up on estimates that went out but never got a response? In roofing those can be pretty high-value jobs to let slip.

Just curious what your current process looks like.


We offer a 7-day free trial. No cost, no contract. You see it running before committing to anything.
Gray Horizons Enterprise

To opt out of future emails, reply with REMOVE.
https://calendly.com/grayhorizonsenterprise/30min","sent","roofing",""
"Fastest & Best Plumbers in Mississauga - John The Plumber","","john@johntheplumber.ca","https://johntheplumber.ca/mississauga/","Quick question","Hey,

Direct question - when an emergency call comes in at night and your main line is busy, how does your team handle it? Does it route somewhere or go to voicemail?

That's usually the biggest gap I hear about from plumbing companies.


We offer a 7-day free trial. No cost, no contract. You see it running before committing to anything.
Gray Horizons Enterprise

To opt out of future emails, reply with REMOVE.
https://calendly.com/grayhorizonsenterprise/30min","sent","plumbing",""
"The 10 Best Plumbers in Mississauga, ON","","mississauga-on@mrrooter.ca","https://bestofplumbers.com/plumber-mississauga-on/","Quick question","Hi,

The gap between a job finishing and the customer leaving a review is where most plumbing companies lose their referral pipeline.

We built a system that handles post-job follow-up and review collection automatically.

I can show you how it works this week.


We offer a 7-day free trial. No cost, no contract. You see it running before committing to anything.
Gray Horizons Enterprise

To opt out of future emails, reply with REMOVE.
https://calendly.com/grayhorizonsenterprise/30min","sent","plumbing",""
"Best Company for Landscaping in Chandler, AZ | Acosta Landsc","","john@acostalandscapes.com","https://acostalandscapes.com/","How do you handle overflow leads?","Hey,

When your schedule is full and a new lead comes in it almost always gets lost - there is no system to capture it for later.

We built a system that holds every overflow lead and follows up automatically when your schedule opens.

I can show you how we set it up this week.


We offer a 7-day free trial. No cost, no contract. You see it running before committing to anything.
Gray Horizons Enterprise

To opt out of future emails, reply with REMOVE.
https://calendly.com/grayhorizonsenterprise/30min","sent","landscaping",""
"West Swindon Orthodontics - NHS and Cosmetic","","ortho@swindonorthodontics.com","https://westswindonorthodontics.co.uk/","Quick question","Hi,

Quick question for you - when a new patient submits a form on your website at 8pm on a Tuesday, what happens to that inquiry?

If it sits until the next morning, research shows 78% of those patients have already booked somewhere else by the time you call back.

We fix that with an automated follow-up system. Three practices we've set this up for saw immediate increases in new patient bookings in the first 30 days.

Worth 20 minutes to see the setup? https://calendly.com/grayhorizonsenterprise/30min.


We offer a 7-day free trial. No cost, no contract. You see it running before committing to anything.
Gray Horizons Enterprise

To opt out of future emails, reply with REMOVE.","sent","dental",""
"Welcome To Irra-Gator!","","asather@irra-gator.com","https://www.irra-gator.com/","How do you handle overflow leads?","Hi,

Seasonal clients who go quiet between services are lost revenue that most landscaping companies never recover.

We built a system that keeps every recurring client on schedule with automatic reminders and follow-up.

I can walk you through it this week and show you what it looks like running.


We offer a 7-day free trial. No cost, no contract. You see it running before committing to anything.
Gray Horizons Enterprise

To opt out of future emails, reply with REMOVE.
https://calendly.com/grayhorizonsenterprise/30min","sent","landscaping",""
"All Heart Heating, Cooling & Plumbing | HVAC & Plumbing in L","","dylan@dsheatandair.com","https://callallheart.com/","Something we built","Hi,

The average HVAC company loses $45,000-$120,000 per year to missed and unreturned calls. Most owners don't realize it because there's no system tracking what's being lost.

We fix that. I can show you exactly what it looks like for a shop your size in 20 minutes.

https://calendly.com/grayhorizonsenterprise/30min


We offer a 7-day free trial. No cost, no contract. You see it running before committing to anything.
Gray Horizons Enterprise

To opt out of future emails, reply with REMOVE.","sent","hvac",""
"Utah HOA Management","","marc@corehoa.com","https://corehoa.com/","Process question","
We offer a 7-day free trial. No cost, no contract. You see it running before committing to anything.
Gray Horizons Enterprise here.

Straight to it - we help HOA management teams stop losing violations in the handoff between report, tracking, and resolution.

Most teams we work with had it happening constantly and didn't realize how much time it was costing.

I can show you exactly how we fixed it this week if you want to see it.

Gray Horizons Enterprise

To opt out of future emails, reply with REMOVE.
https://calendly.com/grayhorizonsenterprise/30min","sent","hoa",""
"Manteca Heating & Air Conditioning | Warren's HVAC","","warrenshvac@juno.com","https://www.warrenshvac.com/","Quick question","Hi,

Quick question - when your line is busy or it's after hours and a customer calls about a broken AC or furnace, what happens to that call?

If it goes to voicemail, research shows 80% of those customers book the next company that answers before you call back.

We built a follow-up system that responds to those inquiries automatically and keeps them engaged until your team can get them on the schedule. Happy to show you how it works in 20 minutes.

https://calendly.com/grayhorizonsenterprise/30min


We offer a 7-day free trial. No cost, no contract. You see it running before committing to anything.
Gray Horizons Enterprise

To opt out of future emails, reply with REMOVE.","sent","hvac",""
"Roofing Company in Henderson, NV - Ariat Roofing","","estimaterequests@ariatroofing.com","https://ariatroofing.com/henderson/","Quick question","Hi there,

How are you following up on estimates that went out but never got a response? In roofing those can be pretty high-value jobs to let slip.

Just curious what your current process looks like.


We offer a 7-day free trial. No cost, no contract. You see it running before committing to anything.
Gray Horizons Enterprise

To opt out of future emails, reply with REMOVE.
https://calendly.com/grayhorizonsenterprise/30min","sent","roofing",""
"Parts of a Tree and Their Functions with Diagram | Vocabish","","englishmentor@vocabish.com","https://vocabish.com/parts-of-a-tree/","Quick question","Hi,

Seasonal clients who go quiet between services are lost revenue that most landscaping companies never recover.

We built a system that keeps every recurring client on schedule with automatic reminders and follow-up.

I can walk you through it this week and show you what it looks like running.


We offer a 7-day free trial. No cost, no contract. You see it running before committing to anything.
Gray Horizons Enterprise

To opt out of future emails, reply with REMOVE.
https://calendly.com/grayhorizonsenterprise/30min","sent","landscaping",""
"Dentist Kirkland, WA | Ryan Fox DDS","","scheduling@ryanfoxdds.com","https://www.ryanfoxdds.com/","How do you handle this?","Hi,

Quick question for you - when a new patient submits a form on your website at 8pm on a Tuesday, what happens to that inquiry?

If it sits until the next morning, research shows 78% of those patients have already booked somewhere else by the time you call back.

We fix that with an automated follow-up system. Three practices we've set this up for saw immediate increases in new patient bookings in the first 30 days.

Worth 20 minutes to see the setup? https://calendly.com/grayhorizonsenterprise/30min.


We offer a 7-day free trial. No cost, no contract. You see it running before committing to anything.
Gray Horizons Enterprise

To opt out of future emails, reply with REMOVE.","sent","dental",""
"Seattle Plumber - 24/7 Emergency Plumbing | Beacon Plumbing","","bill@beaconplumbing.net","https://www.beaconplumbing.net/","How do you handle missed calls?","Hey,

The biggest revenue leak for most plumbing companies is missed calls - the customer calls once, nobody answers, and they book someone else before you call back.

We built a system that captures every missed call and gets it back into your pipeline automatically.

I can show you exactly how it works this week.


We offer a 7-day free trial. No cost, no contract. You see it running before committing to anything.
Gray Horizons Enterprise

To opt out of future emails, reply with REMOVE.
https://calendly.com/grayhorizonsenterprise/30min","sent","plumbing",""
"San Ramon, CA homes for sale & real estate - Redfin","","rahul.puri@redfin.com","https://www.redfin.com/city/17519/CA/San-Ramon","How do you handle this?","Hi,

The gap between a lead reaching out and your team getting them a quote is usually where the job goes to a competitor.

We built a system that cuts that response time down and automates the follow-up so no lead goes cold.

I can get you set up in about a week. Let me know and I will show you exactly how it works.


We offer a 7-day free trial. No cost, no contract. You see it running before committing to anything.
Gray Horizons Enterprise

To opt out of future emails, reply with REMOVE.
https://calendly.com/grayhorizonsenterprise/30min","sent","contractor",""
"Trusted Landscapers in Utah | Olympus Landscaping","","%20olympuslawn@comcast.net","https://olympuslandscaping.com/","How do you handle overflow leads?","Hey,

The first company to respond to an estimate request in landscaping almost always wins the job - most homeowners book whoever gets back to them first.

We built a system that captures new inquiries and responds automatically so you are always first.

I can show you exactly how it works this week.


We offer a 7-day free trial. No cost, no contract. You see it running before committing to anything.
Gray Horizons Enterprise

To opt out of future emails, reply with REMOVE.
https://calendly.com/grayhorizonsenterprise/30min","sent","landscaping",""
"Anime Expo | Register | Los Angeles Anime Convention","","registration@anime-expo.org","https://www.anime-expo.org/ax/register/","Something we built for roofers","Hey,

Direct question: when a homeowner calls about a leak or damage and you can't get to them for three days, how do you keep them from calling someone else in the meantime?

That's usually the biggest gap I hear about. Happy to share what we've built if it's useful.


We offer a 7-day free trial. No cost, no contract. You see it running before committing to anything.
Gray Horizons Enterprise

To opt out of future emails, reply with REMOVE.
https://calendly.com/grayhorizonsenterprise/30min","sent","roofing",""
"Gutter Installation & Repair Los Angeles | Gutter Masters","","%20bob@guttermasters.com","https://guttermasters.com/","Something we built for roofers","Hey,

Direct question: when a homeowner calls about a leak or damage and you can't get to them for three days, how do you keep them from calling someone else in the meantime?

That's usually the biggest gap I hear about. Happy to share what we've built if it's useful.


We offer a 7-day free trial. No cost, no contract. You see it running before committing to anything.
Gray Horizons Enterprise

To opt out of future emails, reply with REMOVE.
https://calendly.com/grayhorizonsenterprise/30min","sent","roofing",""
"Makeup, Skincare, Fragrance, Hair & Beauty Products | Sephor","","canadacompliancereportfromemail-catalogmaster_reporting@pxm.sephora.com","https://www.sephora.com/?msockid=0de806ae0a81646b287c11d70bfe65a6","Question for you","Hi,

Quick question for you - when a new patient submits a form on your website at 8pm on a Tuesday, what happens to that inquiry?

If it sits until the next morning, research shows 78% of those patients have already booked somewhere else by the time you call back.

We fix that with an automated follow-up system. Three practices we've set this up for saw immediate increases in new patient bookings in the first 30 days.

Worth 20 minutes to see the setup? https://calendly.com/grayhorizonsenterprise/30min.


We offer a 7-day free trial. No cost, no contract. You see it running before committing to anything.
Gray Horizons Enterprise

To opt out of future emails, reply with REMOVE.","sent","dental",""
"Walmart: Shopping & Savings - App Store","","ccob-pt_ntransit@walmart.com","https://apps.apple.com/us/app/walmart-shopping-savings/id338137227","How do you handle this?","Hi,

Quick question - when your line is busy or it's after hours and a customer calls about a broken AC or furnace, what happens to that call?

If it goes to voicemail, research shows 80% of those customers book the next company that answers before you call back.

We built a follow-up system that responds to those inquiries automatically and keeps them engaged until your team can get them on the schedule. Happy to show you how it works in 20 minutes.

https://calendly.com/grayhorizonsenterprise/30min


We offer a 7-day free trial. No cost, no contract. You see it running before committing to anything.
Gray Horizons Enterprise

To opt out of future emails, reply with REMOVE.","sent","hvac",""
"lawn care maintenance | San Jose, California | | Vista ...","","vistalandscape@sbcglobal.net","https://www.vistalandscapesj.com/","How do you handle overflow leads?","Hey,

The first company to respond to an estimate request in landscaping almost always wins the job - most homeowners book whoever gets back to them first.

We built a system that captures new inquiries and responds automatically so you are always first.

I can show you exactly how it works this week.


We offer a 7-day free trial. No cost, no contract. You see it running before committing to anything.
Gray Horizons Enterprise

To opt out of future emails, reply with REMOVE.
https://calendly.com/grayhorizonsenterprise/30min","sent","landscaping",""
"NTSB Releases Final Report on the 2025 Potomac River Midair","","len@aviationsourcenews.com","https://aviationsourcenews.com/ntsb-releases-final-report-on-the-2025-potomac-river-midair-collision/","Something we built for HOA teams","
We offer a 7-day free trial. No cost, no contract. You see it running before committing to anything.
Gray Horizons Enterprise here.

Straight to it - we help HOA management teams stop losing violations in the handoff between report, tracking, and resolution.

Most teams we work with had it happening constantly and didn't realize how much time it was costing.

I can show you exactly how we fixed it this week if you want to see it.

Gray Horizons Enterprise

To opt out of future emails, reply with REMOVE.
https://calendly.com/grayhorizonsenterprise/30min","sent","hoa",""
"3 takeaways from the NTSB report on the deadly DC midair cra","","zwichter@usatoday.com","https://www.usatoday.com/story/travel/airline-news/2026/02/17/ntsb-final-report-potomac-crash/88724057007/","Something we built for HOA teams","
We offer a 7-day free trial. No cost, no contract. You see it running before committing to anything.
Gray Horizons Enterprise here.

Most HOA teams we've worked with were losing track of violations between the initial report and final resolution.

We fixed that with a simple system that handles tracking and follow-ups automatically.

If this is even slightly an issue on your side, I can show you exactly how we set it up this week.

Gray Horizons Enterprise

To opt out of future emails, reply with REMOVE.
https://calendly.com/grayhorizonsenterprise/30min","sent","hoa",""
"DeepL Translate: The world's most accurate translator","","block@deepl.com","https://www.deepl.com/en/translator","How do you handle overflow leads?","Hey,

Not trying to waste your time - just wanted to ask: when you have a full schedule and someone new reaches out, how does your team capture that lead without it getting lost?

That overflow moment is usually where companies either grow or miss out.


We offer a 7-day free trial. No cost, no contract. You see it running before committing to anything.
Gray Horizons Enterprise

To opt out of future emails, reply with REMOVE.
https://calendly.com/grayhorizonsenterprise/30min","sent","landscaping",""
"Plumber in Menifee, CA | Menifee Valley Plumbing","","bbb-accredited@logotyp.us","https://www.menifeevalleyplumbing.com/","Quick question","Hi,

After-hours and weekend calls are where most plumbing companies lose the most jobs - by the time someone calls back the customer has already moved on.

We built a system that captures and responds to those inquiries automatically so you stop losing jobs to whoever answers first.

I can show you exactly how we set it up this week.


We offer a 7-day free trial. No cost, no contract. You see it running before committing to anything.
Gray Horizons Enterprise

To opt out of future emails, reply with REMOVE.
https://calendly.com/grayhorizonsenterprise/30min","sent","plumbing",""
"Chula Vista, CA Dentist - Dental Arts of South Bay - General","","dentalartsofsouthbay@gmail.com","https://www.dentalartsofsouthbay.com/","Question for you","Hi,

Patient no-shows cost the average dental practice $50,000-$150,000 per year in lost chair time. Most practices send one reminder. We send an automated sequence that cuts no-show rates by 40-60%.

Happy to walk you through exactly how it works: https://calendly.com/grayhorizonsenterprise/30min.


We offer a 7-day free trial. No cost, no contract. You see it running before committing to anything.
Gray Horizons Enterprise

To opt out of future emails, reply with REMOVE.","sent","dental",""
"Roofing in Dos Palos, CA — Owens Corning Platinum | New View","","jaime.coria19@gmail.com","https://www.newviewfresno.com/service-areas/dos-palos","Question for you","Hey,

Direct question: when a homeowner calls about a leak or damage and you can't get to them for three days, how do you keep them from calling someone else in the meantime?

That's usually the biggest gap I hear about. Happy to share what we've built if it's useful.


We offer a 7-day free trial. No cost, no contract. You see it running before committing to anything.
Gray Horizons Enterprise

To opt out of future emails, reply with REMOVE.
https://calendly.com/grayhorizonsenterprise/30min","sent","roofing",""
"Top Roofing Company Dos Palos CA | Econo Roofing","","econoroofing209@gmail.com","https://econo-roofing.com/roofing-company-dos-palos-ca/","Something we built for roofers","Hey,

Direct question: when a homeowner calls about a leak or damage and you can't get to them for three days, how do you keep them from calling someone else in the meantime?

That's usually the biggest gap I hear about. Happy to share what we've built if it's useful.


We offer a 7-day free trial. No cost, no contract. You see it running before committing to anything.
Gray Horizons Enterprise

To opt out of future emails, reply with REMOVE.
https://calendly.com/grayhorizonsenterprise/30min","sent","roofing",""
"Home Page - DC Drains & Plumbing | Orange County, CA","","johndoe@gmail.com","https://dcdrainsinc.com/","Something we built","Hi,

The gap between a job finishing and the customer leaving a review is where most plumbing companies lose their referral pipeline.

We built a system that handles post-job follow-up and review collection automatically.

I can show you how it works this week.


We offer a 7-day free trial. No cost, no contract. You see it running before committing to anything.
Gray Horizons Enterprise

To opt out of future emails, reply with REMOVE.
https://calendly.com/grayhorizonsenterprise/30min","sent","plumbing",""
"24/7 Local Plumber San Dimas, CA | Isaac & Sons Plumbing","","isaacnsonsplumbing@gmail.com","https://www.isaacnsonsplumbing.com/","How do you handle missed calls?","Hey,

Direct question - when an emergency call comes in at night and your main line is busy, how does your team handle it? Does it route somewhere or go to voicemail?

That's usually the biggest gap I hear about from plumbing companies.


We offer a 7-day free trial. No cost, no contract. You see it running before committing to anything.
Gray Horizons Enterprise

To opt out of future emails, reply with REMOVE.
https://calendly.com/grayhorizonsenterprise/30min","sent","plumbing",""
"Iconic Heating & Air Inc.","","office@iconic-hvac.com","https://iconic-hvac.com/","Something we built","Hi,

Quick question - when your line is busy or it's after hours and a customer calls about a broken AC or furnace, what happens to that call?

If it goes to voicemail, research shows 80% of those customers book the next company that answers before you call back.

We built a follow-up system that responds to those inquiries automatically and keeps them engaged until your team can get them on the schedule. Happy to show you how it works in 20 minutes.

https://calendly.com/grayhorizonsenterprise/30min


We offer a 7-day free trial. No cost, no contract. You see it running before committing to anything.
Gray Horizons Enterprise

To opt out of future emails, reply with REMOVE.","skipped","hvac",""
"Shop Hoa Tươi FlowerSight: Đặt Hoa Online, Giao Hoa Miễn Phí","","info@flowersight.com","https://flowersight.com/","How do you handle this?","
We offer a 7-day free trial. No cost, no contract. You see it running before committing to anything.
Gray Horizons Enterprise here.

The biggest issue we keep seeing with HOA teams is violations getting lost between report, board review, and resolution.

We built a system that locks that entire process down so nothing slips through.

If you want, I can walk you through it and get something similar set up for you quickly.

Gray Horizons Enterprise

To opt out of future emails, reply with REMOVE.
https://calendly.com/grayhorizonsenterprise/30min","skipped","hoa",""
"Shop hoa tươi Hoayeuthuong: Đặt hoa online, giao hoa miễn ph","","contact@hoayeuthuong.com","https://hoayeuthuong.com/","Process question","
We offer a 7-day free trial. No cost, no contract. You see it running before committing to anything.
Gray Horizons Enterprise here.

Straight to it - we help HOA management teams stop losing violations in the handoff between report, tracking, and resolution.

Most teams we work with had it happening constantly and didn't realize how much time it was costing.

I can show you exactly how we fixed it this week if you want to see it.

Gray Horizons Enterprise

To opt out of future emails, reply with REMOVE.
https://calendly.com/grayhorizonsenterprise/30min","skipped","hoa",""
"ProGrass Home & Landscape | Landscape Maintenance in Portlan","","463991d7bca24f02a0baf16f9e6eda73@sentry.wixpress.com","https://www.prograss.com/","Quick question","Hi,

Seasonal clients who go quiet between services are lost revenue that most landscaping companies never recover.

We built a system that keeps every recurring client on schedule with automatic reminders and follow-up.

I can walk you through it this week and show you what it looks like running.


We offer a 7-day free trial. No cost, no contract. You see it running before committing to anything.
Gray Horizons Enterprise

To opt out of future emails, reply with REMOVE.
https://calendly.com/grayhorizonsenterprise/30min","skipped","landscaping",""
"ProGrass Home & Landscape | Landscape Maintenance in Portlan","","9a65e97ebe8141fca0c4fd686f70996b@sentry.wixpress.com","https://www.prograss.com/","Quick question","Hey,

The first company to respond to an estimate request in landscaping almost always wins the job - most homeowners book whoever gets back to them first.

We built a system that captures new inquiries and responds automatically so you are always first.

I can show you exactly how it works this week.


We offer a 7-day free trial. No cost, no contract. You see it running before committing to anything.
Gray Horizons Enterprise

To opt out of future emails, reply with REMOVE.
https://calendly.com/grayhorizonsenterprise/30min","skipped","landscaping",""
"ProGrass Home & Landscape | Landscape Maintenance in Portlan","","18d2f96d279149989b95faf0a4b41882@sentry-next.wixpress.com","https://www.prograss.com/","Quick question","Hey,

When your schedule is full and a new lead comes in it almost always gets lost - there is no system to capture it for later.

We built a system that holds every overflow lead and follows up automatically when your schedule opens.

I can show you how we set it up this week.


We offer a 7-day free trial. No cost, no contract. You see it running before committing to anything.
Gray Horizons Enterprise

To opt out of future emails, reply with REMOVE.
https://calendly.com/grayhorizonsenterprise/30min","skipped","landscaping",""
"ProGrass Home & Landscape | Landscape Maintenance in Portlan","","460ff4620fa44cba8df530afde949785@sentry.wixpress.com","https://www.prograss.com/","Quick question","Hi,

Seasonal clients who go quiet between services are lost revenue that most landscaping companies never recover.

We built a system that keeps every recurring client on schedule with automatic reminders and follow-up.

I can walk you through it this week and show you what it looks like running.


We offer a 7-day free trial. No cost, no contract. You see it running before committing to anything.
Gray Horizons Enterprise

To opt out of future emails, reply with REMOVE.
https://calendly.com/grayhorizonsenterprise/30min","skipped","landscaping",""
"ProGrass Home & Landscape | Landscape Maintenance in Portlan","","ed436f5053144538958ad06a5005e99a@sentry.wixpress.com","https://www.prograss.com/","How do you handle overflow leads?","Hey,

Not trying to waste your time - just wanted to ask: when you have a full schedule and someone new reaches out, how does your team capture that lead without it getting lost?

That overflow moment is usually where companies either grow or miss out.


We offer a 7-day free trial. No cost, no contract. You see it running before committing to anything.
Gray Horizons Enterprise

To opt out of future emails, reply with REMOVE.
https://calendly.com/grayhorizonsenterprise/30min","skipped","landscaping",""
"ProGrass Home & Landscape | Landscape Maintenance in Portlan","","2062d0a4929b45348643784b5cb39c36@sentry.wixpress.com","https://www.prograss.com/","Quick question","Hey,

The first company to respond to an estimate request in landscaping almost always wins the job - most homeowners book whoever gets back to them first.

We built a system that captures new inquiries and responds automatically so you are always first.

I can show you exactly how it works this week.


We offer a 7-day free trial. No cost, no contract. You see it running before committing to anything.
Gray Horizons Enterprise

To opt out of future emails, reply with REMOVE.
https://calendly.com/grayhorizonsenterprise/30min","skipped","landscaping",""
"ProGrass Home & Landscape | Landscape Maintenance in Portlan","","8eb368c655b84e029ed79ad7a5c1718e@sentry.wixpress.com","https://www.prograss.com/","Something we built","Hey,

When your schedule is full and a new lead comes in it almost always gets lost - there is no system to capture it for later.

We built a system that holds every overflow lead and follows up automatically when your schedule opens.

I can show you how we set it up this week.


We offer a 7-day free trial. No cost, no contract. You see it running before committing to anything.
Gray Horizons Enterprise

To opt out of future emails, reply with REMOVE.
https://calendly.com/grayhorizonsenterprise/30min","skipped","landscaping",""
"ProGrass Home & Landscape | Landscape Maintenance in Portlan","","78f7996315bc402f9dcb8a2f974b82d1@sentry.wixpress.com","https://www.prograss.com/","Something we built","Hey,

When your schedule is full and a new lead comes in it almost always gets lost - there is no system to capture it for later.

We built a system that holds every overflow lead and follows up automatically when your schedule opens.

I can show you how we set it up this week.


We offer a 7-day free trial. No cost, no contract. You see it running before committing to anything.
Gray Horizons Enterprise

To opt out of future emails, reply with REMOVE.
https://calendly.com/grayhorizonsenterprise/30min","skipped","landscaping",""
"ProGrass Home & Landscape | Landscape Maintenance in Portlan","","bfb679c754744c58a7374ee6e25cfc13@sentry.wixpress.com","https://www.prograss.com/","How do you handle overflow leads?","Hi,

Seasonal clients who go quiet between services are lost revenue that most landscaping companies never recover.

We built a system that keeps every recurring client on schedule with automatic reminders and follow-up.

I can walk you through it this week and show you what it looks like running.


We offer a 7-day free trial. No cost, no contract. You see it running before committing to anything.
Gray Horizons Enterprise

To opt out of future emails, reply with REMOVE.
https://calendly.com/grayhorizonsenterprise/30min","skipped","landscaping",""
"ProGrass Home & Landscape | Landscape Maintenance in Portlan","","5d1795a2db124a268f1e1bd88f503500@sentry.wixpress.com","https://www.prograss.com/","Quick question","Hey,

Not trying to waste your time - just wanted to ask: when you have a full schedule and someone new reaches out, how does your team capture that lead without it getting lost?

That overflow moment is usually where companies either grow or miss out.


We offer a 7-day free trial. No cost, no contract. You see it running before committing to anything.
Gray Horizons Enterprise

To opt out of future emails, reply with REMOVE.
https://calendly.com/grayhorizonsenterprise/30min","skipped","landscaping",""
"ProGrass Home & Landscape | Landscape Maintenance in Portlan","","271e9fa3230b4eec94b02bf95780f5f2@sentry.wixpress.com","https://www.prograss.com/","How do you handle overflow leads?","Hi,

Seasonal clients who go quiet between services are lost revenue that most landscaping companies never recover.

We built a system that keeps every recurring client on schedule with automatic reminders and follow-up.

I can walk you through it this week and show you what it looks like running.


We offer a 7-day free trial. No cost, no contract. You see it running before committing to anything.
Gray Horizons Enterprise

To opt out of future emails, reply with REMOVE.
https://calendly.com/grayhorizonsenterprise/30min","skipped","landscaping",""
"3 Best Dental Clinics in Aurangabad, MH","","info@drnawaledentocare.com","https://threebestrated.in/dental-clinics-in-aurangabad-mh","Something we built for practices","Hi,

Quick question for you - when a new patient submits a form on your website at 8pm on a Tuesday, what happens to that inquiry?

If it sits until the next morning, research shows 78% of those patients have already booked somewhere else by the time you call back.

We fix that with an automated follow-up system. Three practices we've set this up for saw immediate increases in new patient bookings in the first 30 days.

Worth 20 minutes to see the setup? https://calendly.com/grayhorizonsenterprise/30min.


We offer a 7-day free trial. No cost, no contract. You see it running before committing to anything.
Gray Horizons Enterprise

To opt out of future emails, reply with REMOVE.","skipped","dental",""
"Welcome to American Landscape, Inc.","","info@americanlandscape.com","http://americanlandscape.com/contactus.html","Something we built","Hi,

Seasonal clients who go quiet between services are lost revenue that most landscaping companies never recover.

We built a system that keeps every recurring client on schedule with automatic reminders and follow-up.

I can walk you through it this week and show you what it looks like running.


We offer a 7-day free trial. No cost, no contract. You see it running before committing to anything.
Gray Horizons Enterprise

To opt out of future emails, reply with REMOVE.
https://calendly.com/grayhorizonsenterprise/30min","skipped","landscaping",""
"Danville - Fito Plumbers","","webdesigner@boomcycle.com","https://www.fitoplumbers.com/danville-ca/","Question for you","Hi,

After-hours and weekend calls are where most plumbing companies lose the most jobs - by the time someone calls back the customer has already moved on.

We built a system that captures and responds to those inquiries automatically so you stop losing jobs to whoever answers first.

I can show you exactly how we set it up this week.


We offer a 7-day free trial. No cost, no contract. You see it running before committing to anything.
Gray Horizons Enterprise

To opt out of future emails, reply with REMOVE.
https://calendly.com/grayhorizonsenterprise/30min","sent","plumbing",""
"Best Dentists Near Me in Oakland, California | Delta Dental","","admin3@carringtonorthodonticcenter.com","https://www.deltadental.com/member/find-a-dentist/california/oakland-dentists/","Something we built for practices","Hey,

The average dental practice loses 8-12 new patients every month to slow follow-up. A patient submits a form or calls after hours, nobody responds until the next morning, and by then they've booked somewhere else.

At $1,200 average lifetime value per new patient, that's $9,600-$14,400 a month slipping through.

We built a follow-up system that responds to every new patient inquiry immediately - even at 11pm - and keeps them engaged until they're booked. Happy to show you how it works in 20 minutes.

https://calendly.com/grayhorizonsenterprise/30min


We offer a 7-day free trial. No cost, no contract. You see it running before committing to anything.
Gray Horizons Enterprise

To opt out of future emails, reply with REMOVE.","sent","dental",""
"Oakland Dentist - Total Health Dental Care","","outreach@totalhealthdentalcare.com","https://totalhealthdentalcare.com/","Quick question","Hey,

Most practices have 200-400 patients who called or filled out a form, never booked, and were never followed up with again. That's $240,000-$480,000 in lost lifetime value sitting in a spreadsheet or voicemail box.

We built a reactivation system that reaches back out to those patients automatically and gets them back on the schedule.

I can show you what this looks like for your practice in 20 minutes: https://calendly.com/grayhorizonsenterprise/30min.


We offer a 7-day free trial. No cost, no contract. You see it running before committing to anything.
Gray Horizons Enterprise

To opt out of future emails, reply with REMOVE.","sent","dental",""
"Salt Lake Lawns | Lawn Care Service in Taylorsville, UT","","brad@saltlakelawns.com","https://saltlakelawns.com/","How do you handle overflow leads?","Hey,

When your schedule is full and a new lead comes in it almost always gets lost - there is no system to capture it for later.

We built a system that holds every overflow lead and follows up automatically when your schedule opens.

I can show you how we set it up this week.


We offer a 7-day free trial. No cost, no contract. You see it running before committing to anything.
Gray Horizons Enterprise

To opt out of future emails, reply with REMOVE.
https://calendly.com/grayhorizonsenterprise/30min","sent","landscaping",""
"Seaside Roofing: Solana Beach, CA's Premier Roofing Experts","","server@totalroofingandsidinginc.com","https://totalroofingandsidinginc.com/roofing-near-me/seaside-roofing/","Question for you","Hi,

After-hours leads from homeowners - when they come in through your website or Google listing at night, what happens to them? Does something catch it automatically or does it sit until morning?

Just asking because that's usually where the fastest-responding contractor wins the job.


We offer a 7-day free trial. No cost, no contract. You see it running before committing to anything.
Gray Horizons Enterprise

To opt out of future emails, reply with REMOVE.
https://calendly.com/grayhorizonsenterprise/30min","sent","contractor",""
"The Best Dell Laptops We've Tested for 2026 | PCMag","","matthew.buzzi@ziffmedia.com","https://www.pcmag.com/picks/the-best-dell-laptops","Something we built for practices","Hey,

Most practices have 200-400 patients who called or filled out a form, never booked, and were never followed up with again. That's $240,000-$480,000 in lost lifetime value sitting in a spreadsheet or voicemail box.

We built a reactivation system that reaches back out to those patients automatically and gets them back on the schedule.

I can show you what this looks like for your practice in 20 minutes: https://calendly.com/grayhorizonsenterprise/30min.


We offer a 7-day free trial. No cost, no contract. You see it running before committing to anything.
Gray Horizons Enterprise

To opt out of future emails, reply with REMOVE.","sent","dental",""
"Tatum Ranch","","trca@tatumranch.org","https://www.tatumranch.org/home/","Something we built for HOA teams","
We offer a 7-day free trial. No cost, no contract. You see it running before committing to anything.
Gray Horizons Enterprise here.

HOA teams we've worked with had the same problem - violations documented at the start, then lost somewhere between board review and resolution.

We built a system that tracks the full lifecycle automatically so nothing slips.

I can show you exactly how it works and get it running for your team this week.

Gray Horizons Enterprise

To opt out of future emails, reply with REMOVE.
https://calendly.com/grayhorizonsenterprise/30min","sent","hoa",""
"Modern property management for condos & co-ops","","pr@joindaisy.com","https://www.joindaisy.com/","How do you handle this?","Hey,

When a board member asks for a status update on an open violation, how long does it take your team to pull that together?

We've been working on cutting that time down. Happy to show you what we built if it's relevant.


We offer a 7-day free trial. No cost, no contract. You see it running before committing to anything.
Gray Horizons Enterprise

To opt out of future emails, reply with REMOVE.
https://calendly.com/grayhorizonsenterprise/30min","sent","hoa",""
"We Care A/C, Plumbing, & Electric","","wecareniceville@gmail.com","https://wecareheatandair.com/","Quick question","Hey,

HVAC companies with a full schedule typically miss 15-20 calls a week during peak season. At an average job value of $450, that's $6,750-$9,000 walking out the door every week.

We set up an automated follow-up system for HVAC shops that catches every missed inquiry and follows up immediately - so the customer hears from you before they book someone else.

Three shops we've set this up for recovered 6-10 jobs in the first month they'd have otherwise lost.

Worth a 20-minute call to see if it fits? https://calendly.com/grayhorizonsenterprise/30min.


We offer a 7-day free trial. No cost, no contract. You see it running before committing to anything.
Gray Horizons Enterprise

To opt out of future emails, reply with REMOVE.","sent","hvac",""
"Utah's Best Furnace AC & Plumbing | Larsen HVAC & Plumbing - Heating, Cooling, Plumbing - we do it all","","shawn@larsenhvac.com","https://larsenhvac.com/hvac-contractor-salt-lake-city/","Question for you","Hi,

Quick question - when your line is busy or it's after hours and a customer calls about a broken AC or furnace, what happens to that call?

If it goes to voicemail, research shows 80% of those customers book the next company that answers before you call back.

We built a follow-up system that responds to those inquiries automatically and keeps them engaged until your team can get them on the schedule. Happy to show you how it works in 20 minutes.

https://calendly.com/grayhorizonsenterprise/30min


We offer a 7-day free trial. No cost, no contract. You see it running before committing to anything.
Gray Horizons Enterprise

To opt out of future emails, reply with REMOVE.","sent","hvac",""
"KEEP YOUR HOME ELITE","","johnny@elitehvacslc.com","https://elitehvacslc.com/","Something we built","Hey,

Most HVAC owners I talk to say the same thing - the jobs they lose aren't from bad work, they're from slow follow-up. Estimate sent, no response, job goes to whoever follows up first.

We built an automated system that follows up on every open estimate and every missed inquiry without anyone on your team having to do it manually.

If that sounds like something worth looking at, grab a time here: https://calendly.com/grayhorizonsenterprise/30min.


We offer a 7-day free trial. No cost, no contract. You see it running before committing to anything.
Gray Horizons Enterprise

To opt out of future emails, reply with REMOVE.","sent","hvac",""
"Utah Heating and Cooling","","UtahHeatingCooling@gmail.com","https://utah-heatingcooling.com/","Quick question","Hi,

The average HVAC company loses $45,000-$120,000 per year to missed and unreturned calls. Most owners don't realize it because there's no system tracking what's being lost.

We fix that. I can show you exactly what it looks like for a shop your size in 20 minutes.

https://calendly.com/grayhorizonsenterprise/30min


We offer a 7-day free trial. No cost, no contract. You see it running before committing to anything.
Gray Horizons Enterprise

To opt out of future emails, reply with REMOVE.","sent","hvac",""
"Midwest HVAC","","midwest_hvac@hotmail.com","https://midwest-hvac.com/","Something we built","Hi,

The average HVAC company loses $45,000-$120,000 per year to missed and unreturned calls. Most owners don't realize it because there's no system tracking what's being lost.

We fix that. I can show you exactly what it looks like for a shop your size in 20 minutes.

https://calendly.com/grayhorizonsenterprise/30min


We offer a 7-day free trial. No cost, no contract. You see it running before committing to anything.
Gray Horizons Enterprise

To opt out of future emails, reply with REMOVE.","sent","hvac",""
"Climatech Heat & Air LLC","","climatechheatair@gmail.com","https://climatechheatair.com/","Question for you","Hey,

HVAC companies with a full schedule typically miss 15-20 calls a week during peak season. At an average job value of $450, that's $6,750-$9,000 walking out the door every week.

We set up an automated follow-up system for HVAC shops that catches every missed inquiry and follows up immediately - so the customer hears from you before they book someone else.

Three shops we've set this up for recovered 6-10 jobs in the first month they'd have otherwise lost.

Worth a 20-minute call to see if it fits? https://calendly.com/grayhorizonsenterprise/30min.


We offer a 7-day free trial. No cost, no contract. You see it running before committing to anything.
Gray Horizons Enterprise

To opt out of future emails, reply with REMOVE.","sent","hvac",""
"Air Works of Alabama | HVAC Repair & Installation","","airworksofalabama@gmail.com","https://airworks-alabama.com/","How do you handle this?","Hi,

The average HVAC company loses $45,000-$120,000 per year to missed and unreturned calls. Most owners don't realize it because there's no system tracking what's being lost.

We fix that. I can show you exactly what it looks like for a shop your size in 20 minutes.

https://calendly.com/grayhorizonsenterprise/30min


We offer a 7-day free trial. No cost, no contract. You see it running before committing to anything.
Gray Horizons Enterprise

To opt out of future emails, reply with REMOVE.","sent","hvac",""
"Higgins Heating & Cooling","","jonathan@higginsheatncool.com","https://higginsheatncoolmt.com/","Something we built","Hey,

Most HVAC owners I talk to say the same thing - the jobs they lose aren't from bad work, they're from slow follow-up. Estimate sent, no response, job goes to whoever follows up first.

We built an automated system that follows up on every open estimate and every missed inquiry without anyone on your team having to do it manually.

If that sounds like something worth looking at, grab a time here: https://calendly.com/grayhorizonsenterprise/30min.


We offer a 7-day free trial. No cost, no contract. You see it running before committing to anything.
Gray Horizons Enterprise

To opt out of future emails, reply with REMOVE.","sent","hvac",""
"Carolina Dental Arts","","ctpowell@gmail.com","https://www.carolinadentalarts.com/","Quick question","Hi,

Quick question for you - when a new patient submits a form on your website at 8pm on a Tuesday, what happens to that inquiry?

If it sits until the next morning, research shows 78% of those patients have already booked somewhere else by the time you call back.

We fix that with an automated follow-up system. Three practices we've set this up for saw immediate increases in new patient bookings in the first 30 days.

Worth 20 minutes to see the setup? https://calendly.com/grayhorizonsenterprise/30min.


We offer a 7-day free trial. No cost, no contract. You see it running before committing to anything.
Gray Horizons Enterprise

To opt out of future emails, reply with REMOVE.","sent","dental",""
"Wolfe Plumbing   Mec","","wolfemechanical@hotmail.com","https://www.wolfeplumbing.org/","Quick question","Hey,

Post-job follow-up almost never happens in plumbing - no check-in call, no review request, no next service reminder.

We built that entire process into a system that runs automatically after every job closes.

I can show you what it looks like and get it running for your team this week.


We offer a 7-day free trial. No cost, no contract. You see it running before committing to anything.
Gray Horizons Enterprise

To opt out of future emails, reply with REMOVE.
https://calendly.com/grayhorizonsenterprise/30min","sent","plumbing",""
"Ultraplumbimg","","ultrap2024@gmail.com","https://www.ultraplumbing.net/","How do you handle missed calls?","Hey,

Most plumbing companies we work with had no system for job tracking across crews - status updates required calling the tech directly every time.

We fixed that with a system that keeps every job visible from dispatch to close-out without anyone having to chase it down.

I can get you set up in about a week.


We offer a 7-day free trial. No cost, no contract. You see it running before committing to anything.
Gray Horizons Enterprise

To opt out of future emails, reply with REMOVE.
https://calendly.com/grayhorizonsenterprise/30min","sent","plumbing",""
"Mysite","","wichitaplumbingco@gmail.com","https://www.wichitaplumbingco.com/","Question for you","Hi,

When you finish a job, what does the follow-up process look like? Is there anything automated that checks in with the customer, or does it depend on the tech remembering to do it?

We've built that whole post-job flow into a system. Happy to show you how it works.


We offer a 7-day free trial. No cost, no contract. You see it running before committing to anything.
Gray Horizons Enterprise

To opt out of future emails, reply with REMOVE.
https://calendly.com/grayhorizonsenterprise/30min","sent","plumbing",""
"Bozeman, MT","","myplumberbob@hotmail.com","https://www.myplumberbob.com/","How do you handle missed calls?","Hey,

The biggest revenue leak for most plumbing companies is missed calls - the customer calls once, nobody answers, and they book someone else before you call back.

We built a system that captures every missed call and gets it back into your pipeline automatically.

I can show you exactly how it works this week.


We offer a 7-day free trial. No cost, no contract. You see it running before committing to anything.
Gray Horizons Enterprise

To opt out of future emails, reply with REMOVE.
https://calendly.com/grayhorizonsenterprise/30min","sent","plumbing",""
"masterplumbingoftn","","masterplumbingoftn@gmail.com","https://www.masterplumbingtn.com/","How do you handle missed calls?","Hey,

Direct question - when an emergency call comes in at night and your main line is busy, how does your team handle it? Does it route somewhere or go to voicemail?

That's usually the biggest gap I hear about from plumbing companies.


We offer a 7-day free trial. No cost, no contract. You see it running before committing to anything.
Gray Horizons Enterprise

To opt out of future emails, reply with REMOVE.
https://calendly.com/grayhorizonsenterprise/30min","sent","plumbing",""
"Piper's Plumbing","","chris@pipersplumbing.com","https://pipersplumbing.com/","How do you handle missed calls?","Hey,

Most plumbing companies we work with had no system for job tracking across crews - status updates required calling the tech directly every time.

We fixed that with a system that keeps every job visible from dispatch to close-out without anyone having to chase it down.

I can get you set up in about a week.


We offer a 7-day free trial. No cost, no contract. You see it running before committing to anything.
Gray Horizons Enterprise

To opt out of future emails, reply with REMOVE.
https://calendly.com/grayhorizonsenterprise/30min","sent","plumbing",""
"California Estimation","","plans@californiaestimation.com","https://www.californiaestimation.com/","How do you handle this?","Hi,

The gap between a lead reaching out and your team getting them a quote is usually where the job goes to a competitor.

We built a system that cuts that response time down and automates the follow-up so no lead goes cold.

I can get you set up in about a week. Let me know and I will show you exactly how it works.


We offer a 7-day free trial. No cost, no contract. You see it running before committing to anything.
Gray Horizons Enterprise

To opt out of future emails, reply with REMOVE.
https://calendly.com/grayhorizonsenterprise/30min","sent","contractor",""
"PRC Contract, LLC","","PRCpalafox1283@gmail.com","https://www.prccontractllc.com/","How do you handle this?","Hey,

After-hours inquiries from homeowners are some of the highest-intent leads a contractor gets - and most of them go unanswered until the next day.

We built a system that captures and responds to those leads automatically so you are always first to respond.

I can show you how we set it up this week.


We offer a 7-day free trial. No cost, no contract. You see it running before committing to anything.
Gray Horizons Enterprise

To opt out of future emails, reply with REMOVE.
https://calendly.com/grayhorizonsenterprise/30min","sent","contractor",""
"Building Up Construction","","buildingupnw@gmail.com","https://buildingupconstruction.net/","Something we built for contractors","Hi,

When a homeowner submits a project request through your website or Google listing after hours it almost always sits until the next day.

By then they have already called two more contractors.

We built a system that responds immediately and keeps them engaged until your team is available.

I can show you how it works this week.


We offer a 7-day free trial. No cost, no contract. You see it running before committing to anything.
Gray Horizons Enterprise

To opt out of future emails, reply with REMOVE.
https://calendly.com/grayhorizonsenterprise/30min","sent","contractor",""
"Residential & Commercial Construction Leaders","","fortressgeneralcontracting@gmail.com","https://www.fortresscontracting.net/","Question for you","Hi,

After-hours leads from homeowners - when they come in through your website or Google listing at night, what happens to them? Does something catch it automatically or does it sit until morning?

Just asking because that's usually where the fastest-responding contractor wins the job.


We offer a 7-day free trial. No cost, no contract. You see it running before committing to anything.
Gray Horizons Enterprise

To opt out of future emails, reply with REMOVE.
https://calendly.com/grayhorizonsenterprise/30min","sent","contractor",""
"Virginia Home Remodel","","virginiahomeremodel@gmail.com","https://virginiaremodel.com/","Quick question","Hey,

After-hours inquiries from homeowners are some of the highest-intent leads a contractor gets - and most of them go unanswered until the next day.

We built a system that captures and responds to those leads automatically so you are always first to respond.

I can show you how we set it up this week.


We offer a 7-day free trial. No cost, no contract. You see it running before committing to anything.
Gray Horizons Enterprise

To opt out of future emails, reply with REMOVE.
https://calendly.com/grayhorizonsenterprise/30min","sent","contractor",""
"Keeler Construction","","stephen@keelerconstruct.com","https://www.keelerconstruct.com/","Quick question","Hi,

The window between sending an estimate and hearing back is where most contracting jobs go cold - the customer gets another quote and signs with whoever follows up first.

We built a system that handles automatic follow-up so you stop losing jobs to faster competitors.

I can walk you through it this week.


We offer a 7-day free trial. No cost, no contract. You see it running before committing to anything.
Gray Horizons Enterprise

To opt out of future emails, reply with REMOVE.
https://calendly.com/grayhorizonsenterprise/30min","sent","contractor",""
"2C General Contracting","","cmajor@2ccontracting.com","https://2ccontracting.com/","Quick question","Hey,

When you send out an estimate and don't hear back, what does your follow-up process look like? Is there a system tracking each open bid or does it depend on whoever sent it remembering to follow up?

That's usually where jobs go cold.


We offer a 7-day free trial. No cost, no contract. You see it running before committing to anything.
Gray Horizons Enterprise

To opt out of future emails, reply with REMOVE.
https://calendly.com/grayhorizonsenterprise/30min","sent","contractor",""
"Bozeman Landscaping","","bozemanlandscaping@gmail.com","https://www.bozemanlandscape.com/","Quick question","Hey,

When your schedule is full and a new lead comes in it almost always gets lost - there is no system to capture it for later.

We built a system that holds every overflow lead and follows up automatically when your schedule opens.

I can show you how we set it up this week.


We offer a 7-day free trial. No cost, no contract. You see it running before committing to anything.
Gray Horizons Enterprise

To opt out of future emails, reply with REMOVE.
https://calendly.com/grayhorizonsenterprise/30min","sent","landscaping",""
"[PDF] LEADER - CAI Wisconsin","","K@48G9-.BYBGNPTUT","https://cai-wi.org/images/downloads/q4_2023_cai_wi_magazine.pdf","Something we built for HOA teams","
We offer a 7-day free trial. No cost, no contract. You see it running before committing to anything.
Gray Horizons Enterprise here.

The gap between a homeowner filing a report and that violation being fully resolved is where HOA teams take on the most risk.

We built a system that locks that gap down - every step tracked, documented, and followed up automatically.

I can get you set up in about a week. Let me know and I'll show you exactly how it works.

Gray Horizons Enterprise

To opt out of future emails, reply with REMOVE.
https://calendly.com/grayhorizonsenterprise/30min","sent","hoa",""
"KS","","contactks@ksmanagement.org","https://www.ksmanagementservices.com/","How do you handle this?","
We offer a 7-day free trial. No cost, no contract. You see it running before committing to anything.
Gray Horizons Enterprise here.

Straight to it - we help HOA management teams stop losing violations in the handoff between report, tracking, and resolution.

Most teams we work with had it happening constantly and didn't realize how much time it was costing.

I can show you exactly how we fixed it this week if you want to see it.

Gray Horizons Enterprise

To opt out of future emails, reply with REMOVE.
https://calendly.com/grayhorizonsenterprise/30min","sent","hoa",""
"Patriot Properties","","leasing@patriot-properties.com","https://patriot-properties.com/","Process question","
We offer a 7-day free trial. No cost, no contract. You see it running before committing to anything.
Gray Horizons Enterprise here.

The biggest issue we keep seeing with HOA teams is violations getting lost between report, board review, and resolution.

We built a system that locks that entire process down so nothing slips through.

If you want, I can walk you through it and get something similar set up for you quickly.

Gray Horizons Enterprise

To opt out of future emails, reply with REMOVE.
https://calendly.com/grayhorizonsenterprise/30min","sent","hoa",""
"Green Oaks Property Management","","contactus@gcrealtyinc.com","https://www.gcrealtyinc.com/green-oaks-property-management","Quick question","
We offer a 7-day free trial. No cost, no contract. You see it running before committing to anything.
Gray Horizons Enterprise here.

The biggest issue we keep seeing with HOA teams is violations getting lost between report, board review, and resolution.

We built a system that locks that entire process down so nothing slips through.

If you want, I can walk you through it and get something similar set up for you quickly.

Gray Horizons Enterprise

To opt out of future emails, reply with REMOVE.
https://calendly.com/grayhorizonsenterprise/30min","sent","hoa",""
"langstanllc","","langstanmgmt@gmail.com","https://www.langstanllc.com/","How do you handle this?","
We offer a 7-day free trial. No cost, no contract. You see it running before committing to anything.
Gray Horizons Enterprise here.

The biggest issue we keep seeing with HOA teams is violations getting lost between report, board review, and resolution.

We built a system that locks that entire process down so nothing slips through.

If you want, I can walk you through it and get something similar set up for you quickly.

Gray Horizons Enterprise

To opt out of future emails, reply with REMOVE.
https://calendly.com/grayhorizonsenterprise/30min","sent","hoa",""
"Professional, Experienced Bozeman Property Management","","managementassocmt@gmail.com","https://www.managementassociatesmt.com/","How do you handle this?","
We offer a 7-day free trial. No cost, no contract. You see it running before committing to anything.
Gray Horizons Enterprise here.

HOA teams we've worked with had the same problem - violations documented at the start, then lost somewhere between board review and resolution.

We built a system that tracks the full lifecycle automatically so nothing slips.

I can show you exactly how it works and get it running for your team this week.

Gray Horizons Enterprise

To opt out of future emails, reply with REMOVE.
https://calendly.com/grayhorizonsenterprise/30min","sent","hoa",""
"DC Air and Heating LLC","","connect@dcairandheating.com","https://dcairandheating.com/gallery","Question for you","Hey,

Most HVAC owners I talk to say the same thing - the jobs they lose aren't from bad work, they're from slow follow-up. Estimate sent, no response, job goes to whoever follows up first.

We built an automated system that follows up on every open estimate and every missed inquiry without anyone on your team having to do it manually.

If that sounds like something worth looking at, grab a time here: https://calendly.com/grayhorizonsenterprise/30min.


We offer a 7-day free trial. No cost, no contract. You see it running before committing to anything.
Gray Horizons Enterprise

To opt out of future emails, reply with REMOVE.","sent","hvac",""
"C & C Heating & Air Conditioning","","callcenter@candcheat.com","https://candcheat.com/","Question for you","Hi,

Quick question - when your line is busy or it's after hours and a customer calls about a broken AC or furnace, what happens to that call?

If it goes to voicemail, research shows 80% of those customers book the next company that answers before you call back.

We built a follow-up system that responds to those inquiries automatically and keeps them engaged until your team can get them on the schedule. Happy to show you how it works in 20 minutes.

https://calendly.com/grayhorizonsenterprise/30min


We offer a 7-day free trial. No cost, no contract. You see it running before committing to anything.
Gray Horizons Enterprise

To opt out of future emails, reply with REMOVE.","sent","hvac",""
"Contact","","marcus@ascendhvac.com","https://www.ascendhvac.com/contact","Something we built","Hi,

Quick question - when your line is busy or it's after hours and a customer calls about a broken AC or furnace, what happens to that call?

If it goes to voicemail, research shows 80% of those customers book the next company that answers before you call back.

We built a follow-up system that responds to those inquiries automatically and keeps them engaged until your team can get them on the schedule. Happy to show you how it works in 20 minutes.

https://calendly.com/grayhorizonsenterprise/30min


We offer a 7-day free trial. No cost, no contract. You see it running before committing to anything.
Gray Horizons Enterprise

To opt out of future emails, reply with REMOVE.","sent","hvac",""
"Facility Search","","providerdirectoryreport@caldental.net","https://www.caldental.net/FacilitySearch2/cdn/ca","Question for you","Hi,

Quick question for you - when a new patient submits a form on your website at 8pm on a Tuesday, what happens to that inquiry?

If it sits until the next morning, research shows 78% of those patients have already booked somewhere else by the time you call back.

We fix that with an automated follow-up system. Three practices we've set this up for saw immediate increases in new patient bookings in the first 30 days.

Worth 20 minutes to see the setup? https://calendly.com/grayhorizonsenterprise/30min.


We offer a 7-day free trial. No cost, no contract. You see it running before committing to anything.
Gray Horizons Enterprise

To opt out of future emails, reply with REMOVE.","sent","dental",""
"Heartland Dental","","heartlanddentalcareers@heartland.com","https://heartland.com/contact/","Something we built for practices","Hey,

The average dental practice loses 8-12 new patients every month to slow follow-up. A patient submits a form or calls after hours, nobody responds until the next morning, and by then they've booked somewhere else.

At $1,200 average lifetime value per new patient, that's $9,600-$14,400 a month slipping through.

We built a follow-up system that responds to every new patient inquiry immediately - even at 11pm - and keeps them engaged until they're booked. Happy to show you how it works in 20 minutes.

https://calendly.com/grayhorizonsenterprise/30min


We offer a 7-day free trial. No cost, no contract. You see it running before committing to anything.
Gray Horizons Enterprise

To opt out of future emails, reply with REMOVE.","sent","dental",""
"Stone Plumbing","","katie@renteji.com","https://www.stoneplumbingllc.com/","How do you handle missed calls?","Hi,

After-hours and weekend calls are where most plumbing companies lose the most jobs - by the time someone calls back the customer has already moved on.

We built a system that captures and responds to those inquiries automatically so you stop losing jobs to whoever answers first.

I can show you exactly how we set it up this week.


We offer a 7-day free trial. No cost, no contract. You see it running before committing to anything.
Gray Horizons Enterprise

To opt out of future emails, reply with REMOVE.
https://calendly.com/grayhorizonsenterprise/30min","sent","plumbing",""
"TANZ Inc.","","tanzInc@tanzInc.com","https://www.tanzinc.com/residential/","How do you handle overflow leads?","Hey,

The first company to respond to an estimate request in landscaping almost always wins the job - most homeowners book whoever gets back to them first.

We built a system that captures new inquiries and responds automatically so you are always first.

I can show you exactly how it works this week.


We offer a 7-day free trial. No cost, no contract. You see it running before committing to anything.
Gray Horizons Enterprise

To opt out of future emails, reply with REMOVE.
https://calendly.com/grayhorizonsenterprise/30min","sent","landscaping",""
"Midwest Roofing","",".dustin@gmail.com","https://midwestroofs.com/about/","Question for you","Hi there,

How are you following up on estimates that went out but never got a response? In roofing those can be pretty high-value jobs to let slip.

Just curious what your current process looks like.


We offer a 7-day free trial. No cost, no contract. You see it running before committing to anything.
Gray Horizons Enterprise

To opt out of future emails, reply with REMOVE.
https://calendly.com/grayhorizonsenterprise/30min","sent","roofing",""
"Heating and Air Conditioning Murrieta, CA | Temecula, CA","","jason@redhawkmechanical.com","https://www.redhawkmechanical.com/","Quick question","Hi,

The average HVAC company loses $45,000-$120,000 per year to missed and unreturned calls. Most owners don't realize it because there's no system tracking what's being lost.

We fix that. I can show you exactly what it looks like for a shop your size in 20 minutes.

https://calendly.com/grayhorizonsenterprise/30min


We offer a 7-day free trial. No cost, no contract. You see it running before committing to anything.
Gray Horizons Enterprise

To opt out of future emails, reply with REMOVE.","sent","hvac",""
"Heating and Air Conditioning Murrieta, CA | Temecula, CA","","camden@redhawkmechanical.com","https://www.redhawkmechanical.com/","Quick question","Hi,

The average HVAC company loses $45,000-$120,000 per year to missed and unreturned calls. Most owners don't realize it because there's no system tracking what's being lost.

We fix that. I can show you exactly what it looks like for a shop your size in 20 minutes.

https://calendly.com/grayhorizonsenterprise/30min


We offer a 7-day free trial. No cost, no contract. You see it running before committing to anything.
Gray Horizons Enterprise

To opt out of future emails, reply with REMOVE.","sent","hvac",""
"ProGrass Home & Landscape | Landscape Maintenance in Portlan","","getstarted@prograss.com","https://www.prograss.com/","How do you handle overflow leads?","Hi,

Seasonal clients who go quiet between services are lost revenue that most landscaping companies never recover.

We built a system that keeps every recurring client on schedule with automatic reminders and follow-up.

I can walk you through it this week and show you what it looks like running.


We offer a 7-day free trial. No cost, no contract. You see it running before committing to anything.
Gray Horizons Enterprise

To opt out of future emails, reply with REMOVE.
https://calendly.com/grayhorizonsenterprise/30min","sent","landscaping",""
"Tirupati dental care centre — Best Dentist in Chhatrapati ..","","balpreetanand@gmail.com","https://smartdentaldesk.com/find-dentist/deea4e3f-f27f-44ec-86bd-92d8225e1c90","How do you handle this?","Hi,

Quick question for you - when a new patient submits a form on your website at 8pm on a Tuesday, what happens to that inquiry?

If it sits until the next morning, research shows 78% of those patients have already booked somewhere else by the time you call back.

We fix that with an automated follow-up system. Three practices we've set this up for saw immediate increases in new patient bookings in the first 30 days.

Worth 20 minutes to see the setup? https://calendly.com/grayhorizonsenterprise/30min.


We offer a 7-day free trial. No cost, no contract. You see it running before committing to anything.
Gray Horizons Enterprise

To opt out of future emails, reply with REMOVE.","sent","dental",""
"3 Best Dental Clinics in Aurangabad, MH","","smile@drgirhedental.com","https://threebestrated.in/dental-clinics-in-aurangabad-mh","Question for you","Hey,

Most practices have 200-400 patients who called or filled out a form, never booked, and were never followed up with again. That's $240,000-$480,000 in lost lifetime value sitting in a spreadsheet or voicemail box.

We built a reactivation system that reaches back out to those patients automatically and gets them back on the schedule.

I can show you what this looks like for your practice in 20 minutes: https://calendly.com/grayhorizonsenterprise/30min.


We offer a 7-day free trial. No cost, no contract. You see it running before committing to anything.
Gray Horizons Enterprise

To opt out of future emails, reply with REMOVE.","sent","dental",""
"3 Best Dental Clinics in Aurangabad, MH","","jamburedental@gmail.com","https://threebestrated.in/dental-clinics-in-aurangabad-mh","Quick question","Hey,

Most practices have 200-400 patients who called or filled out a form, never booked, and were never followed up with again. That's $240,000-$480,000 in lost lifetime value sitting in a spreadsheet or voicemail box.

We built a reactivation system that reaches back out to those patients automatically and gets them back on the schedule.

I can show you what this looks like for your practice in 20 minutes: https://calendly.com/grayhorizonsenterprise/30min.


We offer a 7-day free trial. No cost, no contract. You see it running before committing to anything.
Gray Horizons Enterprise

To opt out of future emails, reply with REMOVE.","sent","dental",""
"3 Best Dental Clinics in Aurangabad, MH","","review@business-domain.in","https://threebestrated.in/dental-clinics-in-aurangabad-mh","Quick question","Hi,

Quick question for you - when a new patient submits a form on your website at 8pm on a Tuesday, what happens to that inquiry?

If it sits until the next morning, research shows 78% of those patients have already booked somewhere else by the time you call back.

We fix that with an automated follow-up system. Three practices we've set this up for saw immediate increases in new patient bookings in the first 30 days.

Worth 20 minutes to see the setup? https://calendly.com/grayhorizonsenterprise/30min.


We offer a 7-day free trial. No cost, no contract. You see it running before committing to anything.
Gray Horizons Enterprise

To opt out of future emails, reply with REMOVE.","sent","dental",""
"3 Best Dental Clinics in Aurangabad, MH","","reviews@threebestrated.in","https://threebestrated.in/dental-clinics-in-aurangabad-mh","Quick question","Hey,

Most practices have 200-400 patients who called or filled out a form, never booked, and were never followed up with again. That's $240,000-$480,000 in lost lifetime value sitting in a spreadsheet or voicemail box.

We built a reactivation system that reaches back out to those patients automatically and gets them back on the schedule.

I can show you what this looks like for your practice in 20 minutes: https://calendly.com/grayhorizonsenterprise/30min.


We offer a 7-day free trial. No cost, no contract. You see it running before committing to anything.
Gray Horizons Enterprise

To opt out of future emails, reply with REMOVE.","sent","dental",""
"Able Roofing: Columbus' Largest Residential Roofing Contract","","smile@ableroof.com","https://www.ableroof.com/","Quick question","Hey,

Direct question: when a homeowner calls about a leak or damage and you can't get to them for three days, how do you keep them from calling someone else in the meantime?

That's usually the biggest gap I hear about. Happy to share what we've built if it's useful.


We offer a 7-day free trial. No cost, no contract. You see it running before committing to anything.
Gray Horizons Enterprise

To opt out of future emails, reply with REMOVE.
https://calendly.com/grayhorizonsenterprise/30min","sent","roofing",""
"Allied Roofing Inc. | Trusted Roofing Experts | BBB A+ Rated","","officemanager@alliedroofinginc.com","https://www.alliedroofinginc.com/","Something we built for roofers","Hey,

Quick one: after a storm comes through your area, how does your team handle the wave of calls that come in? Is there a system to track each one or does it get a little chaotic?

We've been helping roofing companies manage exactly that.


We offer a 7-day free trial. No cost, no contract. You see it running before committing to anything.
Gray Horizons Enterprise

To opt out of future emails, reply with REMOVE.
https://calendly.com/grayhorizonsenterprise/30min","sent","roofing",""
"Water - Simple English Wikipedia, the free encyclopedia","","citerefinformation@eso.org","https://simple.wikipedia.org/wiki/Water","How do you handle missed calls?","Hi,

Emergency calls are where plumbing companies win or lose customers - the ones who respond fastest get the job.

We built a dispatch system that routes emergency calls to the right tech instantly and keeps the customer updated automatically.

I can walk you through it this week and show you what it looks like running.


We offer a 7-day free trial. No cost, no contract. You see it running before committing to anything.
Gray Horizons Enterprise

To opt out of future emails, reply with REMOVE.
https://calendly.com/grayhorizonsenterprise/30min","sent","plumbing",""
"Top Orthodontist in Orem, UT | Thompson Orthodontics","","thompsonorthodontics@gmail.com","https://wadethompsonortho.com/","How do you handle this?","Hey,

Most practices have 200-400 patients who called or filled out a form, never booked, and were never followed up with again. That's $240,000-$480,000 in lost lifetime value sitting in a spreadsheet or voicemail box.

We built a reactivation system that reaches back out to those patients automatically and gets them back on the schedule.

I can show you what this looks like for your practice in 20 minutes: https://calendly.com/grayhorizonsenterprise/30min.


We offer a 7-day free trial. No cost, no contract. You see it running before committing to anything.
Gray Horizons Enterprise

To opt out of future emails, reply with REMOVE.","sent","dental",""
"Orem Orthodontics | Utah Orthodontic Care","","cal@myuoc.com","https://utahorthodonticcare.com/locations/orem/","Something we built for practices","Hi,

Patient no-shows cost the average dental practice $50,000-$150,000 per year in lost chair time. Most practices send one reminder. We send an automated sequence that cuts no-show rates by 40-60%.

Happy to walk you through exactly how it works: https://calendly.com/grayhorizonsenterprise/30min.


We offer a 7-day free trial. No cost, no contract. You see it running before committing to anything.
Gray Horizons Enterprise

To opt out of future emails, reply with REMOVE.","sent","dental",""
"Dentist Hillsboro, OR | Dentist Near Me | Local Dentist | De","","dental@wolfedental.com","https://www.wolfedental.com/","Quick question","Hi,

Quick question for you - when a new patient submits a form on your website at 8pm on a Tuesday, what happens to that inquiry?

If it sits until the next morning, research shows 78% of those patients have already booked somewhere else by the time you call back.

We fix that with an automated follow-up system. Three practices we've set this up for saw immediate increases in new patient bookings in the first 30 days.

Worth 20 minutes to see the setup? https://calendly.com/grayhorizonsenterprise/30min.


We offer a 7-day free trial. No cost, no contract. You see it running before committing to anything.
Gray Horizons Enterprise

To opt out of future emails, reply with REMOVE.","sent","dental",""
"5 Star Top Rated Dentist Near Me in Hillsboro, Near Beaverto","","hillsborodentalexcellence@gmail.com","https://hillsborodentalexcellence.com/","Something we built for practices","Hi,

Patient no-shows cost the average dental practice $50,000-$150,000 per year in lost chair time. Most practices send one reminder. We send an automated sequence that cuts no-show rates by 40-60%.

Happy to walk you through exactly how it works: https://calendly.com/grayhorizonsenterprise/30min.


We offer a 7-day free trial. No cost, no contract. You see it running before committing to anything.
Gray Horizons Enterprise

To opt out of future emails, reply with REMOVE.","sent","dental",""
"File for the homeowners' exemption | SF.gov","","asrexemptionunit@sfgov.org","https://www.sf.gov/file-homeowners-exemption","How do you handle this?","
We offer a 7-day free trial. No cost, no contract. You see it running before committing to anything.
Gray Horizons Enterprise here.

HOA teams we've worked with had the same problem - violations documented at the start, then lost somewhere between board review and resolution.

We built a system that tracks the full lifecycle automatically so nothing slips.

I can show you exactly how it works and get it running for your team this week.

Gray Horizons Enterprise

To opt out of future emails, reply with REMOVE.
https://calendly.com/grayhorizonsenterprise/30min","sent","hoa",""
"File for the homeowners' exemption | SF.gov","","u003easrexemptionunit@sfgov.org","https://www.sf.gov/file-homeowners-exemption","How do you handle this?","Hey,

When a board member asks for a status update on an open violation, how long does it take your team to pull that together?

We've been working on cutting that time down. Happy to show you what we built if it's relevant.


We offer a 7-day free trial. No cost, no contract. You see it running before committing to anything.
Gray Horizons Enterprise

To opt out of future emails, reply with REMOVE.
https://calendly.com/grayhorizonsenterprise/30min","sent","hoa",""
"Longmont Orthodontist, Invisalign for Teens and Adults - Lon","","info@longmontbraces.com","https://longmontbraces.com/","Quick question","Hi,

Patient no-shows cost the average dental practice $50,000-$150,000 per year in lost chair time. Most practices send one reminder. We send an automated sequence that cuts no-show rates by 40-60%.

Happy to walk you through exactly how it works: https://calendly.com/grayhorizonsenterprise/30min.


We offer a 7-day free trial. No cost, no contract. You see it running before committing to anything.
Gray Horizons Enterprise

To opt out of future emails, reply with REMOVE.","skipped","dental",""
"HVAC & Plumbing Port Hueneme | HVAC & Plumbing Company","","info@airworkssolutions.com","https://airworkssolutions.com/locations/port-hueneme-ca","How do you handle this?","Hey,

Most HVAC owners I talk to say the same thing - the jobs they lose aren't from bad work, they're from slow follow-up. Estimate sent, no response, job goes to whoever follows up first.

We built an automated system that follows up on every open estimate and every missed inquiry without anyone on your team having to do it manually.

If that sounds like something worth looking at, grab a time here: https://calendly.com/grayhorizonsenterprise/30min.


We offer a 7-day free trial. No cost, no contract. You see it running before committing to anything.
Gray Horizons Enterprise

To opt out of future emails, reply with REMOVE.","skipped","hvac",""
"Braces Orthodontist in Irvine, CA | Updike Orthodontics","","info@updikeortho.com","https://updikeortho.com/","Something we built for practices","Hey,

Most practices have 200-400 patients who called or filled out a form, never booked, and were never followed up with again. That's $240,000-$480,000 in lost lifetime value sitting in a spreadsheet or voicemail box.

We built a reactivation system that reaches back out to those patients automatically and gets them back on the schedule.

I can show you what this looks like for your practice in 20 minutes: https://calendly.com/grayhorizonsenterprise/30min.


We offer a 7-day free trial. No cost, no contract. You see it running before committing to anything.
Gray Horizons Enterprise

To opt out of future emails, reply with REMOVE.","skipped","dental",""
"Catalina Foothills AZ Landscape Maintenance & Tree Services","","catalinafoothills@augustalawncareservices.com","https://www.augustalawncareservices.com/catalinafoothills","Quick question","Hey,

The first company to respond to an estimate request in landscaping almost always wins the job - most homeowners book whoever gets back to them first.

We built a system that captures new inquiries and responds automatically so you are always first.

I can show you exactly how it works this week.


We offer a 7-day free trial. No cost, no contract. You see it running before committing to anything.
Gray Horizons Enterprise

To opt out of future emails, reply with REMOVE.
https://calendly.com/grayhorizonsenterprise/30min","sent","landscaping",""
"Hooley Roofing LLC","","info@hooleyroofing.com","https://hooleyroofing.com/","How do you handle this?","Hi,

After-hours leads from homeowners - when they come in through your website or Google listing at night, what happens to them? Does something catch it automatically or does it sit until morning?

Just asking because that's usually where the fastest-responding contractor wins the job.


We offer a 7-day free trial. No cost, no contract. You see it running before committing to anything.
Gray Horizons Enterprise

To opt out of future emails, reply with REMOVE.
https://calendly.com/grayhorizonsenterprise/30min","skipped","contractor",""
"Lehi & Utah County Roofing Contractor | Rooval Roofing","","info@rooval-roofing.com","https://rooval-roofing.com/","Question for you","Hey,

After-hours inquiries from homeowners are some of the highest-intent leads a contractor gets - and most of them go unanswered until the next day.

We built a system that captures and responds to those leads automatically so you are always first to respond.

I can show you how we set it up this week.


We offer a 7-day free trial. No cost, no contract. You see it running before committing to anything.
Gray Horizons Enterprise

To opt out of future emails, reply with REMOVE.
https://calendly.com/grayhorizonsenterprise/30min","skipped","contractor",""
"Lehi & Utah County Roofing Contractor | Rooval Roofing","","roovalroofing@gmail.com","https://rooval-roofing.com/","How do you handle this?","Hey,

Contractors lose more jobs to slow follow-up than to price - the client moves on before the estimate even gets a response.

We fixed that for several firms with a system that tracks every estimate and follows up automatically.

I can show you what that looks like this week.


We offer a 7-day free trial. No cost, no contract. You see it running before committing to anything.
Gray Horizons Enterprise

To opt out of future emails, reply with REMOVE.
https://calendly.com/grayhorizonsenterprise/30min","sent","contractor",""
"Lehi Roofing | Roofing Company | Roofing Utah","","jen@roofingutah.com","https://www.roofingutah.com/lehi/","Question for you","Hey,

Most contractors we work with were losing jobs not because of the work but because estimate follow-up was not happening consistently.

We built a system that tracks every open bid and follows up automatically until you get a response.

I can show you exactly how it works and get it running for your team this week.


We offer a 7-day free trial. No cost, no contract. You see it running before committing to anything.
Gray Horizons Enterprise

To opt out of future emails, reply with REMOVE.
https://calendly.com/grayhorizonsenterprise/30min","sent","contractor",""
"Professional Plumbing Services — Verdugo Plumbing","","info@verdugoplumbing.com","https://www.verdugoplumbing.com/burbank-ca","Something we built","Hi,

Emergency calls are where plumbing companies win or lose customers - the ones who respond fastest get the job.

We built a dispatch system that routes emergency calls to the right tech instantly and keeps the customer updated automatically.

I can walk you through it this week and show you what it looks like running.


We offer a 7-day free trial. No cost, no contract. You see it running before committing to anything.
Gray Horizons Enterprise

To opt out of future emails, reply with REMOVE.
https://calendly.com/grayhorizonsenterprise/30min","skipped","plumbing",""
"Local Lawn Care & Mowing Services Made Easy | Lawn Love","","info@lawnlove.com","https://lawnlove.com/","Something we built","Hi,

Seasonal clients who go quiet between services are lost revenue that most landscaping companies never recover.

We built a system that keeps every recurring client on schedule with automatic reminders and follow-up.

I can walk you through it this week and show you what it looks like running.


We offer a 7-day free trial. No cost, no contract. You see it running before committing to anything.
Gray Horizons Enterprise

To opt out of future emails, reply with REMOVE.
https://calendly.com/grayhorizonsenterprise/30min","skipped","landscaping",""
"Chula Vista, CA Dentist - Dental Arts of South Bay - General","","info@dentalartsofsouthbay.com","https://www.dentalartsofsouthbay.com/","Question for you","Hey,

The average dental practice loses 8-12 new patients every month to slow follow-up. A patient submits a form or calls after hours, nobody responds until the next morning, and by then they've booked somewhere else.

At $1,200 average lifetime value per new patient, that's $9,600-$14,400 a month slipping through.

We built a follow-up system that responds to every new patient inquiry immediately - even at 11pm - and keeps them engaged until they're booked. Happy to show you how it works in 20 minutes.

https://calendly.com/grayhorizonsenterprise/30min


We offer a 7-day free trial. No cost, no contract. You see it running before committing to anything.
Gray Horizons Enterprise

To opt out of future emails, reply with REMOVE.","skipped","dental",""
"Roofing in Dos Palos, CA — Owens Corning Platinum | New View","","info@newviewfresno.com","https://www.newviewfresno.com/service-areas/dos-palos","Something we built for roofers","Hey,

Direct question: when a homeowner calls about a leak or damage and you can't get to them for three days, how do you keep them from calling someone else in the meantime?

That's usually the biggest gap I hear about. Happy to share what we've built if it's useful.


We offer a 7-day free trial. No cost, no contract. You see it running before committing to anything.
Gray Horizons Enterprise

To opt out of future emails, reply with REMOVE.
https://calendly.com/grayhorizonsenterprise/30min","skipped","roofing",""
"Top Roofing Company Dos Palos CA | Econo Roofing","","info@econo-roofing.com","https://econo-roofing.com/roofing-company-dos-palos-ca/","Question for you","Hey,

Quick one: after a storm comes through your area, how does your team handle the wave of calls that come in? Is there a system to track each one or does it get a little chaotic?

We've been helping roofing companies manage exactly that.


We offer a 7-day free trial. No cost, no contract. You see it running before committing to anything.
Gray Horizons Enterprise

To opt out of future emails, reply with REMOVE.
https://calendly.com/grayhorizonsenterprise/30min","skipped","roofing",""
"Home Page - DC Drains & Plumbing | Orange County, CA","","dcdrains@dc-drains.com","https://dcdrainsinc.com/","Quick question","Hi,

Emergency calls are where plumbing companies win or lose customers - the ones who respond fastest get the job.

We built a dispatch system that routes emergency calls to the right tech instantly and keeps the customer updated automatically.

I can walk you through it this week and show you what it looks like running.


We offer a 7-day free trial. No cost, no contract. You see it running before committing to anything.
Gray Horizons Enterprise

To opt out of future emails, reply with REMOVE.
https://calendly.com/grayhorizonsenterprise/30min","sent","plumbing",""
"24/7 Local Plumber San Dimas, CA | Isaac & Sons Plumbing","","info@isaacnsonsplumbing.com","https://www.isaacnsonsplumbing.com/","Question for you","Hey,

Post-job follow-up almost never happens in plumbing - no check-in call, no review request, no next service reminder.

We built that entire process into a system that runs automatically after every job closes.

I can show you what it looks like and get it running for your team this week.


We offer a 7-day free trial. No cost, no contract. You see it running before committing to anything.
Gray Horizons Enterprise

To opt out of future emails, reply with REMOVE.
https://calendly.com/grayhorizonsenterprise/30min","skipped","plumbing",""
"United Community Management","","nicole@unitedhoa.com","https://unitedhoa.com/","Process question","
We offer a 7-day free trial. No cost, no contract. You see it running before committing to anything.
Gray Horizons Enterprise here.

Violation follow-up is where most HOA teams lose time - the documentation exists but pulling it together for a board review or audit takes way longer than it should.

We fixed that for a handful of firms and now it runs on its own.

I can walk you through the setup this week and show you what it looks like in practice.

Gray Horizons Enterprise

To opt out of future emails, reply with REMOVE.
https://calendly.com/grayhorizonsenterprise/30min","sent","hoa",""
"Professional HOA Property Management","","office@mcgillmanagement.com","https://www.mcgillmanagement.com/","Process question","
We offer a 7-day free trial. No cost, no contract. You see it running before committing to anything.
Gray Horizons Enterprise here.

Most HOA teams we've worked with were losing track of violations between the initial report and final resolution.

We fixed that with a simple system that handles tracking and follow-ups automatically.

If this is even slightly an issue on your side, I can show you exactly how we set it up this week.

Gray Horizons Enterprise

To opt out of future emails, reply with REMOVE.
https://calendly.com/grayhorizonsenterprise/30min","skipped","hoa",""
"Home","","prestigerem@gmail.com","https://www.prestigerem.com/","Process question","Hey,

When a board member asks for a status update on an open violation, how long does it take your team to pull that together?

We've been working on cutting that time down. Happy to show you what we built if it's relevant.


We offer a 7-day free trial. No cost, no contract. You see it running before committing to anything.
Gray Horizons Enterprise

To opt out of future emails, reply with REMOVE.
https://calendly.com/grayhorizonsenterprise/30min","sent","hoa",""
"Waco, TX","","info@cromwellco.com","https://www.cromwellco.com/associations","How do you handle this?","Hey,

Quick question - when a violation gets reported, what does your process look like from that initial report to final resolution? Is there a system tracking each step or is it mostly email threads?

That gap is where most HOA teams run into problems.


We offer a 7-day free trial. No cost, no contract. You see it running before committing to anything.
Gray Horizons Enterprise

To opt out of future emails, reply with REMOVE.
https://calendly.com/grayhorizonsenterprise/30min","skipped","hoa",""
"SouthWest HVAC","","info@southwesthvac.net","https://www.southwesthvac.com/","Quick question","Hey,

Most HVAC owners I talk to say the same thing - the jobs they lose aren't from bad work, they're from slow follow-up. Estimate sent, no response, job goes to whoever follows up first.

We built an automated system that follows up on every open estimate and every missed inquiry without anyone on your team having to do it manually.

If that sounds like something worth looking at, grab a time here: https://calendly.com/grayhorizonsenterprise/30min.


We offer a 7-day free trial. No cost, no contract. You see it running before committing to anything.
Gray Horizons Enterprise

To opt out of future emails, reply with REMOVE.","skipped","hvac",""
"Welcome to Hassle Free HVAC","","info@hasslefreehvacnj.com","https://www.hasslefreehvacnj.com/","Something we built","Hi,

Quick question - when your line is busy or it's after hours and a customer calls about a broken AC or furnace, what happens to that call?

If it goes to voicemail, research shows 80% of those customers book the next company that answers before you call back.

We built a follow-up system that responds to those inquiries automatically and keeps them engaged until your team can get them on the schedule. Happy to show you how it works in 20 minutes.

https://calendly.com/grayhorizonsenterprise/30min


We offer a 7-day free trial. No cost, no contract. You see it running before committing to anything.
Gray Horizons Enterprise

To opt out of future emails, reply with REMOVE.","skipped","hvac",""
"Encon Heating & AC","","info@goencon.com","https://commercial.goencon.com/","Something we built","Hey,

HVAC companies with a full schedule typically miss 15-20 calls a week during peak season. At an average job value of $450, that's $6,750-$9,000 walking out the door every week.

We set up an automated follow-up system for HVAC shops that catches every missed inquiry and follows up immediately - so the customer hears from you before they book someone else.

Three shops we've set this up for recovered 6-10 jobs in the first month they'd have otherwise lost.

Worth a 20-minute call to see if it fits? https://calendly.com/grayhorizonsenterprise/30min.


We offer a 7-day free trial. No cost, no contract. You see it running before committing to anything.
Gray Horizons Enterprise

To opt out of future emails, reply with REMOVE.","skipped","hvac",""
"Dentist in Miami, FL | The Smile Mission - Smile Missions goal is to increase American’s access to high quality oral health care.","","info@thesmilemission.com","https://thesmilemission.com/","How do you handle this?","Hi,

Patient no-shows cost the average dental practice $50,000-$150,000 per year in lost chair time. Most practices send one reminder. We send an automated sequence that cuts no-show rates by 40-60%.

Happy to walk you through exactly how it works: https://calendly.com/grayhorizonsenterprise/30min.


We offer a 7-day free trial. No cost, no contract. You see it running before committing to anything.
Gray Horizons Enterprise

To opt out of future emails, reply with REMOVE.","skipped","dental",""
"Dental Health Associates","","info@njdha.com","https://njdha.com/new-patients/","Quick question","Hi,

Patient no-shows cost the average dental practice $50,000-$150,000 per year in lost chair time. Most practices send one reminder. We send an automated sequence that cuts no-show rates by 40-60%.

Happy to walk you through exactly how it works: https://calendly.com/grayhorizonsenterprise/30min.


We offer a 7-day free trial. No cost, no contract. You see it running before committing to anything.
Gray Horizons Enterprise

To opt out of future emails, reply with REMOVE.","skipped","dental",""
"Harmony Dental Arts","","harmonydental@gmail.com","https://midtowndentalart.com/","Question for you","Hey,

The average dental practice loses 8-12 new patients every month to slow follow-up. A patient submits a form or calls after hours, nobody responds until the next morning, and by then they've booked somewhere else.

At $1,200 average lifetime value per new patient, that's $9,600-$14,400 a month slipping through.

We built a follow-up system that responds to every new patient inquiry immediately - even at 11pm - and keeps them engaged until they're booked. Happy to show you how it works in 20 minutes.

https://calendly.com/grayhorizonsenterprise/30min


We offer a 7-day free trial. No cost, no contract. You see it running before committing to anything.
Gray Horizons Enterprise

To opt out of future emails, reply with REMOVE.","sent","dental",""
"Night & Day Dental","","cary@nightanddaydental.com","https://www.nightanddaydental.com/new-patients/","Quick question","Hey,

Most practices have 200-400 patients who called or filled out a form, never booked, and were never followed up with again. That's $240,000-$480,000 in lost lifetime value sitting in a spreadsheet or voicemail box.

We built a reactivation system that reaches back out to those patients automatically and gets them back on the schedule.

I can show you what this looks like for your practice in 20 minutes: https://calendly.com/grayhorizonsenterprise/30min.


We offer a 7-day free trial. No cost, no contract. You see it running before committing to anything.
Gray Horizons Enterprise

To opt out of future emails, reply with REMOVE.","sent","dental",""
"Capital Dental Care","","info@capitaldentalcare.net","https://capitaldentalcare.net/","Quick question","Hey,

Most practices have 200-400 patients who called or filled out a form, never booked, and were never followed up with again. That's $240,000-$480,000 in lost lifetime value sitting in a spreadsheet or voicemail box.

We built a reactivation system that reaches back out to those patients automatically and gets them back on the schedule.

I can show you what this looks like for your practice in 20 minutes: https://calendly.com/grayhorizonsenterprise/30min.


We offer a 7-day free trial. No cost, no contract. You see it running before committing to anything.
Gray Horizons Enterprise

To opt out of future emails, reply with REMOVE.","skipped","dental",""
"Clear Flow Jersey City NJ","","clearflowinc@me.com","https://clearflowllc.com/","Quick question","Hey,

Direct question - when an emergency call comes in at night and your main line is busy, how does your team handle it? Does it route somewhere or go to voicemail?

That's usually the biggest gap I hear about from plumbing companies.


We offer a 7-day free trial. No cost, no contract. You see it running before committing to anything.
Gray Horizons Enterprise

To opt out of future emails, reply with REMOVE.
https://calendly.com/grayhorizonsenterprise/30min","sent","plumbing",""
"North Carolina State Board of Examiners of Plumbing, Heating, and Fire Sprinkler Contractors","","information@nclicensing.org","https://nclicensing.org/","Question for you","Hey,

The biggest revenue leak for most plumbing companies is missed calls - the customer calls once, nobody answers, and they book someone else before you call back.

We built a system that captures every missed call and gets it back into your pipeline automatically.

I can show you exactly how it works this week.


We offer a 7-day free trial. No cost, no contract. You see it running before committing to anything.
Gray Horizons Enterprise

To opt out of future emails, reply with REMOVE.
https://calendly.com/grayhorizonsenterprise/30min","sent","plumbing",""
"A-1 Plumbing","","plumbinga1@yahoo.com","https://lubbocka1plumbing.com/","Quick question","Hi,

When you finish a job, what does the follow-up process look like? Is there anything automated that checks in with the customer, or does it depend on the tech remembering to do it?

We've built that whole post-job flow into a system. Happy to show you how it works.


We offer a 7-day free trial. No cost, no contract. You see it running before committing to anything.
Gray Horizons Enterprise

To opt out of future emails, reply with REMOVE.
https://calendly.com/grayhorizonsenterprise/30min","sent","plumbing",""
"Icon Plumbing Solutions","","dp@iconplumbingsolutions.com","https://iconplumbingsolutions.com/","Question for you","Hey,

Post-job follow-up almost never happens in plumbing - no check-in call, no review request, no next service reminder.

We built that entire process into a system that runs automatically after every job closes.

I can show you what it looks like and get it running for your team this week.


We offer a 7-day free trial. No cost, no contract. You see it running before committing to anything.
Gray Horizons Enterprise

To opt out of future emails, reply with REMOVE.
https://calendly.com/grayhorizonsenterprise/30min","sent","plumbing",""
"Making a Difference","","turner@tcco.com","https://www.turnerconstruction.com/","Something we built for contractors","Hey,

When you send out an estimate and don't hear back, what does your follow-up process look like? Is there a system tracking each open bid or does it depend on whoever sent it remembering to follow up?

That's usually where jobs go cold.


We offer a 7-day free trial. No cost, no contract. You see it running before committing to anything.
Gray Horizons Enterprise

To opt out of future emails, reply with REMOVE.
https://calendly.com/grayhorizonsenterprise/30min","sent","contractor",""
"Orwin Construction","","info@orwinconstruction.com","https://orwinconstruction.com/","How do you handle this?","Hey,

When you send out an estimate and don't hear back, what does your follow-up process look like? Is there a system tracking each open bid or does it depend on whoever sent it remembering to follow up?

That's usually where jobs go cold.


We offer a 7-day free trial. No cost, no contract. You see it running before committing to anything.
Gray Horizons Enterprise

To opt out of future emails, reply with REMOVE.
https://calendly.com/grayhorizonsenterprise/30min","skipped","contractor",""
"GHIR Construction","","lindsayghir@gmail.com","https://www.ghir.construction/","Quick question","Hi,

The window between sending an estimate and hearing back is where most contracting jobs go cold - the customer gets another quote and signs with whoever follows up first.

We built a system that handles automatic follow-up so you stop losing jobs to faster competitors.

I can walk you through it this week.


We offer a 7-day free trial. No cost, no contract. You see it running before committing to anything.
Gray Horizons Enterprise

To opt out of future emails, reply with REMOVE.
https://calendly.com/grayhorizonsenterprise/30min","sent","contractor",""
"Excavation & construction across eastern Connecticut.","","Djroberts6@gmail.com","https://www.robertsconstructioncompany.com/","How do you handle this?","Hi,

The window between sending an estimate and hearing back is where most contracting jobs go cold - the customer gets another quote and signs with whoever follows up first.

We built a system that handles automatic follow-up so you stop losing jobs to faster competitors.

I can walk you through it this week.


We offer a 7-day free trial. No cost, no contract. You see it running before committing to anything.
Gray Horizons Enterprise

To opt out of future emails, reply with REMOVE.
https://calendly.com/grayhorizonsenterprise/30min","sent","contractor",""
"Home","","tom@triplesco.com","http://www.triplesco.com/","Quick question","Hi,

The window between sending an estimate and hearing back is where most contracting jobs go cold - the customer gets another quote and signs with whoever follows up first.

We built a system that handles automatic follow-up so you stop losing jobs to faster competitors.

I can walk you through it this week.


We offer a 7-day free trial. No cost, no contract. You see it running before committing to anything.
Gray Horizons Enterprise

To opt out of future emails, reply with REMOVE.
https://calendly.com/grayhorizonsenterprise/30min","sent","contractor",""
"Creative Builders","","market@creativebuilders.net","https://creativebuilders.net/","How do you handle this?","Hey,

Contractors lose more jobs to slow follow-up than to price - the client moves on before the estimate even gets a response.

We fixed that for several firms with a system that tracks every estimate and follows up automatically.

I can show you what that looks like this week.


We offer a 7-day free trial. No cost, no contract. You see it running before committing to anything.
Gray Horizons Enterprise

To opt out of future emails, reply with REMOVE.
https://calendly.com/grayhorizonsenterprise/30min","sent","contractor",""
"The Landscape Company","","sales@tlcofsd.com","https://www.thelandscapecompanyus.com/free-estimate","Quick question","Hey,

When your schedule is full and a new lead comes in it almost always gets lost - there is no system to capture it for later.

We built a system that holds every overflow lead and follows up automatically when your schedule opens.

I can show you how we set it up this week.


We offer a 7-day free trial. No cost, no contract. You see it running before committing to anything.
Gray Horizons Enterprise

To opt out of future emails, reply with REMOVE.
https://calendly.com/grayhorizonsenterprise/30min","skipped","landscaping",""
"Landscape Services","","info@allstate-landscape.com","https://www.allstate-landscape.com/","How do you handle overflow leads?","Hey,

Not trying to waste your time - just wanted to ask: when you have a full schedule and someone new reaches out, how does your team capture that lead without it getting lost?

That overflow moment is usually where companies either grow or miss out.


We offer a 7-day free trial. No cost, no contract. You see it running before committing to anything.
Gray Horizons Enterprise

To opt out of future emails, reply with REMOVE.
https://calendly.com/grayhorizonsenterprise/30min","skipped","landscaping",""
"Comprehensive Lawn & Snow Services","","midwestsnlllc@gmail.com","https://www.midwestsnl.com/","How do you handle overflow leads?","Hi,

Seasonal clients who go quiet between services are lost revenue that most landscaping companies never recover.

We built a system that keeps every recurring client on schedule with automatic reminders and follow-up.

I can walk you through it this week and show you what it looks like running.


We offer a 7-day free trial. No cost, no contract. You see it running before committing to anything.
Gray Horizons Enterprise

To opt out of future emails, reply with REMOVE.
https://calendly.com/grayhorizonsenterprise/30min","sent","landscaping",""
"Steve's Lawns -","","sales@steveslawns.com","https://www.steveslawns.com/","Something we built","Hey,

The first company to respond to an estimate request in landscaping almost always wins the job - most homeowners book whoever gets back to them first.

We built a system that captures new inquiries and responds automatically so you are always first.

I can show you exactly how it works this week.


We offer a 7-day free trial. No cost, no contract. You see it running before committing to anything.
Gray Horizons Enterprise

To opt out of future emails, reply with REMOVE.
https://calendly.com/grayhorizonsenterprise/30min","skipped","landscaping",""
"Boise, Idaho","","homescapesboise@gmail.com","https://www.homescapesboise.com/","How do you handle overflow leads?","Hey,

The first company to respond to an estimate request in landscaping almost always wins the job - most homeowners book whoever gets back to them first.

We built a system that captures new inquiries and responds automatically so you are always first.

I can show you exactly how it works this week.


We offer a 7-day free trial. No cost, no contract. You see it running before committing to anything.
Gray Horizons Enterprise

To opt out of future emails, reply with REMOVE.
https://calendly.com/grayhorizonsenterprise/30min","sent","landscaping",""
"Beautifully Designed. Carefully Maintained.","","eric@washalandscaping.com","https://www.washalandscaping.com/","Quick question","Hey,

Not trying to waste your time - just wanted to ask: when you have a full schedule and someone new reaches out, how does your team capture that lead without it getting lost?

That overflow moment is usually where companies either grow or miss out.


We offer a 7-day free trial. No cost, no contract. You see it running before committing to anything.
Gray Horizons Enterprise

To opt out of future emails, reply with REMOVE.
https://calendly.com/grayhorizonsenterprise/30min","sent","landscaping",""
"Spokane Roofing Company","","info@spokaneroofing.com","https://www.spokaneroofing.com/","Question for you","Hey,

Direct question: when a homeowner calls about a leak or damage and you can't get to them for three days, how do you keep them from calling someone else in the meantime?

That's usually the biggest gap I hear about. Happy to share what we've built if it's useful.


We offer a 7-day free trial. No cost, no contract. You see it running before committing to anything.
Gray Horizons Enterprise

To opt out of future emails, reply with REMOVE.
https://calendly.com/grayhorizonsenterprise/30min","skipped","roofing",""
"Advantage Roofing • Oklahoma's Roofing Experts","","info@onepro.us","https://www.advantageok.net/","Something we built for roofers","Hey,

Quick one: after a storm comes through your area, how does your team handle the wave of calls that come in? Is there a system to track each one or does it get a little chaotic?

We've been helping roofing companies manage exactly that.


We offer a 7-day free trial. No cost, no contract. You see it running before committing to anything.
Gray Horizons Enterprise

To opt out of future emails, reply with REMOVE.
https://calendly.com/grayhorizonsenterprise/30min","skipped","roofing",""
"Utah County Property Management Services - Home Basics Real","","hbrepm@gmail.com","https://www.homebasicspm.com/","Process question","
We offer a 7-day free trial. No cost, no contract. You see it running before committing to anything.
Gray Horizons Enterprise here.

The biggest issue we keep seeing with HOA teams is violations getting lost between report, board review, and resolution.

We built a system that locks that entire process down so nothing slips through.

If you want, I can walk you through it and get something similar set up for you quickly.

Gray Horizons Enterprise

To opt out of future emails, reply with REMOVE.
https://calendly.com/grayhorizonsenterprise/30min","sent","hoa",""
"Utah County Property Management Services - Home Basics Real","","office@homebasicsrealestate.com","https://www.homebasicspm.com/","How do you handle this?","
We offer a 7-day free trial. No cost, no contract. You see it running before committing to anything.
Gray Horizons Enterprise here.

The biggest issue we keep seeing with HOA teams is violations getting lost between report, board review, and resolution.

We built a system that locks that entire process down so nothing slips through.

If you want, I can walk you through it and get something similar set up for you quickly.

Gray Horizons Enterprise

To opt out of future emails, reply with REMOVE.
https://calendly.com/grayhorizonsenterprise/30min","skipped","hoa",""
"Orthodontist in Jurupa Valley, CA - tridentorthodontics.com","","email@address.com","https://www.tridentorthodontics.com/se/orthodontist-in-jurupa-valley-ca","Something we built for practices","Hi,

Quick question for you - when a new patient submits a form on your website at 8pm on a Tuesday, what happens to that inquiry?

If it sits until the next morning, research shows 78% of those patients have already booked somewhere else by the time you call back.

We fix that with an automated follow-up system. Three practices we've set this up for saw immediate increases in new patient bookings in the first 30 days.

Worth 20 minutes to see the setup? https://calendly.com/grayhorizonsenterprise/30min.


We offer a 7-day free trial. No cost, no contract. You see it running before committing to anything.
Gray Horizons Enterprise

To opt out of future emails, reply with REMOVE.","sent","dental",""
"Orthodontist in Jurupa Valley, CA - tridentorthodontics.com","","info@tridentorthodontics.com","https://www.tridentorthodontics.com/se/orthodontist-in-jurupa-valley-ca","How do you handle this?","Hi,

Patient no-shows cost the average dental practice $50,000-$150,000 per year in lost chair time. Most practices send one reminder. We send an automated sequence that cuts no-show rates by 40-60%.

Happy to walk you through exactly how it works: https://calendly.com/grayhorizonsenterprise/30min.


We offer a 7-day free trial. No cost, no contract. You see it running before committing to anything.
Gray Horizons Enterprise

To opt out of future emails, reply with REMOVE.","skipped","dental",""
"Your Dentist in Spanaway, WA | Elevate Smile Design","","smile@spanawaydentalwellness.com","https://elevatesmiledesign.com/","How do you handle this?","Hi,

Quick question for you - when a new patient submits a form on your website at 8pm on a Tuesday, what happens to that inquiry?

If it sits until the next morning, research shows 78% of those patients have already booked somewhere else by the time you call back.

We fix that with an automated follow-up system. Three practices we've set this up for saw immediate increases in new patient bookings in the first 30 days.

Worth 20 minutes to see the setup? https://calendly.com/grayhorizonsenterprise/30min.


We offer a 7-day free trial. No cost, no contract. You see it running before committing to anything.
Gray Horizons Enterprise

To opt out of future emails, reply with REMOVE.","sent","dental",""
"Your Dentist in Spanaway, WA | Elevate Smile Design","","smile@elevate-wa.com","https://elevatesmiledesign.com/","Quick question","Hey,

The average dental practice loses 8-12 new patients every month to slow follow-up. A patient submits a form or calls after hours, nobody responds until the next morning, and by then they've booked somewhere else.

At $1,200 average lifetime value per new patient, that's $9,600-$14,400 a month slipping through.

We built a follow-up system that responds to every new patient inquiry immediately - even at 11pm - and keeps them engaged until they're booked. Happy to show you how it works in 20 minutes.

https://calendly.com/grayhorizonsenterprise/30min


We offer a 7-day free trial. No cost, no contract. You see it running before committing to anything.
Gray Horizons Enterprise

To opt out of future emails, reply with REMOVE.","sent","dental",""
"hoa-management","","info@accordhoa.com","https://www.myhoaproperty.com/","Quick question","Hey,

Quick question - when a violation gets reported, what does your process look like from that initial report to final resolution? Is there a system tracking each step or is it mostly email threads?

That gap is where most HOA teams run into problems.


We offer a 7-day free trial. No cost, no contract. You see it running before committing to anything.
Gray Horizons Enterprise

To opt out of future emails, reply with REMOVE.
https://calendly.com/grayhorizonsenterprise/30min","skipped","hoa",""
"MSI HOA","","Info@msihoa.com","https://msihoa.com/contact/","Process question","
We offer a 7-day free trial. No cost, no contract. You see it running before committing to anything.
Gray Horizons Enterprise here.

The gap between a homeowner filing a report and that violation being fully resolved is where HOA teams take on the most risk.

We built a system that locks that gap down - every step tracked, documented, and followed up automatically.

I can get you set up in about a week. Let me know and I'll show you exactly how it works.

Gray Horizons Enterprise

To opt out of future emails, reply with REMOVE.
https://calendly.com/grayhorizonsenterprise/30min","skipped","hoa",""
"Southeastern","","info@southeastern.company","https://www.southeastern.company/","How do you handle this?","
We offer a 7-day free trial. No cost, no contract. You see it running before committing to anything.
Gray Horizons Enterprise here.

HOA teams we've worked with had the same problem - violations documented at the start, then lost somewhere between board review and resolution.

We built a system that tracks the full lifecycle automatically so nothing slips.

I can show you exactly how it works and get it running for your team this week.

Gray Horizons Enterprise

To opt out of future emails, reply with REMOVE.
https://calendly.com/grayhorizonsenterprise/30min","skipped","hoa",""
"HOA Management of Eastern North Carolina","","info.hoaenc@gmail.com","https://www.hoamgtcompany.com/","How do you handle this?","
We offer a 7-day free trial. No cost, no contract. You see it running before committing to anything.
Gray Horizons Enterprise here.

Violation follow-up is where most HOA teams lose time - the documentation exists but pulling it together for a board review or audit takes way longer than it should.

We fixed that for a handful of firms and now it runs on its own.

I can walk you through the setup this week and show you what it looks like in practice.

Gray Horizons Enterprise

To opt out of future emails, reply with REMOVE.
https://calendly.com/grayhorizonsenterprise/30min","sent","hoa",""
"Venta Heating and Cooling","","weho@ventahvac.com","https://ventahvac.com/free-estimate/","Question for you","Hey,

HVAC companies with a full schedule typically miss 15-20 calls a week during peak season. At an average job value of $450, that's $6,750-$9,000 walking out the door every week.

We set up an automated follow-up system for HVAC shops that catches every missed inquiry and follows up immediately - so the customer hears from you before they book someone else.

Three shops we've set this up for recovered 6-10 jobs in the first month they'd have otherwise lost.

Worth a 20-minute call to see if it fits? https://calendly.com/grayhorizonsenterprise/30min.


We offer a 7-day free trial. No cost, no contract. You see it running before committing to anything.
Gray Horizons Enterprise

To opt out of future emails, reply with REMOVE.","sent","hvac",""
"Los Angeles Air Conditioning, Inc.","","info@laair.net","https://www.laair.net/","Quick question","Hi,

The average HVAC company loses $45,000-$120,000 per year to missed and unreturned calls. Most owners don't realize it because there's no system tracking what's being lost.

We fix that. I can show you exactly what it looks like for a shop your size in 20 minutes.

https://calendly.com/grayhorizonsenterprise/30min


We offer a 7-day free trial. No cost, no contract. You see it running before committing to anything.
Gray Horizons Enterprise

To opt out of future emails, reply with REMOVE.","skipped","hvac",""
"CM HVAC LLC","","info@cmhvacllc.com","https://cmhvacllc.com/","Question for you","Hey,

Most HVAC owners I talk to say the same thing - the jobs they lose aren't from bad work, they're from slow follow-up. Estimate sent, no response, job goes to whoever follows up first.

We built an automated system that follows up on every open estimate and every missed inquiry without anyone on your team having to do it manually.

If that sounds like something worth looking at, grab a time here: https://calendly.com/grayhorizonsenterprise/30min.


We offer a 7-day free trial. No cost, no contract. You see it running before committing to anything.
Gray Horizons Enterprise

To opt out of future emails, reply with REMOVE.","skipped","hvac",""
"All Climates Heating & Air","","joseph@alllclimatesheatingandair.com","https://allclimatesheatingandair.com/","How do you handle this?","Hi,

The average HVAC company loses $45,000-$120,000 per year to missed and unreturned calls. Most owners don't realize it because there's no system tracking what's being lost.

We fix that. I can show you exactly what it looks like for a shop your size in 20 minutes.

https://calendly.com/grayhorizonsenterprise/30min


We offer a 7-day free trial. No cost, no contract. You see it running before committing to anything.
Gray Horizons Enterprise

To opt out of future emails, reply with REMOVE.","sent","hvac",""
"Tru Air","","info@truairnm.com","https://www.truairnm.com/","How do you handle this?","Hey,

Most HVAC owners I talk to say the same thing - the jobs they lose aren't from bad work, they're from slow follow-up. Estimate sent, no response, job goes to whoever follows up first.

We built an automated system that follows up on every open estimate and every missed inquiry without anyone on your team having to do it manually.

If that sounds like something worth looking at, grab a time here: https://calendly.com/grayhorizonsenterprise/30min.


We offer a 7-day free trial. No cost, no contract. You see it running before committing to anything.
Gray Horizons Enterprise

To opt out of future emails, reply with REMOVE.","skipped","hvac",""
"Great Smiles AZ","","responses@greatsmilesaz.com","https://www.greatsmilesaz.com/","How do you handle this?","Hi,

Patient no-shows cost the average dental practice $50,000-$150,000 per year in lost chair time. Most practices send one reminder. We send an automated sequence that cuts no-show rates by 40-60%.

Happy to walk you through exactly how it works: https://calendly.com/grayhorizonsenterprise/30min.


We offer a 7-day free trial. No cost, no contract. You see it running before committing to anything.
Gray Horizons Enterprise

To opt out of future emails, reply with REMOVE.","sent","dental",""
"Tempe Dental Care | Proudly Serving the Phoenix Valley for Over 25 Years","","info@tempedentalcare.com","https://www.tempedentalcare.com/new-patients/","Something we built for practices","Hi,

Quick question for you - when a new patient submits a form on your website at 8pm on a Tuesday, what happens to that inquiry?

If it sits until the next morning, research shows 78% of those patients have already booked somewhere else by the time you call back.

We fix that with an automated follow-up system. Three practices we've set this up for saw immediate increases in new patient bookings in the first 30 days.

Worth 20 minutes to see the setup? https://calendly.com/grayhorizonsenterprise/30min.


We offer a 7-day free trial. No cost, no contract. You see it running before committing to anything.
Gray Horizons Enterprise

To opt out of future emails, reply with REMOVE.","skipped","dental",""
"COMPREHENSIVE DENTAL CARE","","advanceddentalcareeh@gmail.com","https://www.advancedentalct.com/","How do you handle this?","Hey,

The average dental practice loses 8-12 new patients every month to slow follow-up. A patient submits a form or calls after hours, nobody responds until the next morning, and by then they've booked somewhere else.

At $1,200 average lifetime value per new patient, that's $9,600-$14,400 a month slipping through.

We built a follow-up system that responds to every new patient inquiry immediately - even at 11pm - and keeps them engaged until they're booked. Happy to show you how it works in 20 minutes.

https://calendly.com/grayhorizonsenterprise/30min


We offer a 7-day free trial. No cost, no contract. You see it running before committing to anything.
Gray Horizons Enterprise

To opt out of future emails, reply with REMOVE.","sent","dental",""
"diazenterprisesinctexas.com","","diazenterprisestx@gmail.com","https://diazenterprisesinctexas.com/free-estimate/","Quick question","Hi,

After-hours leads from homeowners - when they come in through your website or Google listing at night, what happens to them? Does something catch it automatically or does it sit until morning?

Just asking because that's usually where the fastest-responding contractor wins the job.


We offer a 7-day free trial. No cost, no contract. You see it running before committing to anything.
Gray Horizons Enterprise

To opt out of future emails, reply with REMOVE.
https://calendly.com/grayhorizonsenterprise/30min","sent","contractor",""
"HKC Construction","","info@HKCconstruction.com","https://www.hkcconstruction.com/calculator","How do you handle this?","Hi,

The gap between a lead reaching out and your team getting them a quote is usually where the job goes to a competitor.

We built a system that cuts that response time down and automates the follow-up so no lead goes cold.

I can get you set up in about a week. Let me know and I will show you exactly how it works.


We offer a 7-day free trial. No cost, no contract. You see it running before committing to anything.
Gray Horizons Enterprise

To opt out of future emails, reply with REMOVE.
https://calendly.com/grayhorizonsenterprise/30min","skipped","contractor",""
"HL Contractors","","info@hlcontractors.com","https://www.hlcontractors.com/","Question for you","Hi,

After-hours leads from homeowners - when they come in through your website or Google listing at night, what happens to them? Does something catch it automatically or does it sit until morning?

Just asking because that's usually where the fastest-responding contractor wins the job.


We offer a 7-day free trial. No cost, no contract. You see it running before committing to anything.
Gray Horizons Enterprise

To opt out of future emails, reply with REMOVE.
https://calendly.com/grayhorizonsenterprise/30min","skipped","contractor",""
"SGA Remodeling","","info@sgaremodeling.co","https://www.sgaremodeling.co/","Something we built for contractors","Hi,

The window between sending an estimate and hearing back is where most contracting jobs go cold - the customer gets another quote and signs with whoever follows up first.

We built a system that handles automatic follow-up so you stop losing jobs to faster competitors.

I can walk you through it this week.


We offer a 7-day free trial. No cost, no contract. You see it running before committing to anything.
Gray Horizons Enterprise

To opt out of future emails, reply with REMOVE.
https://calendly.com/grayhorizonsenterprise/30min","skipped","contractor",""
"Roof Doctors","","Office@roofdoctors.com","https://theroofdoctors.net/","Something we built for roofers","Hey,

Direct question: when a homeowner calls about a leak or damage and you can't get to them for three days, how do you keep them from calling someone else in the meantime?

That's usually the biggest gap I hear about. Happy to share what we've built if it's useful.


We offer a 7-day free trial. No cost, no contract. You see it running before committing to anything.
Gray Horizons Enterprise

To opt out of future emails, reply with REMOVE.
https://calendly.com/grayhorizonsenterprise/30min","skipped","roofing",""
"NJ BEST ROOFING","","info@njbestroofing.com","https://www.njbestroofing.com/","Something we built for roofers","Hi there,

How are you following up on estimates that went out but never got a response? In roofing those can be pretty high-value jobs to let slip.

Just curious what your current process looks like.


We offer a 7-day free trial. No cost, no contract. You see it running before committing to anything.
Gray Horizons Enterprise

To opt out of future emails, reply with REMOVE.
https://calendly.com/grayhorizonsenterprise/30min","skipped","roofing",""
"3 Best Roofing Contractors in Huntington Beach, CA","","jshulman@socal.rr.com","https://threebestrated.com/roofing-contractors-in-huntington-beach-ca","Quick question","Hey,

Direct question: when a homeowner calls about a leak or damage and you can't get to them for three days, how do you keep them from calling someone else in the meantime?

That's usually the biggest gap I hear about. Happy to share what we've built if it's useful.


We offer a 7-day free trial. No cost, no contract. You see it running before committing to anything.
Gray Horizons Enterprise

To opt out of future emails, reply with REMOVE.
https://calendly.com/grayhorizonsenterprise/30min","sent","roofing",""
"3 Best Roofing Contractors in Huntington Beach, CA","","dispatcher@herculesroofingoc.com","https://threebestrated.com/roofing-contractors-in-huntington-beach-ca","Quick question","Hi there,

How are you following up on estimates that went out but never got a response? In roofing those can be pretty high-value jobs to let slip.

Just curious what your current process looks like.


We offer a 7-day free trial. No cost, no contract. You see it running before committing to anything.
Gray Horizons Enterprise

To opt out of future emails, reply with REMOVE.
https://calendly.com/grayhorizonsenterprise/30min","sent","roofing",""
"3 Best Roofing Contractors in Huntington Beach, CA","","paragonconstruction.cr@gmail.com","https://threebestrated.com/roofing-contractors-in-huntington-beach-ca","Something we built for roofers","Hey,

Quick one: after a storm comes through your area, how does your team handle the wave of calls that come in? Is there a system to track each one or does it get a little chaotic?

We've been helping roofing companies manage exactly that.


We offer a 7-day free trial. No cost, no contract. You see it running before committing to anything.
Gray Horizons Enterprise

To opt out of future emails, reply with REMOVE.
https://calendly.com/grayhorizonsenterprise/30min","sent","roofing",""
"HVAC & Plumbing Chula Vista - ASI Heating & Air","","info@asiheatingandair.com","https://www.asiheatingandair.com/service-areas/chula-vista/","Something we built","Hey,

Most HVAC owners I talk to say the same thing - the jobs they lose aren't from bad work, they're from slow follow-up. Estimate sent, no response, job goes to whoever follows up first.

We built an automated system that follows up on every open estimate and every missed inquiry without anyone on your team having to do it manually.

If that sounds like something worth looking at, grab a time here: https://calendly.com/grayhorizonsenterprise/30min.


We offer a 7-day free trial. No cost, no contract. You see it running before committing to anything.
Gray Horizons Enterprise

To opt out of future emails, reply with REMOVE.","skipped","hvac",""
"Annie's Home | Join Our Community Support Women Thrive","","info@annieshome.org","https://www.annieshome.org/","Question for you","Hey,

When you send out an estimate and don't hear back, what does your follow-up process look like? Is there a system tracking each open bid or does it depend on whoever sent it remembering to follow up?

That's usually where jobs go cold.


We offer a 7-day free trial. No cost, no contract. You see it running before committing to anything.
Gray Horizons Enterprise

To opt out of future emails, reply with REMOVE.
https://calendly.com/grayhorizonsenterprise/30min","skipped","contractor",""
"Roofing Contractor Los Angeles & OC | Power Roofing","","info@power-roofing.com","https://power-roofing.com/","How do you handle this?","Hey,

Direct question: when a homeowner calls about a leak or damage and you can't get to them for three days, how do you keep them from calling someone else in the meantime?

That's usually the biggest gap I hear about. Happy to share what we've built if it's useful.


We offer a 7-day free trial. No cost, no contract. You see it running before committing to anything.
Gray Horizons Enterprise

To opt out of future emails, reply with REMOVE.
https://calendly.com/grayhorizonsenterprise/30min","skipped","roofing",""
"Roofing in California | Total Roofing | Roofing Repair Servi","","contact@mysite.com","https://www.totalroofinginc.com/","Question for you","Hi there,

How are you following up on estimates that went out but never got a response? In roofing those can be pretty high-value jobs to let slip.

Just curious what your current process looks like.


We offer a 7-day free trial. No cost, no contract. You see it running before committing to anything.
Gray Horizons Enterprise

To opt out of future emails, reply with REMOVE.
https://calendly.com/grayhorizonsenterprise/30min","skipped","roofing",""
"Roofing in California | Total Roofing | Roofing Repair Servi","","info@totalroofinginc.com","https://www.totalroofinginc.com/","Something we built for roofers","Hey,

Quick one: after a storm comes through your area, how does your team handle the wave of calls that come in? Is there a system to track each one or does it get a little chaotic?

We've been helping roofing companies manage exactly that.


We offer a 7-day free trial. No cost, no contract. You see it running before committing to anything.
Gray Horizons Enterprise

To opt out of future emails, reply with REMOVE.
https://calendly.com/grayhorizonsenterprise/30min","skipped","roofing",""
"Larkin Plumbing - 24 Hour Plumbers in Las Vegas & Henderson","","info@larkinplumbingservice.com","https://www.larkinplumbingservice.com/","How do you handle missed calls?","Hey,

The biggest revenue leak for most plumbing companies is missed calls - the customer calls once, nobody answers, and they book someone else before you call back.

We built a system that captures every missed call and gets it back into your pipeline automatically.

I can show you exactly how it works this week.


We offer a 7-day free trial. No cost, no contract. You see it running before committing to anything.
Gray Horizons Enterprise

To opt out of future emails, reply with REMOVE.
https://calendly.com/grayhorizonsenterprise/30min","skipped","plumbing",""
"Top San Jose Plumber | 24/7 Emergency Same-Day | Free Quote","","ue@gmail.com","https://www.drainandwater.com/san-jose-ca/","Something we built","Hi,

When you finish a job, what does the follow-up process look like? Is there anything automated that checks in with the customer, or does it depend on the tech remembering to do it?

We've built that whole post-job flow into a system. Happy to show you how it works.


We offer a 7-day free trial. No cost, no contract. You see it running before committing to anything.
Gray Horizons Enterprise

To opt out of future emails, reply with REMOVE.
https://calendly.com/grayhorizonsenterprise/30min","sent","plumbing",""
"Campos Landscaping, Long Beach, Serving LA and Orange County","","landscapebycampos@yahoo.com","https://www.landscapebycampos.com/","Quick question","Hey,

The first company to respond to an estimate request in landscaping almost always wins the job - most homeowners book whoever gets back to them first.

We built a system that captures new inquiries and responds automatically so you are always first.

I can show you exactly how it works this week.


We offer a 7-day free trial. No cost, no contract. You see it running before committing to anything.
Gray Horizons Enterprise

To opt out of future emails, reply with REMOVE.
https://calendly.com/grayhorizonsenterprise/30min","sent","landscaping",""
"Shelby Dental Care Center | Family Dentist in Shelby, NC","","info@shelbydentalcarecenter.com","https://www.shelbydentalcarecenter.com/","How do you handle this?","Hi,

Quick question for you - when a new patient submits a form on your website at 8pm on a Tuesday, what happens to that inquiry?

If it sits until the next morning, research shows 78% of those patients have already booked somewhere else by the time you call back.

We fix that with an automated follow-up system. Three practices we've set this up for saw immediate increases in new patient bookings in the first 30 days.

Worth 20 minutes to see the setup? https://calendly.com/grayhorizonsenterprise/30min.


We offer a 7-day free trial. No cost, no contract. You see it running before committing to anything.
Gray Horizons Enterprise

To opt out of future emails, reply with REMOVE.","skipped","dental",""
"Shelby NC Dentist | Family Dental Care of Shelby","","jameswilsondds@gmail.com","https://shelbydentist.net/","Question for you","Hey,

Most practices have 200-400 patients who called or filled out a form, never booked, and were never followed up with again. That's $240,000-$480,000 in lost lifetime value sitting in a spreadsheet or voicemail box.

We built a reactivation system that reaches back out to those patients automatically and gets them back on the schedule.

I can show you what this looks like for your practice in 20 minutes: https://calendly.com/grayhorizonsenterprise/30min.


We offer a 7-day free trial. No cost, no contract. You see it running before committing to anything.
Gray Horizons Enterprise

To opt out of future emails, reply with REMOVE.","sent","dental",""
"Shelby NC Dentist | Family Dental Care of Shelby","","shelby@sgadental.com","https://shelbydentist.net/","How do you handle this?","Hi,

Patient no-shows cost the average dental practice $50,000-$150,000 per year in lost chair time. Most practices send one reminder. We send an automated sequence that cuts no-show rates by 40-60%.

Happy to walk you through exactly how it works: https://calendly.com/grayhorizonsenterprise/30min.


We offer a 7-day free trial. No cost, no contract. You see it running before committing to anything.
Gray Horizons Enterprise

To opt out of future emails, reply with REMOVE.","sent","dental",""
"Marina Pacifica. A residential community in Long Beach, Cali","","ringram@marinapacificahoa.com","https://www.marinapacificahoa.com/default.php","Quick question","
We offer a 7-day free trial. No cost, no contract. You see it running before committing to anything.
Gray Horizons Enterprise here.

Straight to it - we help HOA management teams stop losing violations in the handoff between report, tracking, and resolution.

Most teams we work with had it happening constantly and didn't realize how much time it was costing.

I can show you exactly how we fixed it this week if you want to see it.

Gray Horizons Enterprise

To opt out of future emails, reply with REMOVE.
https://calendly.com/grayhorizonsenterprise/30min","sent","hoa",""
"Roofing Company Escondido, CA | Christensen Roofing","","christensenroofing@yahoo.com","https://www.christensenroofing.com/","Quick question","Hi,

When a homeowner submits a project request through your website or Google listing after hours it almost always sits until the next day.

By then they have already called two more contractors.

We built a system that responds immediately and keeps them engaged until your team is available.

I can show you how it works this week.


We offer a 7-day free trial. No cost, no contract. You see it running before committing to anything.
Gray Horizons Enterprise

To opt out of future emails, reply with REMOVE.
https://calendly.com/grayhorizonsenterprise/30min","sent","contractor",""
"Roofing Company Escondido, CA | North County Premier Roofing","","jonathan@premierroofinc.com","https://premierroofinc.com/","Quick question","Hi,

After-hours leads from homeowners - when they come in through your website or Google listing at night, what happens to them? Does something catch it automatically or does it sit until morning?

Just asking because that's usually where the fastest-responding contractor wins the job.


We offer a 7-day free trial. No cost, no contract. You see it running before committing to anything.
Gray Horizons Enterprise

To opt out of future emails, reply with REMOVE.
https://calendly.com/grayhorizonsenterprise/30min","sent","contractor",""
"Chicago Dentist | Top Cosmetic & General Dentistry | The Chi","","smile@thechicagodentalstudio.com","https://thechicagodentalstudio.com/","Question for you","Hi,

Quick question for you - when a new patient submits a form on your website at 8pm on a Tuesday, what happens to that inquiry?

If it sits until the next morning, research shows 78% of those patients have already booked somewhere else by the time you call back.

We fix that with an automated follow-up system. Three practices we've set this up for saw immediate increases in new patient bookings in the first 30 days.

Worth 20 minutes to see the setup? https://calendly.com/grayhorizonsenterprise/30min.


We offer a 7-day free trial. No cost, no contract. You see it running before committing to anything.
Gray Horizons Enterprise

To opt out of future emails, reply with REMOVE.","sent","dental",""
"Water Service Outages in Columbus, Ohio | US Outage Tracker","","digitalreklaminiz@gmail.com","https://trackoutages.com/ohio/columbus/water-outages","Quick question","Hi,

When you finish a job, what does the follow-up process look like? Is there anything automated that checks in with the customer, or does it depend on the tech remembering to do it?

We've built that whole post-job flow into a system. Happy to show you how it works.


We offer a 7-day free trial. No cost, no contract. You see it running before committing to anything.
Gray Horizons Enterprise

To opt out of future emails, reply with REMOVE.
https://calendly.com/grayhorizonsenterprise/30min","sent","plumbing",""
"Porcelain Pavers | Commercial Grade | Hardscape.com","","info@hardscape.com","https://www.hardscape.com/","Quick question","Hi,

Seasonal clients who go quiet between services are lost revenue that most landscaping companies never recover.

We built a system that keeps every recurring client on schedule with automatic reminders and follow-up.

I can walk you through it this week and show you what it looks like running.


We offer a 7-day free trial. No cost, no contract. You see it running before committing to anything.
Gray Horizons Enterprise

To opt out of future emails, reply with REMOVE.
https://calendly.com/grayhorizonsenterprise/30min","skipped","landscaping",""
"360 Community Management","","info@360communitymgmt.com","https://www.360propertymgt.com/","Process question","Hey,

When a board member asks for a status update on an open violation, how long does it take your team to pull that together?

We've been working on cutting that time down. Happy to show you what we built if it's relevant.


We offer a 7-day free trial. No cost, no contract. You see it running before committing to anything.
Gray Horizons Enterprise

To opt out of future emails, reply with REMOVE.
https://calendly.com/grayhorizonsenterprise/30min","skipped","hoa",""
"Advantage Management","","info@advantage-management.com","https://advantage-management.com/","Quick question","
We offer a 7-day free trial. No cost, no contract. You see it running before committing to anything.
Gray Horizons Enterprise here.

Most HOA teams we've worked with were losing track of violations between the initial report and final resolution.

We fixed that with a simple system that handles tracking and follow-ups automatically.

If this is even slightly an issue on your side, I can show you exactly how we set it up this week.

Gray Horizons Enterprise

To opt out of future emails, reply with REMOVE.
https://calendly.com/grayhorizonsenterprise/30min","skipped","hoa",""
"May Property Group","","office@maypm.com","https://maypm.com/condominium-hoa-management/","Process question","
We offer a 7-day free trial. No cost, no contract. You see it running before committing to anything.
Gray Horizons Enterprise here.

Most HOA teams we've worked with were losing track of violations between the initial report and final resolution.

We fixed that with a simple system that handles tracking and follow-ups automatically.

If this is even slightly an issue on your side, I can show you exactly how we set it up this week.

Gray Horizons Enterprise

To opt out of future emails, reply with REMOVE.
https://calendly.com/grayhorizonsenterprise/30min","skipped","hoa",""
"Effective, Affordable HOA Management Services","","info@gspmla.com","https://www.gspmla.com/","Something we built for HOA teams","Hey,

Quick question - when a violation gets reported, what does your process look like from that initial report to final resolution? Is there a system tracking each step or is it mostly email threads?

That gap is where most HOA teams run into problems.


We offer a 7-day free trial. No cost, no contract. You see it running before committing to anything.
Gray Horizons Enterprise

To opt out of future emails, reply with REMOVE.
https://calendly.com/grayhorizonsenterprise/30min","skipped","hoa",""
"CAG","","info@cagmn.com","https://www.cagmn.com/","Something we built for HOA teams","
We offer a 7-day free trial. No cost, no contract. You see it running before committing to anything.
Gray Horizons Enterprise here.

Most HOA teams we've worked with were losing track of violations between the initial report and final resolution.

We fixed that with a simple system that handles tracking and follow-ups automatically.

If this is even slightly an issue on your side, I can show you exactly how we set it up this week.

Gray Horizons Enterprise

To opt out of future emails, reply with REMOVE.
https://calendly.com/grayhorizonsenterprise/30min","skipped","hoa",""
"New Concepts Management","","info@ncmgi.com","https://newconceptsgroup.com/","Quick question","
We offer a 7-day free trial. No cost, no contract. You see it running before committing to anything.
Gray Horizons Enterprise here.

Straight to it - we help HOA management teams stop losing violations in the handoff between report, tracking, and resolution.

Most teams we work with had it happening constantly and didn't realize how much time it was costing.

I can show you exactly how we fixed it this week if you want to see it.

Gray Horizons Enterprise

To opt out of future emails, reply with REMOVE.
https://calendly.com/grayhorizonsenterprise/30min","skipped","hoa",""
"Centennial Management","","info@cmckc.com","https://cmckc.com/","Quick question","
We offer a 7-day free trial. No cost, no contract. You see it running before committing to anything.
Gray Horizons Enterprise here.

Most HOA teams we've worked with were losing track of violations between the initial report and final resolution.

We fixed that with a simple system that handles tracking and follow-ups automatically.

If this is even slightly an issue on your side, I can show you exactly how we set it up this week.

Gray Horizons Enterprise

To opt out of future emails, reply with REMOVE.
https://calendly.com/grayhorizonsenterprise/30min","skipped","hoa",""
"PMI Central Iowa","","info@pmicentraliowa.com","https://www.desmoinespropertymanagementinc.com/des-moines-association-management","How do you handle this?","
We offer a 7-day free trial. No cost, no contract. You see it running before committing to anything.
Gray Horizons Enterprise here.

HOA teams we've worked with had the same problem - violations documented at the start, then lost somewhere between board review and resolution.

We built a system that tracks the full lifecycle automatically so nothing slips.

I can show you exactly how it works and get it running for your team this week.

Gray Horizons Enterprise

To opt out of future emails, reply with REMOVE.
https://calendly.com/grayhorizonsenterprise/30min","skipped","hoa",""
"GRAR","","BLVAtres@yahoo.com","https://www.grar.com/condo_associations/","How do you handle this?","Hey,

When a board member asks for a status update on an open violation, how long does it take your team to pull that together?

We've been working on cutting that time down. Happy to show you what we built if it's relevant.


We offer a 7-day free trial. No cost, no contract. You see it running before committing to anything.
Gray Horizons Enterprise

To opt out of future emails, reply with REMOVE.
https://calendly.com/grayhorizonsenterprise/30min","sent","hoa",""
"Keystone Idaho","","info@keystonepacific.com","https://www.kppmidaho.com/","How do you handle this?","
We offer a 7-day free trial. No cost, no contract. You see it running before committing to anything.
Gray Horizons Enterprise here.

The biggest issue we keep seeing with HOA teams is violations getting lost between report, board review, and resolution.

We built a system that locks that entire process down so nothing slips through.

If you want, I can walk you through it and get something similar set up for you quickly.

Gray Horizons Enterprise

To opt out of future emails, reply with REMOVE.
https://calendly.com/grayhorizonsenterprise/30min","skipped","hoa",""
"Bozeman's Choice","","office@bozemanlegacy.com","https://www.bozemanlegacy.com/","Process question","
We offer a 7-day free trial. No cost, no contract. You see it running before committing to anything.
Gray Horizons Enterprise here.

Most HOA teams we've worked with were losing track of violations between the initial report and final resolution.

We fixed that with a simple system that handles tracking and follow-ups automatically.

If this is even slightly an issue on your side, I can show you exactly how we set it up this week.

Gray Horizons Enterprise

To opt out of future emails, reply with REMOVE.
https://calendly.com/grayhorizonsenterprise/30min","skipped","hoa",""
"Landmark Community Management","","info@landmarkcm.com","https://www.landmarkcm.com/hoa-management-in-waco/","Quick question","
We offer a 7-day free trial. No cost, no contract. You see it running before committing to anything.
Gray Horizons Enterprise here.

The gap between a homeowner filing a report and that violation being fully resolved is where HOA teams take on the most risk.

We built a system that locks that gap down - every step tracked, documented, and followed up automatically.

I can get you set up in about a week. Let me know and I'll show you exactly how it works.

Gray Horizons Enterprise

To opt out of future emails, reply with REMOVE.
https://calendly.com/grayhorizonsenterprise/30min","skipped","hoa",""
"communitymanagement","","CommunityMgmtGroup@me.com","https://www.communitymanagementgroup.com/","How do you handle this?","
We offer a 7-day free trial. No cost, no contract. You see it running before committing to anything.
Gray Horizons Enterprise here.

Violation follow-up is where most HOA teams lose time - the documentation exists but pulling it together for a board review or audit takes way longer than it should.

We fixed that for a handful of firms and now it runs on its own.

I can walk you through the setup this week and show you what it looks like in practice.

Gray Horizons Enterprise

To opt out of future emails, reply with REMOVE.
https://calendly.com/grayhorizonsenterprise/30min","sent","hoa",""
"Tyson Property Management","","highdesertmanager@hoamco.com","https://tysonproperties.com/homeowners-association-information/","Quick question","
We offer a 7-day free trial. No cost, no contract. You see it running before committing to anything.
Gray Horizons Enterprise here.

The gap between a homeowner filing a report and that violation being fully resolved is where HOA teams take on the most risk.

We built a system that locks that gap down - every step tracked, documented, and followed up automatically.

I can get you set up in about a week. Let me know and I'll show you exactly how it works.

Gray Horizons Enterprise

To opt out of future emails, reply with REMOVE.
https://calendly.com/grayhorizonsenterprise/30min","sent","hoa",""
"HOA Management in Knoxville","","Leasing@HolmesPropertyMgmt.com","https://www.rentutk.com/hoa-management","Process question","
We offer a 7-day free trial. No cost, no contract. You see it running before committing to anything.
Gray Horizons Enterprise here.

Most HOA teams we've worked with were losing track of violations between the initial report and final resolution.

We fixed that with a simple system that handles tracking and follow-ups automatically.

If this is even slightly an issue on your side, I can show you exactly how we set it up this week.

Gray Horizons Enterprise

To opt out of future emails, reply with REMOVE.
https://calendly.com/grayhorizonsenterprise/30min","sent","hoa",""
"Pms Heating & Cooling LLC","","Cooling.Pms@gmail.com","https://www.pmsair.com/","Question for you","Hi,

The average HVAC company loses $45,000-$120,000 per year to missed and unreturned calls. Most owners don't realize it because there's no system tracking what's being lost.

We fix that. I can show you exactly what it looks like for a shop your size in 20 minutes.

https://calendly.com/grayhorizonsenterprise/30min


We offer a 7-day free trial. No cost, no contract. You see it running before committing to anything.
Gray Horizons Enterprise

To opt out of future emails, reply with REMOVE.","sent","hvac",""
"Hawk Air | Fresno, California","","contact@hawkair.pro","https://www.hawkair.pro/","Something we built","Hey,

Most HVAC owners I talk to say the same thing - the jobs they lose aren't from bad work, they're from slow follow-up. Estimate sent, no response, job goes to whoever follows up first.

We built an automated system that follows up on every open estimate and every missed inquiry without anyone on your team having to do it manually.

If that sounds like something worth looking at, grab a time here: https://calendly.com/grayhorizonsenterprise/30min.


We offer a 7-day free trial. No cost, no contract. You see it running before committing to anything.
Gray Horizons Enterprise

To opt out of future emails, reply with REMOVE.","skipped","hvac",""
"Cal Climate Corp","","info@calclimate.com","https://www.calclimate.com/","Something we built","Hey,

HVAC companies with a full schedule typically miss 15-20 calls a week during peak season. At an average job value of $450, that's $6,750-$9,000 walking out the door every week.

We set up an automated follow-up system for HVAC shops that catches every missed inquiry and follows up immediately - so the customer hears from you before they book someone else.

Three shops we've set this up for recovered 6-10 jobs in the first month they'd have otherwise lost.

Worth a 20-minute call to see if it fits? https://calendly.com/grayhorizonsenterprise/30min.


We offer a 7-day free trial. No cost, no contract. You see it running before committing to anything.
Gray Horizons Enterprise

To opt out of future emails, reply with REMOVE.","skipped","hvac",""
"Accurate Air","","tom.accurate@gmail.com","https://accurateairac.com/","Question for you","Hey,

Most HVAC owners I talk to say the same thing - the jobs they lose aren't from bad work, they're from slow follow-up. Estimate sent, no response, job goes to whoever follows up first.

We built an automated system that follows up on every open estimate and every missed inquiry without anyone on your team having to do it manually.

If that sounds like something worth looking at, grab a time here: https://calendly.com/grayhorizonsenterprise/30min.


We offer a 7-day free trial. No cost, no contract. You see it running before committing to anything.
Gray Horizons Enterprise

To opt out of future emails, reply with REMOVE.","sent","hvac",""
"Just another WordPress site","","info@arizonaacandheating.com","https://www.arizonaacandheating.com/","How do you handle this?","Hi,

Quick question - when your line is busy or it's after hours and a customer calls about a broken AC or furnace, what happens to that call?

If it goes to voicemail, research shows 80% of those customers book the next company that answers before you call back.

We built a follow-up system that responds to those inquiries automatically and keeps them engaged until your team can get them on the schedule. Happy to show you how it works in 20 minutes.

https://calendly.com/grayhorizonsenterprise/30min


We offer a 7-day free trial. No cost, no contract. You see it running before committing to anything.
Gray Horizons Enterprise

To opt out of future emails, reply with REMOVE.","skipped","hvac",""
"Aire Serv of Oregon City","","info@aireservoregoncity.com","https://aireservoregoncity.com/","Question for you","Hey,

HVAC companies with a full schedule typically miss 15-20 calls a week during peak season. At an average job value of $450, that's $6,750-$9,000 walking out the door every week.

We set up an automated follow-up system for HVAC shops that catches every missed inquiry and follows up immediately - so the customer hears from you before they book someone else.

Three shops we've set this up for recovered 6-10 jobs in the first month they'd have otherwise lost.

Worth a 20-minute call to see if it fits? https://calendly.com/grayhorizonsenterprise/30min.


We offer a 7-day free trial. No cost, no contract. You see it running before committing to anything.
Gray Horizons Enterprise

To opt out of future emails, reply with REMOVE.","skipped","hvac",""
"Oregon Climate Tech","","info@oregonclimatetech.com","https://oregonclimatetech.com/","Question for you","Hey,

HVAC companies with a full schedule typically miss 15-20 calls a week during peak season. At an average job value of $450, that's $6,750-$9,000 walking out the door every week.

We set up an automated follow-up system for HVAC shops that catches every missed inquiry and follows up immediately - so the customer hears from you before they book someone else.

Three shops we've set this up for recovered 6-10 jobs in the first month they'd have otherwise lost.

Worth a 20-minute call to see if it fits? https://calendly.com/grayhorizonsenterprise/30min.


We offer a 7-day free trial. No cost, no contract. You see it running before committing to anything.
Gray Horizons Enterprise

To opt out of future emails, reply with REMOVE.","skipped","hvac",""
"BillsAir","","info@callbillsheating.com","https://callbills.com/boise","Question for you","Hi,

Quick question - when your line is busy or it's after hours and a customer calls about a broken AC or furnace, what happens to that call?

If it goes to voicemail, research shows 80% of those customers book the next company that answers before you call back.

We built a follow-up system that responds to those inquiries automatically and keeps them engaged until your team can get them on the schedule. Happy to show you how it works in 20 minutes.

https://calendly.com/grayhorizonsenterprise/30min


We offer a 7-day free trial. No cost, no contract. You see it running before committing to anything.
Gray Horizons Enterprise

To opt out of future emails, reply with REMOVE.","skipped","hvac",""
"Your Trusted HVAC Experts in Boise","","info@boiseheatingandairpros.com","https://boiseheatingandairpros.com/","Question for you","Hey,

Most HVAC owners I talk to say the same thing - the jobs they lose aren't from bad work, they're from slow follow-up. Estimate sent, no response, job goes to whoever follows up first.

We built an automated system that follows up on every open estimate and every missed inquiry without anyone on your team having to do it manually.

If that sounds like something worth looking at, grab a time here: https://calendly.com/grayhorizonsenterprise/30min.


We offer a 7-day free trial. No cost, no contract. You see it running before committing to anything.
Gray Horizons Enterprise

To opt out of future emails, reply with REMOVE.","skipped","hvac",""
"Lane DDS","","info@lanedds.com","https://lanedds.com/","Quick question","Hi,

Patient no-shows cost the average dental practice $50,000-$150,000 per year in lost chair time. Most practices send one reminder. We send an automated sequence that cuts no-show rates by 40-60%.

Happy to walk you through exactly how it works: https://calendly.com/grayhorizonsenterprise/30min.


We offer a 7-day free trial. No cost, no contract. You see it running before committing to anything.
Gray Horizons Enterprise

To opt out of future emails, reply with REMOVE.","skipped","dental",""
"Emergency Dentist in Bozeman","","info@familydentaldoctor.com","https://www.familydentaldoctor.com/bozeman/emergency-dentist-bozeman-mt/","How do you handle this?","Hey,

The average dental practice loses 8-12 new patients every month to slow follow-up. A patient submits a form or calls after hours, nobody responds until the next morning, and by then they've booked somewhere else.

At $1,200 average lifetime value per new patient, that's $9,600-$14,400 a month slipping through.

We built a follow-up system that responds to every new patient inquiry immediately - even at 11pm - and keeps them engaged until they're booked. Happy to show you how it works in 20 minutes.

https://calendly.com/grayhorizonsenterprise/30min


We offer a 7-day free trial. No cost, no contract. You see it running before committing to anything.
Gray Horizons Enterprise

To opt out of future emails, reply with REMOVE.","skipped","dental",""
"Dental Services in Montana Communities","","montanadha@msn.com","https://dphhs.mt.gov/ecfsd/oralhealth/OHDentalServices","Something we built for practices","Hi,

Quick question for you - when a new patient submits a form on your website at 8pm on a Tuesday, what happens to that inquiry?

If it sits until the next morning, research shows 78% of those patients have already booked somewhere else by the time you call back.

We fix that with an automated follow-up system. Three practices we've set this up for saw immediate increases in new patient bookings in the first 30 days.

Worth 20 minutes to see the setup? https://calendly.com/grayhorizonsenterprise/30min.


We offer a 7-day free trial. No cost, no contract. You see it running before committing to anything.
Gray Horizons Enterprise

To opt out of future emails, reply with REMOVE.","sent","dental",""
"Commercial Contracting | Building Legacies Since 1946","","info@cccnetwork.com","https://www.cccnetwork.com/contact/","How do you handle this?","Hey,

After-hours inquiries from homeowners are some of the highest-intent leads a contractor gets - and most of them go unanswered until the next day.

We built a system that captures and responds to those leads automatically so you are always first to respond.

I can show you how we set it up this week.


We offer a 7-day free trial. No cost, no contract. You see it running before committing to anything.
Gray Horizons Enterprise

To opt out of future emails, reply with REMOVE.
https://calendly.com/grayhorizonsenterprise/30min","skipped","contractor",""
"Martinez Construction ABQ","","omartinezmata1@gmail.com","http://mccconstructionabq.com/","Question for you","Hi,

The gap between a lead reaching out and your team getting them a quote is usually where the job goes to a competitor.

We built a system that cuts that response time down and automates the follow-up so no lead goes cold.

I can get you set up in about a week. Let me know and I will show you exactly how it works.


We offer a 7-day free trial. No cost, no contract. You see it running before committing to anything.
Gray Horizons Enterprise

To opt out of future emails, reply with REMOVE.
https://calendly.com/grayhorizonsenterprise/30min","sent","contractor",""
"Semmer Landscape","","info@semmerlandscape.com","https://www.semmerlandscape.com/","Something we built","Hey,

When your schedule is full and a new lead comes in it almost always gets lost - there is no system to capture it for later.

We built a system that holds every overflow lead and follows up automatically when your schedule opens.

I can show you how we set it up this week.


We offer a 7-day free trial. No cost, no contract. You see it running before committing to anything.
Gray Horizons Enterprise

To opt out of future emails, reply with REMOVE.
https://calendly.com/grayhorizonsenterprise/30min","skipped","landscaping",""
"Raleigh Roofers LLC","","raleighroofers@gmail.com","https://www.raleigh-roofers.com/","Question for you","Hey,

Quick one: after a storm comes through your area, how does your team handle the wave of calls that come in? Is there a system to track each one or does it get a little chaotic?

We've been helping roofing companies manage exactly that.


We offer a 7-day free trial. No cost, no contract. You see it running before committing to anything.
Gray Horizons Enterprise

To opt out of future emails, reply with REMOVE.
https://calendly.com/grayhorizonsenterprise/30min","sent","roofing",""
"Kairos Holistic Dental | Overland Park Biological Dentist |","","info@kairosdentalkc.com","https://kairosholisticdentalkc.com/","Question for you","Hey,

Most practices have 200-400 patients who called or filled out a form, never booked, and were never followed up with again. That's $240,000-$480,000 in lost lifetime value sitting in a spreadsheet or voicemail box.

We built a reactivation system that reaches back out to those patients automatically and gets them back on the schedule.

I can show you what this looks like for your practice in 20 minutes: https://calendly.com/grayhorizonsenterprise/30min.


We offer a 7-day free trial. No cost, no contract. You see it running before committing to anything.
Gray Horizons Enterprise

To opt out of future emails, reply with REMOVE.","skipped","dental",""
"Dentist in Overland Park | Kansas Family Dental","","kansasfamilydental@gmail.com","https://kansasdentist.com/","Quick question","Hi,

Quick question for you - when a new patient submits a form on your website at 8pm on a Tuesday, what happens to that inquiry?

If it sits until the next morning, research shows 78% of those patients have already booked somewhere else by the time you call back.

We fix that with an automated follow-up system. Three practices we've set this up for saw immediate increases in new patient bookings in the first 30 days.

Worth 20 minutes to see the setup? https://calendly.com/grayhorizonsenterprise/30min.


We offer a 7-day free trial. No cost, no contract. You see it running before committing to anything.
Gray Horizons Enterprise

To opt out of future emails, reply with REMOVE.","sent","dental",""
"Grace Dental - Overland Park, Kansas Dentists","","info@gracedental.com","https://gracedental.com/","How do you handle this?","Hi,

Patient no-shows cost the average dental practice $50,000-$150,000 per year in lost chair time. Most practices send one reminder. We send an automated sequence that cuts no-show rates by 40-60%.

Happy to walk you through exactly how it works: https://calendly.com/grayhorizonsenterprise/30min.


We offer a 7-day free trial. No cost, no contract. You see it running before committing to anything.
Gray Horizons Enterprise

To opt out of future emails, reply with REMOVE.","skipped","dental",""
"Best Dentist Overland Park, KS & Gladstone, MO","","overlandpark@petaldental.com","https://petaldental.com/","Something we built for practices","Hey,

Most practices have 200-400 patients who called or filled out a form, never booked, and were never followed up with again. That's $240,000-$480,000 in lost lifetime value sitting in a spreadsheet or voicemail box.

We built a reactivation system that reaches back out to those patients automatically and gets them back on the schedule.

I can show you what this looks like for your practice in 20 minutes: https://calendly.com/grayhorizonsenterprise/30min.


We offer a 7-day free trial. No cost, no contract. You see it running before committing to anything.
Gray Horizons Enterprise

To opt out of future emails, reply with REMOVE.","sent","dental",""
"Rajkot Property | Rajkot Real Estate | Properties in Rajkot","","info@rajkotproperties.com","https://www.rajkotproperties.com/","How do you handle this?","Hey,

Quick question - when a violation gets reported, what does your process look like from that initial report to final resolution? Is there a system tracking each step or is it mostly email threads?

That gap is where most HOA teams run into problems.


We offer a 7-day free trial. No cost, no contract. You see it running before committing to anything.
Gray Horizons Enterprise

To opt out of future emails, reply with REMOVE.
https://calendly.com/grayhorizonsenterprise/30min","skipped","hoa",""
"Gutters Services Sacramento: Gutter Installation, Repair & C","","info@cityguttersinc.com","https://cityguttersinc.com/","Something we built for roofers","Hey,

Direct question: when a homeowner calls about a leak or damage and you can't get to them for three days, how do you keep them from calling someone else in the meantime?

That's usually the biggest gap I hear about. Happy to share what we've built if it's useful.


We offer a 7-day free trial. No cost, no contract. You see it running before committing to anything.
Gray Horizons Enterprise

To opt out of future emails, reply with REMOVE.
https://calendly.com/grayhorizonsenterprise/30min","skipped","roofing",""
"Heating, Cooling, Plumbing & Electrical In Las Vegas & Reno","","info@legacyac.com","https://legacyac.com/","Something we built","Hi,

Quick question - when your line is busy or it's after hours and a customer calls about a broken AC or furnace, what happens to that call?

If it goes to voicemail, research shows 80% of those customers book the next company that answers before you call back.

We built a follow-up system that responds to those inquiries automatically and keeps them engaged until your team can get them on the schedule. Happy to show you how it works in 20 minutes.

https://calendly.com/grayhorizonsenterprise/30min


We offer a 7-day free trial. No cost, no contract. You see it running before committing to anything.
Gray Horizons Enterprise

To opt out of future emails, reply with REMOVE.","skipped","hvac",""
"Heating Services Las Vegas | Fast Reliable Quality Service |","","contactus@goettl.com","https://www.goettl.com/location/las-vegas-nevada/heating/","Something we built","Hey,

HVAC companies with a full schedule typically miss 15-20 calls a week during peak season. At an average job value of $450, that's $6,750-$9,000 walking out the door every week.

We set up an automated follow-up system for HVAC shops that catches every missed inquiry and follows up immediately - so the customer hears from you before they book someone else.

Three shops we've set this up for recovered 6-10 jobs in the first month they'd have otherwise lost.

Worth a 20-minute call to see if it fits? https://calendly.com/grayhorizonsenterprise/30min.


We offer a 7-day free trial. No cost, no contract. You see it running before committing to anything.
Gray Horizons Enterprise

To opt out of future emails, reply with REMOVE.","sent","hvac",""
"Landscaping & Landscape Design Services in Orange County, CA","","oclandscapingpros@gmail.com","https://www.oclandscapingpros.com/","Something we built","Hi,

Seasonal clients who go quiet between services are lost revenue that most landscaping companies never recover.

We built a system that keeps every recurring client on schedule with automatic reminders and follow-up.

I can walk you through it this week and show you what it looks like running.


We offer a 7-day free trial. No cost, no contract. You see it running before committing to anything.
Gray Horizons Enterprise

To opt out of future emails, reply with REMOVE.
https://calendly.com/grayhorizonsenterprise/30min","sent","landscaping",""
"Irvine Landscaping | Hire The Best Landscapers In Town | Cal","","irvinelawnandlandscape@gmail.com","https://irvinelawnandlandscape.com/","How do you handle overflow leads?","Hi,

Seasonal clients who go quiet between services are lost revenue that most landscaping companies never recover.

We built a system that keeps every recurring client on schedule with automatic reminders and follow-up.

I can walk you through it this week and show you what it looks like running.


We offer a 7-day free trial. No cost, no contract. You see it running before committing to anything.
Gray Horizons Enterprise

To opt out of future emails, reply with REMOVE.
https://calendly.com/grayhorizonsenterprise/30min","sent","landscaping",""
"4 Main Types of Home Air Ducts You Should Know","","info@atticbros.com","https://attic-bros.com/types-of-air-ducts/","Quick question","Hi,

Quick question - when your line is busy or it's after hours and a customer calls about a broken AC or furnace, what happens to that call?

If it goes to voicemail, research shows 80% of those customers book the next company that answers before you call back.

We built a follow-up system that responds to those inquiries automatically and keeps them engaged until your team can get them on the schedule. Happy to show you how it works in 20 minutes.

https://calendly.com/grayhorizonsenterprise/30min


We offer a 7-day free trial. No cost, no contract. You see it running before committing to anything.
Gray Horizons Enterprise

To opt out of future emails, reply with REMOVE.","skipped","hvac",""
"Links Management Solutions","","info@linksmanagementsolutions.com","https://linksmanagementsolutions.com/","Process question","
We offer a 7-day free trial. No cost, no contract. You see it running before committing to anything.
Gray Horizons Enterprise here.

HOA teams we've worked with had the same problem - violations documented at the start, then lost somewhere between board review and resolution.

We built a system that tracks the full lifecycle automatically so nothing slips.

I can show you exactly how it works and get it running for your team this week.

Gray Horizons Enterprise

To opt out of future emails, reply with REMOVE.
https://calendly.com/grayhorizonsenterprise/30min","skipped","hoa",""
"Contact Us","","info@midwestmanagementsolutions.com","https://www.midwestmanagementsolutions.com/Contact-Us","Something we built for HOA teams","
We offer a 7-day free trial. No cost, no contract. You see it running before committing to anything.
Gray Horizons Enterprise here.

HOA teams we've worked with had the same problem - violations documented at the start, then lost somewhere between board review and resolution.

We built a system that tracks the full lifecycle automatically so nothing slips.

I can show you exactly how it works and get it running for your team this week.

Gray Horizons Enterprise

To opt out of future emails, reply with REMOVE.
https://calendly.com/grayhorizonsenterprise/30min","skipped","hoa",""
"hudson pm specializes in","","info@hudsonpm.com","https://www.hudsonpm.com/","Quick question","Hey,

Quick question - when a violation gets reported, what does your process look like from that initial report to final resolution? Is there a system tracking each step or is it mostly email threads?

That gap is where most HOA teams run into problems.


We offer a 7-day free trial. No cost, no contract. You see it running before committing to anything.
Gray Horizons Enterprise

To opt out of future emails, reply with REMOVE.
https://calendly.com/grayhorizonsenterprise/30min","skipped","hoa",""
"HOA Management & Consulting","","info@perdidochamber.com","https://business.perdidochamber.com/list/member/hoa-management-consulting-3972","How do you handle this?","
We offer a 7-day free trial. No cost, no contract. You see it running before committing to anything.
Gray Horizons Enterprise here.

HOA teams we've worked with had the same problem - violations documented at the start, then lost somewhere between board review and resolution.

We built a system that tracks the full lifecycle automatically so nothing slips.

I can show you exactly how it works and get it running for your team this week.

Gray Horizons Enterprise

To opt out of future emails, reply with REMOVE.
https://calendly.com/grayhorizonsenterprise/30min","skipped","hoa",""
"Pure Eco Inc","","info@pureecoinc.com","https://www.pureecoinc.com/los-angeles-hvac-services/","Something we built","Hi,

The average HVAC company loses $45,000-$120,000 per year to missed and unreturned calls. Most owners don't realize it because there's no system tracking what's being lost.

We fix that. I can show you exactly what it looks like for a shop your size in 20 minutes.

https://calendly.com/grayhorizonsenterprise/30min


We offer a 7-day free trial. No cost, no contract. You see it running before committing to anything.
Gray Horizons Enterprise

To opt out of future emails, reply with REMOVE.","skipped","hvac",""
"Workiz","","admissions@hvactechschool.com","https://www.workiz.com/blog/hvac/hvac-license-in-arizona/","Something we built","Hi,

The average HVAC company loses $45,000-$120,000 per year to missed and unreturned calls. Most owners don't realize it because there's no system tracking what's being lost.

We fix that. I can show you exactly what it looks like for a shop your size in 20 minutes.

https://calendly.com/grayhorizonsenterprise/30min


We offer a 7-day free trial. No cost, no contract. You see it running before committing to anything.
Gray Horizons Enterprise

To opt out of future emails, reply with REMOVE.","sent","hvac",""
"Alliant Systems","","info@alliant-systems.com","https://www.alliant-systems.com/","Something we built","Hi,

Quick question - when your line is busy or it's after hours and a customer calls about a broken AC or furnace, what happens to that call?

If it goes to voicemail, research shows 80% of those customers book the next company that answers before you call back.

We built a follow-up system that responds to those inquiries automatically and keeps them engaged until your team can get them on the schedule. Happy to show you how it works in 20 minutes.

https://calendly.com/grayhorizonsenterprise/30min


We offer a 7-day free trial. No cost, no contract. You see it running before committing to anything.
Gray Horizons Enterprise

To opt out of future emails, reply with REMOVE.","skipped","hvac",""
"Top 124 Residential & Commercial HVAC Companies in Illinois","","info@seolium.com","https://www.seolium.com/blog/best-124-hvac-companies-in-illinois/","How do you handle this?","Hi,

Quick question - when your line is busy or it's after hours and a customer calls about a broken AC or furnace, what happens to that call?

If it goes to voicemail, research shows 80% of those customers book the next company that answers before you call back.

We built a follow-up system that responds to those inquiries automatically and keeps them engaged until your team can get them on the schedule. Happy to show you how it works in 20 minutes.

https://calendly.com/grayhorizonsenterprise/30min


We offer a 7-day free trial. No cost, no contract. You see it running before committing to anything.
Gray Horizons Enterprise

To opt out of future emails, reply with REMOVE.","skipped","hvac",""
"Skye's Heating & Cooling","","info@skyesheatingandcooling.com","https://skyesheatingandcooling.com/","How do you handle this?","Hi,

The average HVAC company loses $45,000-$120,000 per year to missed and unreturned calls. Most owners don't realize it because there's no system tracking what's being lost.

We fix that. I can show you exactly what it looks like for a shop your size in 20 minutes.

https://calendly.com/grayhorizonsenterprise/30min


We offer a 7-day free trial. No cost, no contract. You see it running before committing to anything.
Gray Horizons Enterprise

To opt out of future emails, reply with REMOVE.","skipped","hvac",""
"Find contractors in Illinois","","info@24heatingcooling.com","https://il.energyfinancesolutions.com/contractors/il_contractor/","Something we built","Hi,

The average HVAC company loses $45,000-$120,000 per year to missed and unreturned calls. Most owners don't realize it because there's no system tracking what's being lost.

We fix that. I can show you exactly what it looks like for a shop your size in 20 minutes.

https://calendly.com/grayhorizonsenterprise/30min


We offer a 7-day free trial. No cost, no contract. You see it running before committing to anything.
Gray Horizons Enterprise

To opt out of future emails, reply with REMOVE.","skipped","hvac",""
"Schedule An Estimate","","office@the-ac-guy.com","https://the-ac-guy.com/contact/schedule-an-estimate","Question for you","Hey,

HVAC companies with a full schedule typically miss 15-20 calls a week during peak season. At an average job value of $450, that's $6,750-$9,000 walking out the door every week.

We set up an automated follow-up system for HVAC shops that catches every missed inquiry and follows up immediately - so the customer hears from you before they book someone else.

Three shops we've set this up for recovered 6-10 jobs in the first month they'd have otherwise lost.

Worth a 20-minute call to see if it fits? https://calendly.com/grayhorizonsenterprise/30min.


We offer a 7-day free trial. No cost, no contract. You see it running before committing to anything.
Gray Horizons Enterprise

To opt out of future emails, reply with REMOVE.","skipped","hvac",""
"ecotemphvac","","info@ecotemphvac.com","https://ecotemphvac.com/offers/free-estimate/","Quick question","Hi,

The average HVAC company loses $45,000-$120,000 per year to missed and unreturned calls. Most owners don't realize it because there's no system tracking what's being lost.

We fix that. I can show you exactly what it looks like for a shop your size in 20 minutes.

https://calendly.com/grayhorizonsenterprise/30min


We offer a 7-day free trial. No cost, no contract. You see it running before committing to anything.
Gray Horizons Enterprise

To opt out of future emails, reply with REMOVE.","skipped","hvac",""
"Pioneer Heating & Cooling","","office@pioneerhvac.com","https://pioneerhvac.com/","How do you handle this?","Hey,

HVAC companies with a full schedule typically miss 15-20 calls a week during peak season. At an average job value of $450, that's $6,750-$9,000 walking out the door every week.

We set up an automated follow-up system for HVAC shops that catches every missed inquiry and follows up immediately - so the customer hears from you before they book someone else.

Three shops we've set this up for recovered 6-10 jobs in the first month they'd have otherwise lost.

Worth a 20-minute call to see if it fits? https://calendly.com/grayhorizonsenterprise/30min.


We offer a 7-day free trial. No cost, no contract. You see it running before committing to anything.
Gray Horizons Enterprise

To opt out of future emails, reply with REMOVE.","skipped","hvac",""
"Tatum Point Dentistry","","info@tatumpointdentistry.com","https://www.tatumpointdentistry.com/","Question for you","Hey,

Most practices have 200-400 patients who called or filled out a form, never booked, and were never followed up with again. That's $240,000-$480,000 in lost lifetime value sitting in a spreadsheet or voicemail box.

We built a reactivation system that reaches back out to those patients automatically and gets them back on the schedule.

I can show you what this looks like for your practice in 20 minutes: https://calendly.com/grayhorizonsenterprise/30min.


We offer a 7-day free trial. No cost, no contract. You see it running before committing to anything.
Gray Horizons Enterprise

To opt out of future emails, reply with REMOVE.","skipped","dental",""
"Living Water Plumbing, Inc.","","office@livingwaterplumbing.net","https://www.livingwaterplumbing.net/","Question for you","Hey,

Most plumbing companies we work with had no system for job tracking across crews - status updates required calling the tech directly every time.

We fixed that with a system that keeps every job visible from dispatch to close-out without anyone having to chase it down.

I can get you set up in about a week.


We offer a 7-day free trial. No cost, no contract. You see it running before committing to anything.
Gray Horizons Enterprise

To opt out of future emails, reply with REMOVE.
https://calendly.com/grayhorizonsenterprise/30min","skipped","plumbing",""
"Allstar Plumbing Heating & AC","","office@allstarrepairutah.com","https://www.allstarrepairutah.com/","Something we built","Hey,

Direct question - when an emergency call comes in at night and your main line is busy, how does your team handle it? Does it route somewhere or go to voicemail?

That's usually the biggest gap I hear about from plumbing companies.


We offer a 7-day free trial. No cost, no contract. You see it running before committing to anything.
Gray Horizons Enterprise

To opt out of future emails, reply with REMOVE.
https://calendly.com/grayhorizonsenterprise/30min","skipped","plumbing",""
"HEP Plumbing","","info@hepplumbing.com","https://hepplumbing.com/","Something we built","Hi,

Emergency calls are where plumbing companies win or lose customers - the ones who respond fastest get the job.

We built a dispatch system that routes emergency calls to the right tech instantly and keeps the customer updated automatically.

I can walk you through it this week and show you what it looks like running.


We offer a 7-day free trial. No cost, no contract. You see it running before committing to anything.
Gray Horizons Enterprise

To opt out of future emails, reply with REMOVE.
https://calendly.com/grayhorizonsenterprise/30min","skipped","plumbing",""
"Network Design & Construction","","info@ndccorp.com","https://ndccorp.com/","How do you handle this?","Hey,

When you send out an estimate and don't hear back, what does your follow-up process look like? Is there a system tracking each open bid or does it depend on whoever sent it remembering to follow up?

That's usually where jobs go cold.


We offer a 7-day free trial. No cost, no contract. You see it running before committing to anything.
Gray Horizons Enterprise

To opt out of future emails, reply with REMOVE.
https://calendly.com/grayhorizonsenterprise/30min","skipped","contractor",""
"construxco","","info@construxco.com","https://construxco.com/","Quick question","Hey,

When you send out an estimate and don't hear back, what does your follow-up process look like? Is there a system tracking each open bid or does it depend on whoever sent it remembering to follow up?

That's usually where jobs go cold.


We offer a 7-day free trial. No cost, no contract. You see it running before committing to anything.
Gray Horizons Enterprise

To opt out of future emails, reply with REMOVE.
https://calendly.com/grayhorizonsenterprise/30min","skipped","contractor",""
"Maneeha Mahmood - Co-Founder at Aesthetica Medical Spa | Lin","","tnmodbeauty@gmail.com","","How do you handle this?","
We offer a 7-day free trial. No cost, no contract. You see it running before committing to anything.
Gray Horizons Enterprise here.

Most HOA teams we've worked with were losing track of violations between the initial report and final resolution.

We fixed that with a simple system that handles tracking and follow-ups automatically.

If this is even slightly an issue on your side, I can show you exactly how we set it up this week.

Gray Horizons Enterprise

To opt out of future emails, reply with REMOVE.
https://calendly.com/grayhorizonsenterprise/30min","sent","hoa",""
"Cydcor (@cydcor) / Posts / X","","contact@cydcor.com","","Process question","
We offer a 7-day free trial. No cost, no contract. You see it running before committing to anything.
Gray Horizons Enterprise here.

Straight to it - we help HOA management teams stop losing violations in the handoff between report, tracking, and resolution.

Most teams we work with had it happening constantly and didn't realize how much time it was costing.

I can show you exactly how we fixed it this week if you want to see it.

Gray Horizons Enterprise

To opt out of future emails, reply with REMOVE.
https://calendly.com/grayhorizonsenterprise/30min","skipped","hoa",""
"Anchor Pest Control | (303) 239-0559 | Denver - AllBizA.P. P","","r@gmail.com","","Quick question","
We offer a 7-day free trial. No cost, no contract. You see it running before committing to anything.
Gray Horizons Enterprise here.

Straight to it - we help HOA management teams stop losing violations in the handoff between report, tracking, and resolution.

Most teams we work with had it happening constantly and didn't realize how much time it was costing.

I can show you exactly how we fixed it this week if you want to see it.

Gray Horizons Enterprise

To opt out of future emails, reply with REMOVE.
https://calendly.com/grayhorizonsenterprise/30min","sent","hoa",""
"Dentist in Claremont, CA | Borna Family Dental","","info@harrybrowndds.com","https://www.bornafamilydental.com/","Quick question","Hi,

Quick question for you - when a new patient submits a form on your website at 8pm on a Tuesday, what happens to that inquiry?

If it sits until the next morning, research shows 78% of those patients have already booked somewhere else by the time you call back.

We fix that with an automated follow-up system. Three practices we've set this up for saw immediate increases in new patient bookings in the first 30 days.

Worth 20 minutes to see the setup? https://calendly.com/grayhorizonsenterprise/30min.


We offer a 7-day free trial. No cost, no contract. You see it running before committing to anything.
Gray Horizons Enterprise

To opt out of future emails, reply with REMOVE.","skipped","dental",""
"Dentist in Claremont, CA | Cosmetic & Implant Dentistry","","frontdesk@claremontdentalinstitute.com","https://www.claremontdentalinstitute.com/","Question for you","Hi,

Patient no-shows cost the average dental practice $50,000-$150,000 per year in lost chair time. Most practices send one reminder. We send an automated sequence that cuts no-show rates by 40-60%.

Happy to walk you through exactly how it works: https://calendly.com/grayhorizonsenterprise/30min.


We offer a 7-day free trial. No cost, no contract. You see it running before committing to anything.
Gray Horizons Enterprise

To opt out of future emails, reply with REMOVE.","sent","dental",""
"Dentist Claremont CA - Modern Dentistry | Courtyard Dentistr","","nicholasgihdds@gmail.com","https://www.courtyarddentistry.com/","How do you handle this?","Hey,

Most practices have 200-400 patients who called or filled out a form, never booked, and were never followed up with again. That's $240,000-$480,000 in lost lifetime value sitting in a spreadsheet or voicemail box.

We built a reactivation system that reaches back out to those patients automatically and gets them back on the schedule.

I can show you what this looks like for your practice in 20 minutes: https://calendly.com/grayhorizonsenterprise/30min.


We offer a 7-day free trial. No cost, no contract. You see it running before committing to anything.
Gray Horizons Enterprise

To opt out of future emails, reply with REMOVE.","sent","dental",""
"Jacksonville.gov - Property Appraiser","","pacustserv@coj.net","https://www.jacksonville.gov/departments/property-appraiser","Something we built for HOA teams","
We offer a 7-day free trial. No cost, no contract. You see it running before committing to anything.
Gray Horizons Enterprise here.

Violation follow-up is where most HOA teams lose time - the documentation exists but pulling it together for a board review or audit takes way longer than it should.

We fixed that for a handful of firms and now it runs on its own.

I can walk you through the setup this week and show you what it looks like in practice.

Gray Horizons Enterprise

To opt out of future emails, reply with REMOVE.
https://calendly.com/grayhorizonsenterprise/30min","sent","hoa",""
"Jacksonville.gov - Property Appraiser","","taxxcollector@coj.net","https://www.jacksonville.gov/departments/property-appraiser","Quick question","Hey,

Quick question - when a violation gets reported, what does your process look like from that initial report to final resolution? Is there a system tracking each step or is it mostly email threads?

That gap is where most HOA teams run into problems.


We offer a 7-day free trial. No cost, no contract. You see it running before committing to anything.
Gray Horizons Enterprise

To opt out of future emails, reply with REMOVE.
https://calendly.com/grayhorizonsenterprise/30min","sent","hoa",""
"Jacksonville.gov - Property Appraiser","","taxdept@coj.net","https://www.jacksonville.gov/departments/property-appraiser","Something we built for HOA teams","Hey,

Quick question - when a violation gets reported, what does your process look like from that initial report to final resolution? Is there a system tracking each step or is it mostly email threads?

That gap is where most HOA teams run into problems.


We offer a 7-day free trial. No cost, no contract. You see it running before committing to anything.
Gray Horizons Enterprise

To opt out of future emails, reply with REMOVE.
https://calendly.com/grayhorizonsenterprise/30min","sent","hoa",""
"Jacksonville.gov - Property Appraiser","","taxcollector@coj.net","https://www.jacksonville.gov/departments/property-appraiser","How do you handle this?","
We offer a 7-day free trial. No cost, no contract. You see it running before committing to anything.
Gray Horizons Enterprise here.

Violation follow-up is where most HOA teams lose time - the documentation exists but pulling it together for a board review or audit takes way longer than it should.

We fixed that for a handful of firms and now it runs on its own.

I can walk you through the setup this week and show you what it looks like in practice.

Gray Horizons Enterprise

To opt out of future emails, reply with REMOVE.
https://calendly.com/grayhorizonsenterprise/30min","sent","hoa",""
"Jacksonville.gov - Property Appraiser","","inspectorgeneral@coj.net","https://www.jacksonville.gov/departments/property-appraiser","Process question","
We offer a 7-day free trial. No cost, no contract. You see it running before committing to anything.
Gray Horizons Enterprise here.

Straight to it - we help HOA management teams stop losing violations in the handoff between report, tracking, and resolution.

Most teams we work with had it happening constantly and didn't realize how much time it was costing.

I can show you exactly how we fixed it this week if you want to see it.

Gray Horizons Enterprise

To opt out of future emails, reply with REMOVE.
https://calendly.com/grayhorizonsenterprise/30min","sent","hoa",""
"Jacksonville.gov - Property Appraiser","","touristtax@coj.net","https://www.jacksonville.gov/departments/property-appraiser","Something we built for HOA teams","Hey,

Quick question - when a violation gets reported, what does your process look like from that initial report to final resolution? Is there a system tracking each step or is it mostly email threads?

That gap is where most HOA teams run into problems.


We offer a 7-day free trial. No cost, no contract. You see it running before committing to anything.
Gray Horizons Enterprise

To opt out of future emails, reply with REMOVE.
https://calendly.com/grayhorizonsenterprise/30min","sent","hoa",""
"Taylors, SC Heating, Cooling, Plumbing & Electrical Services","","info@davisservicesinc.com","https://davisservicesinc.com/areas-we-serve/taylors-sc/","How do you handle this?","Hi,

Quick question - when your line is busy or it's after hours and a customer calls about a broken AC or furnace, what happens to that call?

If it goes to voicemail, research shows 80% of those customers book the next company that answers before you call back.

We built a follow-up system that responds to those inquiries automatically and keeps them engaged until your team can get them on the schedule. Happy to show you how it works in 20 minutes.

https://calendly.com/grayhorizonsenterprise/30min


We offer a 7-day free trial. No cost, no contract. You see it running before committing to anything.
Gray Horizons Enterprise

To opt out of future emails, reply with REMOVE.","skipped","hvac",""
"Taylors, SC Heating, Cooling, Plumbing & Electrical Services","","infro@davisservicesinc.com","https://davisservicesinc.com/areas-we-serve/taylors-sc/","Something we built","Hi,

Quick question - when your line is busy or it's after hours and a customer calls about a broken AC or furnace, what happens to that call?

If it goes to voicemail, research shows 80% of those customers book the next company that answers before you call back.

We built a follow-up system that responds to those inquiries automatically and keeps them engaged until your team can get them on the schedule. Happy to show you how it works in 20 minutes.

https://calendly.com/grayhorizonsenterprise/30min


We offer a 7-day free trial. No cost, no contract. You see it running before committing to anything.
Gray Horizons Enterprise

To opt out of future emails, reply with REMOVE.","sent","hvac",""
"Landscaping & Hardscaping Services in Henderson & Las Vegas,","","info@jrslawnmaintenance.com","https://www.jrslawnmaintenance.com/","Something we built","Hey,

When your schedule is full and a new lead comes in it almost always gets lost - there is no system to capture it for later.

We built a system that holds every overflow lead and follows up automatically when your schedule opens.

I can show you how we set it up this week.


We offer a 7-day free trial. No cost, no contract. You see it running before committing to anything.
Gray Horizons Enterprise

To opt out of future emails, reply with REMOVE.
https://calendly.com/grayhorizonsenterprise/30min","skipped","landscaping",""
"BPL - Boston Public Library","","ask@bpl.org","https://www.bpl.org/","Question for you","Hi,

Patient no-shows cost the average dental practice $50,000-$150,000 per year in lost chair time. Most practices send one reminder. We send an automated sequence that cuts no-show rates by 40-60%.

Happy to walk you through exactly how it works: https://calendly.com/grayhorizonsenterprise/30min.


We offer a 7-day free trial. No cost, no contract. You see it running before committing to anything.
Gray Horizons Enterprise

To opt out of future emails, reply with REMOVE.","sent","dental",""
"Welcome to Open Library | Open Library","","8470b9d8af98fa200a09162f2e30ac87@sink.archive.org","https://openlibrary.org/","Something we built for practices","Hey,

Most practices have 200-400 patients who called or filled out a form, never booked, and were never followed up with again. That's $240,000-$480,000 in lost lifetime value sitting in a spreadsheet or voicemail box.

We built a reactivation system that reaches back out to those patients automatically and gets them back on the schedule.

I can show you what this looks like for your practice in 20 minutes: https://calendly.com/grayhorizonsenterprise/30min.


We offer a 7-day free trial. No cost, no contract. You see it running before committing to anything.
Gray Horizons Enterprise

To opt out of future emails, reply with REMOVE.","skipped","dental",""
"Welcome to Open Library | Open Library","","openlibrary@archive.org","https://openlibrary.org/","How do you handle this?","Hi,

Quick question for you - when a new patient submits a form on your website at 8pm on a Tuesday, what happens to that inquiry?

If it sits until the next morning, research shows 78% of those patients have already booked somewhere else by the time you call back.

We fix that with an automated follow-up system. Three practices we've set this up for saw immediate increases in new patient bookings in the first 30 days.

Worth 20 minutes to see the setup? https://calendly.com/grayhorizonsenterprise/30min.


We offer a 7-day free trial. No cost, no contract. You see it running before committing to anything.
Gray Horizons Enterprise

To opt out of future emails, reply with REMOVE.","sent","dental",""
"ACPL Home | Allen County Public Library | Library Online Col","","ask@acpl.info","https://www.acpl.lib.in.us/","Quick question","Hey,

Most practices have 200-400 patients who called or filled out a form, never booked, and were never followed up with again. That's $240,000-$480,000 in lost lifetime value sitting in a spreadsheet or voicemail box.

We built a reactivation system that reaches back out to those patients automatically and gets them back on the schedule.

I can show you what this looks like for your practice in 20 minutes: https://calendly.com/grayhorizonsenterprise/30min.


We offer a 7-day free trial. No cost, no contract. You see it running before committing to anything.
Gray Horizons Enterprise

To opt out of future emails, reply with REMOVE.","sent","dental",""
"« Un bastion atypique » : En plein centre de Bruxelles, ce q","","bruxelles@secretmedianetwork.com","https://bruxellessecrete.com/quartier-des-marolles-bruxelles/","Quick question","Hi,

Quick question for you - when a new patient submits a form on your website at 8pm on a Tuesday, what happens to that inquiry?

If it sits until the next morning, research shows 78% of those patients have already booked somewhere else by the time you call back.

We fix that with an automated follow-up system. Three practices we've set this up for saw immediate increases in new patient bookings in the first 30 days.

Worth 20 minutes to see the setup? https://calendly.com/grayhorizonsenterprise/30min.


We offer a 7-day free trial. No cost, no contract. You see it running before committing to anything.
Gray Horizons Enterprise

To opt out of future emails, reply with REMOVE.","sent","dental",""
"Home - Marolles","","ascombrueg@outlook.com","https://marolles.brussels/","Quick question","Hi,

Quick question for you - when a new patient submits a form on your website at 8pm on a Tuesday, what happens to that inquiry?

If it sits until the next morning, research shows 78% of those patients have already booked somewhere else by the time you call back.

We fix that with an automated follow-up system. Three practices we've set this up for saw immediate increases in new patient bookings in the first 30 days.

Worth 20 minutes to see the setup? https://calendly.com/grayhorizonsenterprise/30min.


We offer a 7-day free trial. No cost, no contract. You see it running before committing to anything.
Gray Horizons Enterprise

To opt out of future emails, reply with REMOVE.","sent","dental",""
"Drain City Plumbing | Torrance, CA","","info@draincityplumbing.com","https://draincityplumbing.com/","Quick question","Hi,

After-hours and weekend calls are where most plumbing companies lose the most jobs - by the time someone calls back the customer has already moved on.

We built a system that captures and responds to those inquiries automatically so you stop losing jobs to whoever answers first.

I can show you exactly how we set it up this week.


We offer a 7-day free trial. No cost, no contract. You see it running before committing to anything.
Gray Horizons Enterprise

To opt out of future emails, reply with REMOVE.
https://calendly.com/grayhorizonsenterprise/30min","skipped","plumbing",""
"Best Dentists Near Me in Orange, California | Delta Dental","","hhoangdds@yahoo.com","https://www.deltadental.com/member/find-a-dentist/california/orange-dentists/","Something we built for practices","Hi,

Quick question for you - when a new patient submits a form on your website at 8pm on a Tuesday, what happens to that inquiry?

If it sits until the next morning, research shows 78% of those patients have already booked somewhere else by the time you call back.

We fix that with an automated follow-up system. Three practices we've set this up for saw immediate increases in new patient bookings in the first 30 days.

Worth 20 minutes to see the setup? https://calendly.com/grayhorizonsenterprise/30min.


We offer a 7-day free trial. No cost, no contract. You see it running before committing to anything.
Gray Horizons Enterprise

To opt out of future emails, reply with REMOVE.","sent","dental",""
"Best Dentists Near Me in Orange, California | Delta Dental","","frontoffice@glasselldental.com","https://www.deltadental.com/member/find-a-dentist/california/orange-dentists/","How do you handle this?","Hey,

The average dental practice loses 8-12 new patients every month to slow follow-up. A patient submits a form or calls after hours, nobody responds until the next morning, and by then they've booked somewhere else.

At $1,200 average lifetime value per new patient, that's $9,600-$14,400 a month slipping through.

We built a follow-up system that responds to every new patient inquiry immediately - even at 11pm - and keeps them engaged until they're booked. Happy to show you how it works in 20 minutes.

https://calendly.com/grayhorizonsenterprise/30min


We offer a 7-day free trial. No cost, no contract. You see it running before committing to anything.
Gray Horizons Enterprise

To opt out of future emails, reply with REMOVE.","sent","dental",""
"Best Dentists Near Me in Orange, California | Delta Dental","","mydentistjason@gmail.com","https://www.deltadental.com/member/find-a-dentist/california/orange-dentists/","How do you handle this?","Hi,

Patient no-shows cost the average dental practice $50,000-$150,000 per year in lost chair time. Most practices send one reminder. We send an automated sequence that cuts no-show rates by 40-60%.

Happy to walk you through exactly how it works: https://calendly.com/grayhorizonsenterprise/30min.


We offer a 7-day free trial. No cost, no contract. You see it running before committing to anything.
Gray Horizons Enterprise

To opt out of future emails, reply with REMOVE.","sent","dental",""
"Best Dentists Near Me in Orange, California | Delta Dental","","info@drrosales.com","https://www.deltadental.com/member/find-a-dentist/california/orange-dentists/","How do you handle this?","Hi,

Quick question for you - when a new patient submits a form on your website at 8pm on a Tuesday, what happens to that inquiry?

If it sits until the next morning, research shows 78% of those patients have already booked somewhere else by the time you call back.

We fix that with an automated follow-up system. Three practices we've set this up for saw immediate increases in new patient bookings in the first 30 days.

Worth 20 minutes to see the setup? https://calendly.com/grayhorizonsenterprise/30min.


We offer a 7-day free trial. No cost, no contract. You see it running before committing to anything.
Gray Horizons Enterprise

To opt out of future emails, reply with REMOVE.","skipped","dental",""
"Best Dentists Near Me in Orange, California | Delta Dental","","info@orangeoralsurgery.com","https://www.deltadental.com/member/find-a-dentist/california/orange-dentists/","Question for you","Hey,

The average dental practice loses 8-12 new patients every month to slow follow-up. A patient submits a form or calls after hours, nobody responds until the next morning, and by then they've booked somewhere else.

At $1,200 average lifetime value per new patient, that's $9,600-$14,400 a month slipping through.

We built a follow-up system that responds to every new patient inquiry immediately - even at 11pm - and keeps them engaged until they're booked. Happy to show you how it works in 20 minutes.

https://calendly.com/grayhorizonsenterprise/30min


We offer a 7-day free trial. No cost, no contract. You see it running before committing to anything.
Gray Horizons Enterprise

To opt out of future emails, reply with REMOVE.","skipped","dental",""
"Best Dentists Near Me in Orange, California | Delta Dental","","dgdentaloc@yahoo.com","https://www.deltadental.com/member/find-a-dentist/california/orange-dentists/","Something we built for practices","Hey,

The average dental practice loses 8-12 new patients every month to slow follow-up. A patient submits a form or calls after hours, nobody responds until the next morning, and by then they've booked somewhere else.

At $1,200 average lifetime value per new patient, that's $9,600-$14,400 a month slipping through.

We built a follow-up system that responds to every new patient inquiry immediately - even at 11pm - and keeps them engaged until they're booked. Happy to show you how it works in 20 minutes.

https://calendly.com/grayhorizonsenterprise/30min


We offer a 7-day free trial. No cost, no contract. You see it running before committing to anything.
Gray Horizons Enterprise

To opt out of future emails, reply with REMOVE.","sent","dental",""
"Best Dentists Near Me in Orange, California | Delta Dental","","info@chuyangdental.com","https://www.deltadental.com/member/find-a-dentist/california/orange-dentists/","Something we built for practices","Hi,

Patient no-shows cost the average dental practice $50,000-$150,000 per year in lost chair time. Most practices send one reminder. We send an automated sequence that cuts no-show rates by 40-60%.

Happy to walk you through exactly how it works: https://calendly.com/grayhorizonsenterprise/30min.


We offer a 7-day free trial. No cost, no contract. You see it running before committing to anything.
Gray Horizons Enterprise

To opt out of future emails, reply with REMOVE.","skipped","dental",""
"San Bernardino Pediatrics and Family Clinic | Pediatrics, In","","info@goldengatehealth.com","https://www.sanbernardinopediatrics.com/","Something we built for practices","Hey,

The average dental practice loses 8-12 new patients every month to slow follow-up. A patient submits a form or calls after hours, nobody responds until the next morning, and by then they've booked somewhere else.

At $1,200 average lifetime value per new patient, that's $9,600-$14,400 a month slipping through.

We built a follow-up system that responds to every new patient inquiry immediately - even at 11pm - and keeps them engaged until they're booked. Happy to show you how it works in 20 minutes.

https://calendly.com/grayhorizonsenterprise/30min


We offer a 7-day free trial. No cost, no contract. You see it running before committing to anything.
Gray Horizons Enterprise

To opt out of future emails, reply with REMOVE.","skipped","dental",""
"Apex Pediatrics | The Inland Empire's Leading Pediatricians","","sbapexpeds@gmail.com","https://apexpediatrics.net/","Something we built for practices","Hi,

Quick question for you - when a new patient submits a form on your website at 8pm on a Tuesday, what happens to that inquiry?

If it sits until the next morning, research shows 78% of those patients have already booked somewhere else by the time you call back.

We fix that with an automated follow-up system. Three practices we've set this up for saw immediate increases in new patient bookings in the first 30 days.

Worth 20 minutes to see the setup? https://calendly.com/grayhorizonsenterprise/30min.


We offer a 7-day free trial. No cost, no contract. You see it running before committing to anything.
Gray Horizons Enterprise

To opt out of future emails, reply with REMOVE.","sent","dental",""
"Pediatrics & Pediatric Specialties - SAC Health","","54b4aac306184111a223c0f4aea635c3@sentry.wixpress.com","https://www.sachealth.org/services/pediatrics","Question for you","Hey,

Most practices have 200-400 patients who called or filled out a form, never booked, and were never followed up with again. That's $240,000-$480,000 in lost lifetime value sitting in a spreadsheet or voicemail box.

We built a reactivation system that reaches back out to those patients automatically and gets them back on the schedule.

I can show you what this looks like for your practice in 20 minutes: https://calendly.com/grayhorizonsenterprise/30min.


We offer a 7-day free trial. No cost, no contract. You see it running before committing to anything.
Gray Horizons Enterprise

To opt out of future emails, reply with REMOVE.","skipped","dental",""
"Pediatrics & Pediatric Specialties - SAC Health","","cd64ba1f47df485bba2b0076c0dd3b25@sentry.wixpress.com","https://www.sachealth.org/services/pediatrics","How do you handle this?","Hi,

Quick question for you - when a new patient submits a form on your website at 8pm on a Tuesday, what happens to that inquiry?

If it sits until the next morning, research shows 78% of those patients have already booked somewhere else by the time you call back.

We fix that with an automated follow-up system. Three practices we've set this up for saw immediate increases in new patient bookings in the first 30 days.

Worth 20 minutes to see the setup? https://calendly.com/grayhorizonsenterprise/30min.


We offer a 7-day free trial. No cost, no contract. You see it running before committing to anything.
Gray Horizons Enterprise

To opt out of future emails, reply with REMOVE.","skipped","dental",""
"Pediatrics & Pediatric Specialties - SAC Health","","88170cb0c9d64f94b5821ca7fd2d55a4@sentry-next.wixpress.com","https://www.sachealth.org/services/pediatrics","How do you handle this?","Hey,

Most practices have 200-400 patients who called or filled out a form, never booked, and were never followed up with again. That's $240,000-$480,000 in lost lifetime value sitting in a spreadsheet or voicemail box.

We built a reactivation system that reaches back out to those patients automatically and gets them back on the schedule.

I can show you what this looks like for your practice in 20 minutes: https://calendly.com/grayhorizonsenterprise/30min.


We offer a 7-day free trial. No cost, no contract. You see it running before committing to anything.
Gray Horizons Enterprise

To opt out of future emails, reply with REMOVE.","skipped","dental",""
"Pediatrics & Pediatric Specialties - SAC Health","","1eeb89147c984dc6bc3ffafd9e6cd089@sentry.wixpress.com","https://www.sachealth.org/services/pediatrics","Question for you","Hi,

Quick question for you - when a new patient submits a form on your website at 8pm on a Tuesday, what happens to that inquiry?

If it sits until the next morning, research shows 78% of those patients have already booked somewhere else by the time you call back.

We fix that with an automated follow-up system. Three practices we've set this up for saw immediate increases in new patient bookings in the first 30 days.

Worth 20 minutes to see the setup? https://calendly.com/grayhorizonsenterprise/30min.


We offer a 7-day free trial. No cost, no contract. You see it running before committing to anything.
Gray Horizons Enterprise

To opt out of future emails, reply with REMOVE.","skipped","dental",""
"4 Main Types of Home Air Ducts You Should Know","","atticbrosinc@gmail.com","https://attic-bros.com/types-of-air-ducts/","Question for you","Hi,

The average HVAC company loses $45,000-$120,000 per year to missed and unreturned calls. Most owners don't realize it because there's no system tracking what's being lost.

We fix that. I can show you exactly what it looks like for a shop your size in 20 minutes.

https://calendly.com/grayhorizonsenterprise/30min


We offer a 7-day free trial. No cost, no contract. You see it running before committing to anything.
Gray Horizons Enterprise

To opt out of future emails, reply with REMOVE.","sent","hvac",""
"Leslie Blalock, CPA - AccountingRockStar | Founder | Helping","","leslie@accountingrocks.com","","Process question","
We offer a 7-day free trial. No cost, no contract. You see it running before committing to anything.
Gray Horizons Enterprise here.

The biggest issue we keep seeing with HOA teams is violations getting lost between report, board review, and resolution.

We built a system that locks that entire process down so nothing slips through.

If you want, I can walk you through it and get something similar set up for you quickly.

Gray Horizons Enterprise

To opt out of future emails, reply with REMOVE.
https://calendly.com/grayhorizonsenterprise/30min","sent","hoa",""
"Email address ideas : r/smallbusiness - Reddit","","info@biz.com","","Quick question","
We offer a 7-day free trial. No cost, no contract. You see it running before committing to anything.
Gray Horizons Enterprise here.

The biggest issue we keep seeing with HOA teams is violations getting lost between report, board review, and resolution.

We built a system that locks that entire process down so nothing slips through.

If you want, I can walk you through it and get something similar set up for you quickly.

Gray Horizons Enterprise

To opt out of future emails, reply with REMOVE.
https://calendly.com/grayhorizonsenterprise/30min","skipped","hoa",""
"Email Options? : r/smallbusiness - Reddit","","myname@website.com","","How do you handle this?","Hey,

Quick question - when a violation gets reported, what does your process look like from that initial report to final resolution? Is there a system tracking each step or is it mostly email threads?

That gap is where most HOA teams run into problems.


We offer a 7-day free trial. No cost, no contract. You see it running before committing to anything.
Gray Horizons Enterprise

To opt out of future emails, reply with REMOVE.
https://calendly.com/grayhorizonsenterprise/30min","sent","hoa",""
"Tony Bourque - Business Owner | Air Conditioning and Heating","","airdocmechanical@gmail.comcall","","Process question","Hey,

When a board member asks for a status update on an open violation, how long does it take your team to pull that together?

We've been working on cutting that time down. Happy to show you what we built if it's relevant.


We offer a 7-day free trial. No cost, no contract. You see it running before committing to anything.
Gray Horizons Enterprise

To opt out of future emails, reply with REMOVE.
https://calendly.com/grayhorizonsenterprise/30min","pending","hoa",""
"MIAN ABDUL GHAFFAR - OWNER HVAC CONTRACTOR ...","","mac.engineering2020@gmail.com","","Something we built for HOA teams","
We offer a 7-day free trial. No cost, no contract. You see it running before committing to anything.
Gray Horizons Enterprise here.

HOA teams we've worked with had the same problem - violations documented at the start, then lost somewhere between board review and resolution.

We built a system that tracks the full lifecycle automatically so nothing slips.

I can show you exactly how it works and get it running for your team this week.

Gray Horizons Enterprise

To opt out of future emails, reply with REMOVE.
https://calendly.com/grayhorizonsenterprise/30min","pending","hoa",""
"Brett Callahan - Owner of Callahan Heating And Cooling | Lin","","callahan.brett@gmail.com","","Process question","
We offer a 7-day free trial. No cost, no contract. You see it running before committing to anything.
Gray Horizons Enterprise here.

The gap between a homeowner filing a report and that violation being fully resolved is where HOA teams take on the most risk.

We built a system that locks that gap down - every step tracked, documented, and followed up automatically.

I can get you set up in about a week. Let me know and I'll show you exactly how it works.

Gray Horizons Enterprise

To opt out of future emails, reply with REMOVE.
https://calendly.com/grayhorizonsenterprise/30min","pending","hoa",""
"TermiteControlinDallas,TX| DynastyPestControl","","ecosafe@reliableresources.biz","","Quick question","
We offer a 7-day free trial. No cost, no contract. You see it running before committing to anything.
Gray Horizons Enterprise here.

HOA teams we've worked with had the same problem - violations documented at the start, then lost somewhere between board review and resolution.

We built a system that tracks the full lifecycle automatically so nothing slips.

I can show you exactly how it works and get it running for your team this week.

Gray Horizons Enterprise

To opt out of future emails, reply with REMOVE.
https://calendly.com/grayhorizonsenterprise/30min","pending","hoa",""
"Roof Replacement | Watsonville, CA","","eddie.martinez777@yahoo.com","https://www.watsonvilleroofing.com/","Question for you","Hi,

The gap between a lead reaching out and your team getting them a quote is usually where the job goes to a competitor.

We built a system that cuts that response time down and automates the follow-up so no lead goes cold.

I can get you set up in about a week. Let me know and I will show you exactly how it works.


We offer a 7-day free trial. No cost, no contract. You see it running before committing to anything.
Gray Horizons Enterprise

To opt out of future emails, reply with REMOVE.
https://calendly.com/grayhorizonsenterprise/30min","pending","contractor",""
"CAMCO Nevada","","payments@allianceassociationbank.com","https://camconevada.com/","How do you handle this?","Hey,

Quick question - when a violation gets reported, what does your process look like from that initial report to final resolution? Is there a system tracking each step or is it mostly email threads?

That gap is where most HOA teams run into problems.


We offer a 7-day free trial. No cost, no contract. You see it running before committing to anything.
Gray Horizons Enterprise

To opt out of future emails, reply with REMOVE.
https://calendly.com/grayhorizonsenterprise/30min","pending","hoa",""
"Best Dentists Near Me in Los Angeles, California | Delta Den","","choicedentalapp@gmail.com","https://www.deltadental.com/member/find-a-dentist/california/los-angeles-dentists/","How do you handle this?","Hi,

Quick question for you - when a new patient submits a form on your website at 8pm on a Tuesday, what happens to that inquiry?

If it sits until the next morning, research shows 78% of those patients have already booked somewhere else by the time you call back.

We fix that with an automated follow-up system. Three practices we've set this up for saw immediate increases in new patient bookings in the first 30 days.

Worth 20 minutes to see the setup? https://calendly.com/grayhorizonsenterprise/30min.


We offer a 7-day free trial. No cost, no contract. You see it running before committing to anything.
Gray Horizons Enterprise

To opt out of future emails, reply with REMOVE.","pending","dental",""
"Best Dentists Near Me in Los Angeles, California | Delta Den","","clau@cscla.org","https://www.deltadental.com/member/find-a-dentist/california/los-angeles-dentists/","How do you handle this?","Hey,

Most practices have 200-400 patients who called or filled out a form, never booked, and were never followed up with again. That's $240,000-$480,000 in lost lifetime value sitting in a spreadsheet or voicemail box.

We built a reactivation system that reaches back out to those patients automatically and gets them back on the schedule.

I can show you what this looks like for your practice in 20 minutes: https://calendly.com/grayhorizonsenterprise/30min.


We offer a 7-day free trial. No cost, no contract. You see it running before committing to anything.
Gray Horizons Enterprise

To opt out of future emails, reply with REMOVE.","pending","dental",""
"All in one global package tracking | 17TRACK","","feedback@17track.net","https://www.17track.net/en","Process question","Hey,

When a board member asks for a status update on an open violation, how long does it take your team to pull that together?

We've been working on cutting that time down. Happy to show you what we built if it's relevant.


We offer a 7-day free trial. No cost, no contract. You see it running before committing to anything.
Gray Horizons Enterprise

To opt out of future emails, reply with REMOVE.
https://calendly.com/grayhorizonsenterprise/30min","pending","hoa",""
"Orthodontist Fullerton CA Invisalign Braces | MacGinnis Orth","","info@mmbraces.com","https://orthodontistfullerton.com/","Quick question","Hi,

Quick question for you - when a new patient submits a form on your website at 8pm on a Tuesday, what happens to that inquiry?

If it sits until the next morning, research shows 78% of those patients have already booked somewhere else by the time you call back.

We fix that with an automated follow-up system. Three practices we've set this up for saw immediate increases in new patient bookings in the first 30 days.

Worth 20 minutes to see the setup? https://calendly.com/grayhorizonsenterprise/30min.


We offer a 7-day free trial. No cost, no contract. You see it running before committing to anything.
Gray Horizons Enterprise

To opt out of future emails, reply with REMOVE.","pending","dental",""
"3 Best Orthodontists in Fullerton, CA - Expert Recommendatio","","info@potterorthodontics.com","https://threebestrated.com/orthodontists-in-fullerton-ca","Something we built for practices","Hey,

The average dental practice loses 8-12 new patients every month to slow follow-up. A patient submits a form or calls after hours, nobody responds until the next morning, and by then they've booked somewhere else.

At $1,200 average lifetime value per new patient, that's $9,600-$14,400 a month slipping through.

We built a follow-up system that responds to every new patient inquiry immediately - even at 11pm - and keeps them engaged until they're booked. Happy to show you how it works in 20 minutes.

https://calendly.com/grayhorizonsenterprise/30min


We offer a 7-day free trial. No cost, no contract. You see it running before committing to anything.
Gray Horizons Enterprise

To opt out of future emails, reply with REMOVE.","pending","dental",""
"3 Best Orthodontists in Fullerton, CA - Expert Recommendatio","","fullertondentalspecialty@yahoo.com","https://threebestrated.com/orthodontists-in-fullerton-ca","Something we built for practices","Hey,

Most practices have 200-400 patients who called or filled out a form, never booked, and were never followed up with again. That's $240,000-$480,000 in lost lifetime value sitting in a spreadsheet or voicemail box.

We built a reactivation system that reaches back out to those patients automatically and gets them back on the schedule.

I can show you what this looks like for your practice in 20 minutes: https://calendly.com/grayhorizonsenterprise/30min.


We offer a 7-day free trial. No cost, no contract. You see it running before committing to anything.
Gray Horizons Enterprise

To opt out of future emails, reply with REMOVE.","pending","dental",""
"Welcome to Plumbing Works Kenya","","info@plumbingworks.co.ke","https://www.plumbingworks.co.ke/","How do you handle missed calls?","Hey,

Most plumbing companies we work with had no system for job tracking across crews - status updates required calling the tech directly every time.

We fixed that with a system that keeps every job visible from dispatch to close-out without anyone having to chase it down.

I can get you set up in about a week.


We offer a 7-day free trial. No cost, no contract. You see it running before committing to anything.
Gray Horizons Enterprise

To opt out of future emails, reply with REMOVE.
https://calendly.com/grayhorizonsenterprise/30min","pending","plumbing",""
"Hoscec Plumbing Services | Plumbing Company In Nairobi Kenya","","info@hoscecplumbing.co.ke","https://hoscecplumbing.co.ke/","Question for you","Hey,

Post-job follow-up almost never happens in plumbing - no check-in call, no review request, no next service reminder.

We built that entire process into a system that runs automatically after every job closes.

I can show you what it looks like and get it running for your team this week.


We offer a 7-day free trial. No cost, no contract. You see it running before committing to anything.
Gray Horizons Enterprise

To opt out of future emails, reply with REMOVE.
https://calendly.com/grayhorizonsenterprise/30min","pending","plumbing",""
"Allied Plumbers Ltd - Professional Plumbing Services in Keny","","info@alliedplumbers.co.ke","https://www.alliedplumbers.co.ke/","How do you handle missed calls?","Hi,

When you finish a job, what does the follow-up process look like? Is there anything automated that checks in with the customer, or does it depend on the tech remembering to do it?

We've built that whole post-job flow into a system. Happy to show you how it works.


We offer a 7-day free trial. No cost, no contract. You see it running before committing to anything.
Gray Horizons Enterprise

To opt out of future emails, reply with REMOVE.
https://calendly.com/grayhorizonsenterprise/30min","pending","plumbing",""
"Plumbing Services in Nairobi - Cascade Plumbing Company","","info@cascadeplumbers.co.ke","https://www.cascadeplumbers.co.ke/","Quick question","Hi,

Emergency calls are where plumbing companies win or lose customers - the ones who respond fastest get the job.

We built a dispatch system that routes emergency calls to the right tech instantly and keeps the customer updated automatically.

I can walk you through it this week and show you what it looks like running.


We offer a 7-day free trial. No cost, no contract. You see it running before committing to anything.
Gray Horizons Enterprise

To opt out of future emails, reply with REMOVE.
https://calendly.com/grayhorizonsenterprise/30min","pending","plumbing",""
"Mt. Rose HVAC | Reno Heating, Ventilation and Air Conditioni","","kphilippi@mtrosehvac.com","http://www.mtrosehvac.com/","Something we built","Hey,

HVAC companies with a full schedule typically miss 15-20 calls a week during peak season. At an average job value of $450, that's $6,750-$9,000 walking out the door every week.

We set up an automated follow-up system for HVAC shops that catches every missed inquiry and follows up immediately - so the customer hears from you before they book someone else.

Three shops we've set this up for recovered 6-10 jobs in the first month they'd have otherwise lost.

Worth a 20-minute call to see if it fits? https://calendly.com/grayhorizonsenterprise/30min.


We offer a 7-day free trial. No cost, no contract. You see it running before committing to anything.
Gray Horizons Enterprise

To opt out of future emails, reply with REMOVE.","pending","hvac",""
"Mt. Rose HVAC | Reno Heating, Ventilation and Air Conditioni","","estimating@mtrosehvac.com","http://www.mtrosehvac.com/","Question for you","Hi,

The average HVAC company loses $45,000-$120,000 per year to missed and unreturned calls. Most owners don't realize it because there's no system tracking what's being lost.

We fix that. I can show you exactly what it looks like for a shop your size in 20 minutes.

https://calendly.com/grayhorizonsenterprise/30min


We offer a 7-day free trial. No cost, no contract. You see it running before committing to anything.
Gray Horizons Enterprise

To opt out of future emails, reply with REMOVE.","pending","hvac",""
"Mt. Rose HVAC | Reno Heating, Ventilation and Air Conditioni","","d4stats@gmail.com","http://www.mtrosehvac.com/","Something we built","Hey,

HVAC companies with a full schedule typically miss 15-20 calls a week during peak season. At an average job value of $450, that's $6,750-$9,000 walking out the door every week.

We set up an automated follow-up system for HVAC shops that catches every missed inquiry and follows up immediately - so the customer hears from you before they book someone else.

Three shops we've set this up for recovered 6-10 jobs in the first month they'd have otherwise lost.

Worth a 20-minute call to see if it fits? https://calendly.com/grayhorizonsenterprise/30min.


We offer a 7-day free trial. No cost, no contract. You see it running before committing to anything.
Gray Horizons Enterprise

To opt out of future emails, reply with REMOVE.","pending","hvac",""
"Nevada Heating, Cooling, And Plumbing | Reno, NV","","rob.ebersol@goettl.com","https://nevadaheating.com/","Something we built","Hi,

Quick question - when your line is busy or it's after hours and a customer calls about a broken AC or furnace, what happens to that call?

If it goes to voicemail, research shows 80% of those customers book the next company that answers before you call back.

We built a follow-up system that responds to those inquiries automatically and keeps them engaged until your team can get them on the schedule. Happy to show you how it works in 20 minutes.

https://calendly.com/grayhorizonsenterprise/30min


We offer a 7-day free trial. No cost, no contract. You see it running before committing to anything.
Gray Horizons Enterprise

To opt out of future emails, reply with REMOVE.","pending","hvac",""
